"STATION","DATE","LATITUDE","LONGITUDE","ELEVATION","NAME","TEMP","TEMP_ATTRIBUTES","DEWP","DEWP_ATTRIBUTES","SLP","SLP_ATTRIBUTES","STP","STP_ATTRIBUTES","VISIB","VISIB_ATTRIBUTES","WDSP","WDSP_ATTRIBUTES","MXSPD","GUST","MAX","MAX_ATTRIBUTES","MIN","MIN_ATTRIBUTES","PRCP","PRCP_ATTRIBUTES","SNDP","FRSHTT"
"71370099999","2020-01-01","46.55","-72.7333333","110.0","SHAWINIGAN CS QUE, CA","  27.8","24","  24.7","24"," 997.3","24","983.8"," 8","999.9"," 0","  3.4","24","  8.0","999.9","  33.4"," ","  23.5"," "," 0.00","I","999.9","000000"
"71370099999","2020-01-02","46.55","-72.7333333","110.0","SHAWINIGAN CS QUE, CA","  29.0","24","  24.4","24","1004.6","24","990.8"," 8","999.9"," 0","  4.2","24","  8.0","999.9","  33.4"," ","  23.5"," "," 0.00","I","999.9","000000"
"71370099999","2020-01-03","46.55","-72.7333333","110.0","SHAWINIGAN CS QUE, CA","  32.1","24","  30.0","24","1003.5","24","990.0"," 8","999.9"," 0","  2.7","24","  7.0","999.9","  37.2","*","  29.3","*"," 0.00","I","999.9","000000"
"71370099999","2020-01-04","46.55","-72.7333333","110.0","SHAWINIGAN CS QUE, CA","  31.2","24","  26.2","24","1006.7","24","993.1"," 8","999.9"," 0","  4.3","24","  7.0","999.9","  37.2"," ","  27.0"," "," 0.00","A","999.9","000000"
"71370099999","2020-01-05","46.55","-72.7333333","110.0","SHAWINIGAN CS QUE, CA","  21.4","24","  12.9","24","1006.8","24","992.8"," 8","999.9"," 0","  7.2","24"," 11.1"," 18.1","  28.8","*","  15.4","*"," 0.00","I","999.9","000000"
"71370099999","2020-01-06","46.55","-72.7333333","110.0","SHAWINIGAN CS QUE, CA","  12.3","24","   6.2","24","1011.9","24","998.0"," 8","999.9"," 0","  3.7","24","  7.0","999.9","  24.8"," ","   7.3"," "," 0.00","I","999.9","000000"
"71370099999","2020-01-07","46.55","-72.7333333","110.0","SHAWINIGAN CS QUE, CA","  15.2","24","  10.6","24","1012.1","24","998.0"," 8","999.9"," 0","  2.3","24","  8.0","999.9","  24.6"," ","   7.3"," "," 0.00","I","999.9","000000"
"71370099999","2020-01-08","46.55","-72.7333333","110.0","SHAWINIGAN CS QUE, CA","  21.2","24","  17.8","24","1008.6","24","994.9"," 8","999.9"," 0","  3.1","24","  8.0"," 18.1","  27.7","*","  16.3","*"," 0.00","I","999.9","000000"
"71370099999","2020-01-09","46.55","-72.7333333","110.0","SHAWINIGAN CS QUE, CA","   7.0","24","  -4.5","24","1032.0","24","016.5"," 8","999.9"," 0","  6.3","24"," 13.0"," 22.9","  28.0"," ","  -0.8"," "," 0.00","I","999.9","000000"
"71370099999","2020-01-10","46.55","-72.7333333","110.0","SHAWINIGAN CS QUE, CA","  14.1","24","   7.3","24","1027.1","24","013.4"," 8","999.9"," 0","  3.7","24","  7.0","999.9","  29.3","*","   4.6","*"," 0.00","I","999.9","000000"
"71370099999","2020-01-11","46.55","-72.7333333","110.0","SHAWINIGAN CS QUE, CA","  32.1","24","  30.7","24","1017.3","24","003.8"," 8","999.9"," 0","  2.8","24","  9.9"," 15.9","  35.2","*","  28.4","*"," 0.00","I","999.9","000000"
"71370099999","2020-01-12","46.55","-72.7333333","110.0","SHAWINIGAN CS QUE, CA","  15.6","24","  12.2","24","1018.0","24","003.3"," 8","999.9"," 0","  9.6","24"," 14.0"," 21.0","  35.4"," ","  10.2"," "," 0.00","I","999.9","000000"
"71370099999","2020-01-13","46.55","-72.7333333","110.0","SHAWINIGAN CS QUE, CA","   9.0","21","   4.4","21","1032.9","21","018.6"," 7","999.9"," 0","  4.0","21","  7.0","999.9","  17.4"," ","   5.5"," "," 0.00","I","999.9","000000"
"71370099999","2020-01-14","46.55","-72.7333333","110.0","SHAWINIGAN CS QUE, CA","  10.9","24","   6.7","24","1028.6","24","014.8"," 8","999.9"," 0","  2.8","24","  6.0","999.9","  15.8","*","   2.8","*"," 0.00","I","999.9","000000"
"71370099999","2020-01-15","46.55","-72.7333333","110.0","SHAWINIGAN CS QUE, CA","  21.7","24","  17.6","24","1017.5","24","003.7"," 8","999.9"," 0","  3.6","24","  7.0","999.9","  31.1","*","  16.3","*"," 0.00","I","999.9","000000"
"71370099999","2020-01-16","46.55","-72.7333333","110.0","SHAWINIGAN CS QUE, CA","  24.1","24","  19.9","24","1014.8","24","001.0"," 8","999.9"," 0","  4.4","24"," 12.0"," 20.0","  28.9","*","  15.4","*"," 0.00","I","999.9","000000"
"71370099999","2020-01-17","46.55","-72.7333333","110.0","SHAWINIGAN CS QUE, CA","  -0.2","24"," -11.5","24","1034.1","24","018.7"," 8","999.9"," 0","  6.9","24"," 13.0"," 22.0","  26.1"," ","  -8.1"," "," 0.00","I","999.9","000000"
"71370099999","2020-01-18","46.55","-72.7333333","110.0","SHAWINIGAN CS QUE, CA","  -4.6","24"," -12.1","24","1034.4","24","020.6"," 8","999.9"," 0","  2.1","24","  5.1","999.9","   6.3"," "," -12.1"," "," 0.00","I","999.9","000000"
"71370099999","2020-01-19","46.55","-72.7333333","110.0","SHAWINIGAN CS QUE, CA","   6.9","24","   0.8","24","1008.3","24","994.4"," 8","999.9"," 0","  7.6","24","  9.9"," 15.9","  10.6"," "," -12.1"," "," 0.00","I","999.9","000000"
"71370099999","2020-01-20","46.55","-72.7333333","110.0","SHAWINIGAN CS QUE, CA","   4.6","24","  -4.6","24","1021.1","24","006.4"," 8","999.9"," 0","  5.6","24","  8.9"," 15.0","  10.9","*","  -4.5","*"," 0.00","I","999.9","000000"
"71370099999","2020-01-21","46.55","-72.7333333","110.0","SHAWINIGAN CS QUE, CA","  -1.1","24","  -7.1","24","1027.8","24","013.2"," 8","999.9"," 0","  2.8","24","  8.9","999.9","  12.4"," "," -13.0"," "," 0.00","I","999.9","000000"
"71370099999","2020-01-22","46.55","-72.7333333","110.0","SHAWINIGAN CS QUE, CA","  18.1","24","  13.9","24","1024.2","24","010.3"," 8","999.9"," 0","  4.8","24"," 12.0"," 19.0","  27.5","*","  11.5","*"," 0.00","I","999.9","000000"
"71370099999","2020-01-23","46.55","-72.7333333","110.0","SHAWINIGAN CS QUE, CA","  28.6","24","  22.2","24","1023.6","24","009.5"," 8","999.9"," 0","  6.6","24"," 11.1"," 15.9","  32.0"," ","  13.3"," "," 0.00","I","999.9","000000"
"71370099999","2020-01-24","46.55","-72.7333333","110.0","SHAWINIGAN CS QUE, CA","  28.0","24","  22.3","24","1029.9","24","015.8"," 8","999.9"," 0","  3.2","24","  7.0","999.9","  33.4","*","  21.4","*"," 0.00","I","999.9","000000"
"71370099999","2020-01-25","46.55","-72.7333333","110.0","SHAWINIGAN CS QUE, CA","  26.1","24","  21.8","24","1024.8","24","011.3"," 8","999.9"," 0","  5.6","24","  8.0","999.9","  33.8"," ","  20.8"," "," 0.00","I","999.9","000000"
"71370099999","2020-01-26","46.55","-72.7333333","110.0","SHAWINIGAN CS QUE, CA","  31.7","24","  30.7","21","1005.7","24","992.7"," 8","999.9"," 0","  5.2","24","  9.9"," 18.1","  32.5"," ","  22.8"," "," 0.00","I","999.9","000000"
"71370099999","2020-01-27","46.55","-72.7333333","110.0","SHAWINIGAN CS QUE, CA","  32.4","24","  30.4","24"," 999.4","24","985.7"," 8","999.9"," 0","  3.7","24","  8.9","999.9","  35.4","*","  29.3","*"," 0.00","I","999.9","000000"
"71370099999","2020-01-28","46.55","-72.7333333","110.0","SHAWINIGAN CS QUE, CA","  26.5","24","  19.8","24","1007.7","24","993.6"," 8","999.9"," 0","  6.2","24","  9.9"," 15.9","  32.0","*","  20.7","*"," 0.00","I","999.9","000000"
"71370099999","2020-01-29","46.55","-72.7333333","110.0","SHAWINIGAN CS QUE, CA","  13.8","18","   5.0","18","1017.4","18","004.3"," 8","999.9"," 0","  5.6","18"," 10.5"," 18.1","  29.5"," ","   7.3"," "," 0.00","I","999.9","000000"
"71370099999","2020-01-30","46.55","-72.7333333","110.0","SHAWINIGAN CS QUE, CA","  11.3","22","   0.5","22","1027.1","22","012.6"," 8","999.9"," 0","  3.8","22","  6.0","999.9","  22.1","*","   3.4","*"," 0.00","I","999.9","000000"
"71370099999","2020-01-31","46.55","-72.7333333","110.0","SHAWINIGAN CS QUE, CA","   9.5","24","   1.5","24","1025.9","24","011.8"," 8","999.9"," 0","  1.9","24","  4.1","999.9","  25.7","*","  -1.8","*"," 0.00","I","999.9","000000"
"71370099999","2020-02-01","46.55","-72.7333333","110.0","SHAWINIGAN CS QUE, CA","  18.7","24","  12.5","24","1016.9","24","003.5"," 8","999.9"," 0","  1.9","24","  6.0","999.9","  28.4","*","  14.5","*"," 0.00","I","999.9","000000"
"71370099999","2020-02-02","46.55","-72.7333333","110.0","SHAWINIGAN CS QUE, CA","  19.5","23","  16.1","23","1002.2","23","989.2"," 8","999.9"," 0","  1.8","23","  5.1","999.9","  28.6"," ","  12.2"," "," 0.00","I","999.9","000000"
"71370099999","2020-02-03","46.55","-72.7333333","110.0","SHAWINIGAN CS QUE, CA","  24.8","24","  21.4","24","1001.0","24","987.0"," 8","999.9"," 0","  3.5","24","  8.9"," 18.1","  36.3","*","  18.5","*"," 0.00","I","999.9","000000"
"71370099999","2020-02-04","46.55","-72.7333333","110.0","SHAWINIGAN CS QUE, CA","  26.4","23","  20.3","23","1009.4","23","995.9"," 7","999.9"," 0","  1.9","23","  4.1","999.9","  36.5"," ","  18.0"," "," 0.00","I","999.9","000000"
"71370099999","2020-02-05","46.55","-72.7333333","110.0","SHAWINIGAN CS QUE, CA","  17.7","24","   4.1","24","1015.7","24","001.3"," 8","999.9"," 0","  5.6","24"," 11.1"," 18.1","  32.7"," ","   9.7"," "," 0.00","I","999.9","000000"
"71370099999","2020-02-06","46.55","-72.7333333","110.0","SHAWINIGAN CS QUE, CA","  11.0","24","   5.0","24","1013.1","24","999.6"," 8","999.9"," 0","  2.8","24","  6.0","999.9","  21.6"," ","   5.9"," "," 0.00","I","999.9","000000"
"71370099999","2020-02-07","46.55","-72.7333333","110.0","SHAWINIGAN CS QUE, CA","  18.4","24","  15.3","24"," 995.7","24","982.5"," 8","999.9"," 0","  8.3","24"," 14.0"," 24.9","  21.9"," ","   7.0"," "," 0.00","I","999.9","000000"
"71370099999","2020-02-08","46.55","-72.7333333","110.0","SHAWINIGAN CS QUE, CA","   5.5","24","  -4.5","24","1010.1","24","994.6"," 8","999.9"," 0","  6.4","24"," 14.0"," 22.9","  21.9"," ","  -1.7"," "," 0.00","I","999.9","000000"
"71370099999","2020-02-09","46.55","-72.7333333","110.0","SHAWINIGAN CS QUE, CA","  -4.7","24"," -11.8","24","1031.3","24","016.5"," 8","999.9"," 0","  2.7","24","  8.0","999.9","   9.9"," "," -18.4"," "," 0.00","I","999.9","000000"
"71370099999","2020-02-10","46.55","-72.7333333","110.0","SHAWINIGAN CS QUE, CA","  16.5","24","  11.5","24","1019.4","24","005.8"," 8","999.9"," 0","  2.8","24","  5.1","999.9","  29.8","*","   4.1","*"," 0.00","I","999.9","000000"
"71370099999","2020-02-11","46.55","-72.7333333","110.0","SHAWINIGAN CS QUE, CA","  23.1","24","  21.2","24","1015.4","24","001.8"," 8","999.9"," 0","  1.5","24","  4.1","999.9","  31.3"," ","   9.0"," "," 0.00","I","999.9","000000"
"71370099999","2020-02-12","46.55","-72.7333333","110.0","SHAWINIGAN CS QUE, CA","  25.1","22","  20.6","22","1011.0","22","997.1"," 8","999.9"," 0","  5.0","22"," 13.0"," 19.0","  32.4"," ","  14.4"," "," 0.00","I","999.9","000000"
"71370099999","2020-02-13","46.55","-72.7333333","110.0","SHAWINIGAN CS QUE, CA","  17.8","20","  11.0","20","1007.3","20","994.1"," 8","999.9"," 0","  8.0","20"," 12.0"," 22.0","  28.4","*","   4.5","*"," 0.00","I","999.9","000000"
"71370099999","2020-02-14","46.55","-72.7333333","110.0","SHAWINIGAN CS QUE, CA","  -3.8","24"," -17.4","24","1023.7","24","008.3"," 8","999.9"," 0","  6.9","24"," 11.1"," 19.0","   4.5","*"," -11.9","*"," 0.00","I","999.9","000000"
"71370099999","2020-02-15","46.55","-72.7333333","110.0","SHAWINIGAN CS QUE, CA","  -3.7","24"," -11.0","24","1031.0","24","016.8"," 8","999.9"," 0","  4.4","24"," 11.1"," 18.1","  14.7","*"," -17.5","*"," 0.00","I","999.9","000000"
"71370099999","2020-02-16","46.55","-72.7333333","110.0","SHAWINIGAN CS QUE, CA","  22.0","24","  17.0","24","1013.9","24","000.3"," 8","999.9"," 0","  6.5","24","  8.9","999.9","  32.4","*","  13.5","*"," 0.00","I","999.9","000000"
"71370099999","2020-02-17","46.55","-72.7333333","110.0","SHAWINIGAN CS QUE, CA","  17.3","24","   5.5","24","1021.6","24","006.9"," 8","999.9"," 0","  5.5","24","  8.0","999.9","  32.5"," ","   5.2"," "," 0.00","I","999.9","000000"
"71370099999","2020-02-18","46.55","-72.7333333","110.0","SHAWINIGAN CS QUE, CA","   5.1","24","  -0.3","24","1025.7","24","012.2"," 8","999.9"," 0","  3.5","24","  8.0","999.9","  22.3"," ","  -8.0"," "," 0.00","I","999.9","000000"
"71370099999","2020-02-19","46.55","-72.7333333","110.0","SHAWINIGAN CS QUE, CA","  23.7","24","  12.7","24","1013.7","24","999.2"," 8","999.9"," 0","  7.7","24"," 14.0"," 27.0","  34.5","*","  11.5","*"," 0.00","I","999.9","000000"
"71370099999","2020-02-20","46.55","-72.7333333","110.0","SHAWINIGAN CS QUE, CA","   0.2","24"," -11.6","24","1029.1","24","014.4"," 8","999.9"," 0","  3.6","24","  7.0","999.9","   9.7","*"," -14.3","*"," 0.00","I","999.9","000000"
"71370099999","2020-02-21","46.55","-72.7333333","110.0","SHAWINIGAN CS QUE, CA","  -0.7","24","  -8.4","24","1027.4","24","013.4"," 8","999.9"," 0","  4.4","24"," 13.0"," 22.9","  22.6","*"," -16.8","*"," 0.00","I","999.9","000000"
"71370099999","2020-02-22","46.55","-72.7333333","110.0","SHAWINIGAN CS QUE, CA","  25.2","23","  16.7","23","1014.8","23","000.9"," 7","999.9"," 0","  8.4","23"," 12.0"," 20.0","  33.3","*","  18.3","*"," 0.00","I","999.9","000000"
"71370099999","2020-02-23","46.55","-72.7333333","110.0","SHAWINIGAN CS QUE, CA","  28.2","24","  22.5","24","1015.4","24","001.6"," 8","999.9"," 0","  6.3","24","  9.9","999.9","  37.6","*","  19.9","*"," 0.00","I","999.9","000000"
"71370099999","2020-02-24","46.55","-72.7333333","110.0","SHAWINIGAN CS QUE, CA","  31.2","24","  24.4","24","1011.1","24","997.5"," 8","999.9"," 0","  4.4","24"," 12.0"," 16.9","  43.3","*","  20.1","*"," 0.24","A","999.9","000000"
"71370099999","2020-02-25","46.55","-72.7333333","110.0","SHAWINIGAN CS QUE, CA","  31.6","24","  23.6","24","1014.2","24","000.3"," 8","999.9"," 0","  3.5","24","  7.0","999.9","  43.5"," ","  19.9"," "," 0.47","A","999.9","000000"
"71370099999","2020-02-26","46.55","-72.7333333","110.0","SHAWINIGAN CS QUE, CA","  28.9","24","  16.5","24","1018.4","24","004.7"," 8","999.9"," 0","  6.4","24","  9.9","999.9","  39.9"," ","  21.2"," "," 0.00","A","999.9","000000"
"71370099999","2020-02-27","46.55","-72.7333333","110.0","SHAWINIGAN CS QUE, CA","  29.8","24","  24.8","23","1001.4","24","988.9"," 8","999.9"," 0"," 13.9","24"," 21.0"," 35.0","  36.9"," ","  21.2"," "," 0.00","I","999.9","000000"
"71370099999","2020-02-28","46.55","-72.7333333","110.0","SHAWINIGAN CS QUE, CA","  15.3","24","  10.7","24"," 996.7","24","982.4"," 8","999.9"," 0","  9.0","24"," 12.0"," 16.9","  32.5"," ","  11.7"," "," 0.00","I","999.9","000000"
"71370099999","2020-02-29","46.55","-72.7333333","110.0","SHAWINIGAN CS QUE, CA","   9.7","24","   4.4","24","1006.7","24","992.4"," 8","999.9"," 0","  3.2","24","  8.0","999.9","  17.2","*","   1.2","*"," 0.00","I","999.9","000000"
"71370099999","2020-03-01","46.55","-72.7333333","110.0","SHAWINIGAN CS QUE, CA","  15.4","24","   7.6","24","1015.3","24","000.9"," 8","999.9"," 0","  4.5","24","  8.0","999.9","  22.5"," ","   0.5"," "," 0.00","I","999.9","000000"
"71370099999","2020-03-02","46.55","-72.7333333","110.0","SHAWINIGAN CS QUE, CA","  13.6","24","   8.2","24","1012.7","24","999.3"," 8","999.9"," 0","  3.2","24","  6.0","999.9","  26.1","*","   1.9","*"," 0.00","I","999.9","000000"
"71370099999","2020-03-03","46.55","-72.7333333","110.0","SHAWINIGAN CS QUE, CA","  28.4","24","  26.8","23","1003.9","24","990.3"," 8","999.9"," 0","  2.0","24","  5.1","999.9","  35.4","*","  24.4","*"," 0.00","I","999.9","000000"
"71370099999","2020-03-04","46.55","-72.7333333","110.0","SHAWINIGAN CS QUE, CA","  35.0","24","  30.1","24"," 992.9","24","979.4"," 8","999.9"," 0","  7.3","24"," 12.0"," 21.0","  37.4"," ","  24.1"," "," 0.71","C","999.9","000000"
"71370099999","2020-03-05","46.55","-72.7333333","110.0","SHAWINIGAN CS QUE, CA","  30.0","24","  17.5","24","1011.6","24","997.2"," 8","999.9"," 0","  4.3","24","  8.0","999.9","  39.4","*","  21.4","*"," 0.00","I","999.9","000000"
"71370099999","2020-03-06","46.55","-72.7333333","110.0","SHAWINIGAN CS QUE, CA","  30.3","24","  18.6","24","1020.0","24","006.0"," 8","999.9"," 0","  6.1","24"," 11.1"," 19.0","  39.9"," ","  20.8"," "," 0.03","A","999.9","000000"
"71370099999","2020-03-07","46.55","-72.7333333","110.0","SHAWINIGAN CS QUE, CA","  21.3","24","   2.8","24","1025.8","24","011.7"," 8","999.9"," 0","  6.9","24","  9.9"," 16.9","  34.9","*","  10.9","*"," 0.00","I","999.9","000000"
"71370099999","2020-03-08","46.55","-72.7333333","110.0","SHAWINIGAN CS QUE, CA","  29.2","24","  15.1","24","1023.2","24","009.4"," 8","999.9"," 0","  5.0","24","  8.9","999.9","  41.0"," ","  10.4"," "," 0.00","I","999.9","000000"
"71370099999","2020-03-09","46.55","-72.7333333","110.0","SHAWINIGAN CS QUE, CA","  29.9","24","  23.9","24","1020.8","24","006.9"," 8","999.9"," 0","  5.0","24","  9.9"," 15.9","  41.0"," ","  22.3"," "," 0.00","A","999.9","000000"
"71370099999","2020-03-10","46.55","-72.7333333","110.0","SHAWINIGAN CS QUE, CA","  27.7","24","  25.6","24","1014.2","24","000.9"," 8","999.9"," 0","  3.7","24","  8.9","999.9","  37.2","*","  22.3","*"," 0.00","I","999.9","000000"
"71370099999","2020-03-11","46.55","-72.7333333","110.0","SHAWINIGAN CS QUE, CA","  26.9","19","  14.6","19","1018.5","19","004.4"," 7","999.9"," 0","  7.3","19"," 11.1"," 20.0","  37.2"," ","  16.7"," "," 0.00","I","999.9","000000"
"71370099999","2020-03-12","46.55","-72.7333333","110.0","SHAWINIGAN CS QUE, CA","  20.8","24","  10.3","24","1023.1","24","009.0"," 8","999.9"," 0","  3.3","24","  7.0","999.9","  32.2","*","  12.0","*"," 0.00","I","999.9","000000"
"71370099999","2020-03-13","46.55","-72.7333333","110.0","SHAWINIGAN CS QUE, CA","  33.2","19","  27.0","19","1008.9","19","996.3"," 6","999.9"," 0","  6.9","19"," 13.0"," 22.0","  42.3","*","  27.7","*"," 0.00","I","999.9","000000"
"71370099999","2020-03-14","46.55","-72.7333333","110.0","SHAWINIGAN CS QUE, CA","  34.1","16","  19.6","16","1015.7","16","000.3"," 5","999.9"," 0"," 10.2","16"," 13.0"," 23.9","  43.2"," ","  28.4"," "," 0.43","A","999.9","000000"
"71370099999","2020-03-15","46.55","-72.7333333","110.0","SHAWINIGAN CS QUE, CA","  21.1","24","   4.3","24","1033.5","24","019.0"," 8","999.9"," 0","  8.2","24"," 11.1"," 19.0","  36.9"," ","  14.4"," "," 0.00","I","999.9","000000"
"71370099999","2020-03-16","46.55","-72.7333333","110.0","SHAWINIGAN CS QUE, CA","  16.2","24","  -2.4","24","1037.2","24","023.3"," 8","999.9"," 0","  3.4","24","  7.0","999.9","  28.4"," ","   3.2"," "," 0.00","I","999.9","000000"
"71370099999","2020-03-17","46.55","-72.7333333","110.0","SHAWINIGAN CS QUE, CA","  28.6","24","  22.2","23","1017.0","24","003.8"," 8","999.9"," 0","  6.7","24"," 12.0"," 20.0","  36.0","*","  22.3","*"," 0.00","I","999.9","000000"
"71370099999","2020-03-18","46.55","-72.7333333","110.0","SHAWINIGAN CS QUE, CA","  27.7","24","  14.7","24","1026.8","24","012.1"," 8","999.9"," 0","  4.9","24","  9.9","999.9","  36.5"," ","  18.5"," "," 0.08","A","999.9","000000"
"71370099999","2020-03-19","46.55","-72.7333333","110.0","SHAWINIGAN CS QUE, CA","  32.2","24","  17.6","24","1028.6","24","014.9"," 8","999.9"," 0","  4.3","24","  8.0"," 15.0","  40.8","*","  26.8","*"," 0.00","I","999.9","000000"
"71370099999","2020-03-20","46.55","-72.7333333","110.0","SHAWINIGAN CS QUE, CA","  37.1","24","  33.4","24","1008.1","23","994.9"," 8","999.9"," 0","  4.4","24"," 11.1"," 19.0","  48.2","*","  32.9","*"," 0.19","G","999.9","000000"
"71370099999","2020-03-21","46.55","-72.7333333","110.0","SHAWINIGAN CS QUE, CA","  22.0","24","   5.2","24","1023.5","24","008.2"," 8","999.9"," 0"," 10.5","24"," 15.9"," 27.0","  49.6"," ","  10.6"," "," 0.72","G","999.9","000000"
"71370099999","2020-03-22","46.55","-72.7333333","110.0","SHAWINIGAN CS QUE, CA","  15.8","24","  -0.2","24","1039.7","24","025.0"," 8","999.9"," 0","  3.3","24","  7.0","999.9","  28.0","*","   4.6","*"," 0.00","G","999.9","000000"
"71370099999","2020-03-23","46.55","-72.7333333","110.0","SHAWINIGAN CS QUE, CA","  20.6","24","   9.5","24","1033.6","24","020.2"," 8","999.9"," 0","  4.5","24","  9.9"," 15.0","  34.0","*","   7.9","*"," 0.00","I","999.9","000000"
"71370099999","2020-03-24","46.55","-72.7333333","110.0","SHAWINIGAN CS QUE, CA","  34.0","24","  27.2","24","1020.8","24","007.0"," 8","999.9"," 0","  3.2","24","  7.0","999.9","  42.1","*","  29.7","*"," 0.00","I","999.9","000000"
"71370099999","2020-03-25","46.55","-72.7333333","110.0","SHAWINIGAN CS QUE, CA","  32.0","24","  24.5","24","1021.4","24","007.8"," 8","999.9"," 0","  3.3","24","  8.0","999.9","  42.3"," ","  20.8"," "," 0.00","A","999.9","000000"
"71370099999","2020-03-26","46.55","-72.7333333","110.0","SHAWINIGAN CS QUE, CA","  37.5","23","  26.9","23","1013.5","23","000.4"," 8","999.9"," 0","  2.6","23","  7.0","999.9","  42.4"," ","  20.8"," "," 0.00","G","999.9","000000"
"71370099999","2020-03-27","46.55","-72.7333333","110.0","SHAWINIGAN CS QUE, CA","  37.9","24","  27.6","24","1008.6","24","994.6"," 8","999.9"," 0","  7.6","24"," 13.0"," 22.0","  44.2","*","  34.0","*"," 0.11","G","999.9","000000"
"71370099999","2020-03-28","46.55","-72.7333333","110.0","SHAWINIGAN CS QUE, CA","  33.1","24","  15.1","24","1019.9","24","005.9"," 8","999.9"," 0","  3.1","24","  7.0","999.9","  44.4"," ","  21.0"," "," 0.06","G","999.9","000000"
"71370099999","2020-03-29","46.55","-72.7333333","110.0","SHAWINIGAN CS QUE, CA","  36.0","24","  21.9","24","1019.3","24","005.8"," 8","999.9"," 0","  4.9","24"," 11.1"," 18.1","  42.6"," ","  21.0"," "," 0.00","G","999.9","000000"
"71370099999","2020-03-30","46.55","-72.7333333","110.0","SHAWINIGAN CS QUE, CA","  33.6","24","  32.0","24","1014.4","24","000.6"," 8","999.9"," 0","  9.7","24"," 13.0"," 21.0","  34.5","*","  31.1","*"," 0.67","C","999.9","000000"
"71370099999","2020-03-31","46.55","-72.7333333","110.0","SHAWINIGAN CS QUE, CA","  36.2","23","  22.9","23","1021.3","23","007.4"," 8","999.9"," 0","  6.4","23","  9.9"," 16.9","  43.5","*","  32.0","*"," 0.00","C","999.9","000000"
"71370099999","2020-04-01","46.55","-72.7333333","110.0","SHAWINIGAN CS QUE, CA","  35.2","24","  25.4","24","1016.0","24","002.6"," 8","999.9"," 0","  3.6","24","  6.0","999.9","  45.3"," ","  29.8"," "," 0.00","B","999.9","000000"
"71370099999","2020-04-02","46.55","-72.7333333","110.0","SHAWINIGAN CS QUE, CA","  36.1","24","  32.2","24","1010.8","24","997.5"," 8","999.9"," 0","  6.6","24"," 13.0"," 18.1","  41.0"," ","  30.6"," "," 0.04","C","999.9","000000"
"71370099999","2020-04-03","46.55","-72.7333333","110.0","SHAWINIGAN CS QUE, CA","  44.1","23","  36.6","23","1013.4","23","999.4"," 8","999.9"," 0","  9.2","23"," 15.0"," 22.0","  50.0","*","  38.3","*"," 0.47","G","999.9","000000"
"71370099999","2020-04-04","46.55","-72.7333333","110.0","SHAWINIGAN CS QUE, CA","  40.6","24","  31.1","24","1018.4","24","004.9"," 8","999.9"," 0","  5.4","24","  8.0","999.9","  48.6","*","  34.7","*"," 0.00","G","999.9","000000"
"71370099999","2020-04-05","46.55","-72.7333333","110.0","SHAWINIGAN CS QUE, CA","  38.9","24","  33.1","24","1015.0","24","001.5"," 8","999.9"," 0","  2.4","24","  7.0","999.9","  48.6"," ","  34.7"," "," 0.01","G","999.9","000000"
"71370099999","2020-04-06","46.55","-72.7333333","110.0","SHAWINIGAN CS QUE, CA","  37.9","22","  24.4","22","1014.3","22","000.5"," 8","999.9"," 0","  4.3","22"," 13.0"," 21.0","  49.3"," ","  26.1"," "," 0.03","G","999.9","000000"
"71370099999","2020-04-07","46.55","-72.7333333","110.0","SHAWINIGAN CS QUE, CA","  36.6","23","  19.0","23","1011.0","23","997.6"," 7","999.9"," 0","  3.5","23","  7.0","999.9","  50.5"," ","  26.1"," "," 0.00","G","999.9","000000"
"71370099999","2020-04-08","46.55","-72.7333333","110.0","SHAWINIGAN CS QUE, CA","  35.3","23","  17.7","23","1005.2","23","991.8"," 8","999.9"," 0","  4.1","23","  7.0","999.9","  46.6"," ","  26.1"," "," 0.00","B","999.9","000000"
"71370099999","2020-04-09","46.55","-72.7333333","110.0","SHAWINIGAN CS QUE, CA","  33.7","24","  22.6","24"," 995.9","24","983.3"," 8","999.9"," 0","  6.8","24"," 12.0"," 19.0","  43.9"," ","  26.1"," "," 0.00","A","999.9","000000"
"71370099999","2020-04-10","46.55","-72.7333333","110.0","SHAWINIGAN CS QUE, CA","  35.0","24","  30.9","24"," 987.1","24","973.4"," 8","999.9"," 0","  8.2","24"," 12.0"," 22.0","  42.6","*","  31.1","*"," 0.20","A","999.9","000000"
"71370099999","2020-04-11","46.55","-72.7333333","110.0","SHAWINIGAN CS QUE, CA","  37.0","24","  22.6","24","1001.6","24","987.5"," 8","999.9"," 0","  6.9","24","  8.9"," 21.0","  43.0"," ","  31.3"," "," 0.00","C","999.9","000000"
"71370099999","2020-04-12","46.55","-72.7333333","110.0","SHAWINIGAN CS QUE, CA","  38.1","24","  25.2","24","1014.0","24","000.0"," 8","999.9"," 0","  6.4","24"," 15.9"," 24.9","  52.5","*","  27.3","*"," 0.00","B","999.9","000000"
"71370099999","2020-04-13","46.55","-72.7333333","110.0","SHAWINIGAN CS QUE, CA","  42.7","24","  37.1","23","1006.3","23","993.2"," 8","999.9"," 0","  4.5","24","  8.9"," 16.9","  52.9"," ","  27.1"," "," 0.55","G","999.9","000000"
"71370099999","2020-04-14","46.55","-72.7333333","110.0","SHAWINIGAN CS QUE, CA","  41.4","24","  23.9","23","1005.9","24","991.4"," 8","999.9"," 0"," 10.4","24"," 15.0"," 26.0","  50.7"," ","  34.5"," "," 0.91","G","999.9","000000"
"71370099999","2020-04-15","46.55","-72.7333333","110.0","SHAWINIGAN CS QUE, CA","  34.7","24","  21.1","24","1009.7","24","996.2"," 8","999.9"," 0","  6.8","24"," 12.0"," 21.0","  45.7"," ","  30.9"," "," 0.05","G","999.9","000000"
"71370099999","2020-04-16","46.55","-72.7333333","110.0","SHAWINIGAN CS QUE, CA","  30.9","24","  14.8","24","1012.5","24","998.6"," 8","999.9"," 0","  5.5","24"," 12.0"," 16.9","  40.5"," ","  22.5"," "," 0.00","G","999.9","000000"
"71370099999","2020-04-17","46.55","-72.7333333","110.0","SHAWINIGAN CS QUE, CA","  32.5","24","  13.6","24","1015.0","24","001.2"," 8","999.9"," 0","  5.4","24"," 11.1"," 19.0","  40.3","*","  24.6","*"," 0.01","B","999.9","000000"
"71370099999","2020-04-18","46.55","-72.7333333","110.0","SHAWINIGAN CS QUE, CA","  33.3","24","  16.9","24","1011.5","24","998.1"," 8","999.9"," 0","  4.2","24","  9.9"," 15.9","  46.0","*","  19.4","*"," 0.00","B","999.9","000000"
"71370099999","2020-04-19","46.55","-72.7333333","110.0","SHAWINIGAN CS QUE, CA","  38.5","24","  29.4","24","1002.6","24","989.5"," 8","999.9"," 0","  6.7","24"," 13.0"," 18.1","  46.9"," ","  19.4"," "," 0.04","C","999.9","000000"
"71370099999","2020-04-20","46.55","-72.7333333","110.0","SHAWINIGAN CS QUE, CA","  30.2","24","  17.1","24","1006.3","24","992.5"," 8","999.9"," 0","  5.8","24"," 15.9"," 22.9","  45.5"," ","  20.3"," "," 0.12","A","999.9","000000"
"71370099999","2020-04-21","46.55","-72.7333333","110.0","SHAWINIGAN CS QUE, CA","  33.4","24","  23.6","24"," 997.8","24","984.7"," 8","999.9"," 0","  5.6","24"," 14.0"," 24.9","  45.1"," ","  20.3"," "," 0.16","B","999.9","000000"
"71370099999","2020-04-22","46.55","-72.7333333","110.0","SHAWINIGAN CS QUE, CA","  28.2","24","  14.9","24"," 999.2","24","985.2"," 8","999.9"," 0","  7.8","24"," 14.0"," 24.9","  45.1"," ","  20.3"," "," 0.08","A","999.9","000000"
"71370099999","2020-04-23","46.55","-72.7333333","110.0","SHAWINIGAN CS QUE, CA","  30.2","24","   3.3","24","1011.1","24","997.1"," 8","999.9"," 0","  7.9","24"," 11.1"," 19.0","  43.3","*","  19.8","*"," 0.00","I","999.9","000000"
"71370099999","2020-04-24","46.55","-72.7333333","110.0","SHAWINIGAN CS QUE, CA","  36.4","23","   5.2","23","1013.5","23","000.1"," 8","999.9"," 0","  3.8","23","  6.0","999.9","  51.4","*","  22.5","*"," 0.00","B","999.9","000000"
"71370099999","2020-04-25","46.55","-72.7333333","110.0","SHAWINIGAN CS QUE, CA","  43.1","24","   6.1","24","1016.0","24","002.1"," 8","999.9"," 0","  4.5","24","  7.0","999.9","  56.5","*","  30.7","*"," 0.00","C","999.9","000000"
"71370099999","2020-04-26","46.55","-72.7333333","110.0","SHAWINIGAN CS QUE, CA","  43.7","24","  13.8","24","1020.9","24","007.2"," 8","999.9"," 0","  5.4","24"," 11.1"," 16.9","  56.5"," ","  30.2"," "," 0.00","C","999.9","000000"
"71370099999","2020-04-27","46.55","-72.7333333","110.0","SHAWINIGAN CS QUE, CA","  44.3","24","  14.2","24","1020.6","24","006.9"," 8","999.9"," 0","  9.0","24"," 14.0"," 21.0","  56.5"," ","  30.2"," "," 0.00","G","999.9","000000"
"71370099999","2020-04-28","46.55","-72.7333333","110.0","SHAWINIGAN CS QUE, CA","  45.4","24","  20.8","24","1021.1","24","007.4"," 8","999.9"," 0","  4.3","24","  8.0"," 15.0","  55.8","*","  35.4","*"," 0.00","G","999.9","000000"
"71370099999","2020-04-29","46.55","-72.7333333","110.0","SHAWINIGAN CS QUE, CA","  46.7","24","  25.7","24","1023.7","24","010.1"," 8","999.9"," 0","  5.5","24"," 11.1"," 16.9","  61.2","*","  31.6","*"," 0.00","G","999.9","000000"
"71370099999","2020-04-30","46.55","-72.7333333","110.0","SHAWINIGAN CS QUE, CA","  46.3","24","  36.4","24","1019.7","24","006.4"," 8","999.9"," 0","  5.8","24","  9.9"," 15.9","  61.7"," ","  31.5"," "," 0.21","G","999.9","000000"
"71370099999","2020-05-01","46.55","-72.7333333","110.0","SHAWINIGAN CS QUE, CA","  46.9","24","  44.0","24","1008.3","24","995.3"," 8","999.9"," 0","  5.4","24"," 15.0"," 23.9","  56.7"," ","  42.1"," "," 1.09","G","999.9","000000"
"71370099999","2020-05-02","46.55","-72.7333333","110.0","SHAWINIGAN CS QUE, CA","  48.6","24","  31.4","24","1010.6","24","997.1"," 8","999.9"," 0","  4.8","24","  8.9"," 15.0","  63.3","*","  34.5","*"," 0.00","G","999.9","000000"
"71370099999","2020-05-03","46.55","-72.7333333","110.0","SHAWINIGAN CS QUE, CA","  52.2","24","  39.4","24","1004.1","24","991.2"," 8","999.9"," 0","  3.0","24","  8.9"," 16.9","  64.4"," ","  33.1"," "," 0.02","G","999.9","000000"
"71370099999","2020-05-04","46.55","-72.7333333","110.0","SHAWINIGAN CS QUE, CA","  47.0","24","  38.2","24","1003.6","24","990.1"," 8","999.9"," 0","  6.9","24"," 12.0"," 21.0","  65.1"," ","  43.2"," "," 0.19","G","999.9","000000"
"71370099999","2020-05-05","46.55","-72.7333333","110.0","SHAWINIGAN CS QUE, CA","  42.2","24","  27.6","24","1010.9","24","997.2"," 8","999.9"," 0","  8.7","24"," 12.0"," 21.0","  51.8","*","  34.5","*"," 0.00","G","999.9","000000"
"71370099999","2020-05-06","46.55","-72.7333333","110.0","SHAWINIGAN CS QUE, CA","  46.2","24","  21.6","24","1012.6","24","999.2"," 8","999.9"," 0","  5.3","24","  8.0"," 15.0","  56.1","*","  35.2","*"," 0.00","G","999.9","000000"
"71370099999","2020-05-07","46.55","-72.7333333","110.0","SHAWINIGAN CS QUE, CA","  46.5","24","  19.3","24","1006.2","24","993.1"," 8","999.9"," 0","  4.5","24","  9.9"," 16.9","  57.7","*","  31.8","*"," 0.00","G","999.9","000000"
"71370099999","2020-05-08","46.55","-72.7333333","110.0","SHAWINIGAN CS QUE, CA","  37.2","24","  19.9","24","1005.0","24","991.4"," 8","999.9"," 0","  8.4","24"," 15.0"," 23.9","  58.6"," ","  29.3"," "," 0.00","C","999.9","000000"
"71370099999","2020-05-09","46.55","-72.7333333","110.0","SHAWINIGAN CS QUE, CA","  36.1","24","  13.7","24","1003.2","24","989.7"," 8","999.9"," 0","  8.1","24"," 12.0"," 22.9","  45.1"," ","  29.3"," "," 0.00","C","999.9","000000"
"71370099999","2020-05-10","46.55","-72.7333333","110.0","SHAWINIGAN CS QUE, CA","  38.0","24","  18.4","24","1007.0","24","993.3"," 8","999.9"," 0"," 10.1","24"," 15.9"," 22.9","  45.7"," ","  30.9"," "," 0.00","C","999.9","000000"
"71370099999","2020-05-11","46.55","-72.7333333","110.0","SHAWINIGAN CS QUE, CA","  42.0","24","  24.3","24","1009.6","24","996.0"," 8","999.9"," 0","  4.6","24"," 11.1","999.9","  51.6","*","  34.2","*"," 0.00","G","999.9","000000"
"71370099999","2020-05-12","46.55","-72.7333333","110.0","SHAWINIGAN CS QUE, CA","  38.9","24","   9.3","24","1012.0","24","998.2"," 8","999.9"," 0","  8.5","24"," 11.1"," 22.9","  52.3"," ","  29.3"," "," 0.00","G","999.9","000000"
"71370099999","2020-05-13","46.55","-72.7333333","110.0","SHAWINIGAN CS QUE, CA","  41.8","24","  10.8","24","1019.0","24","005.1"," 8","999.9"," 0","  6.5","24","  9.9"," 22.0","  55.6","*","  30.4","*"," 0.00","B","999.9","000000"
"71370099999","2020-05-14","46.55","-72.7333333","110.0","SHAWINIGAN CS QUE, CA","  49.6","24","  14.8","24","1020.9","24","007.5"," 8","999.9"," 0","  5.5","24","  9.9"," 15.0","  64.8","*","  32.9","*"," 0.00","G","999.9","000000"
"71370099999","2020-05-15","46.55","-72.7333333","110.0","SHAWINIGAN CS QUE, CA","  51.2","24","  38.5","24","1013.4","24","000.3"," 8","999.9"," 0","  5.2","24","  9.9"," 18.1","  65.5"," ","  34.0"," "," 0.17","G","999.9","000000"
"71370099999","2020-05-16","46.55","-72.7333333","110.0","SHAWINIGAN CS QUE, CA","  53.9","24","  42.7","24","1015.3","24","001.4"," 8","999.9"," 0","  5.3","24","  8.0","999.9","  65.3"," ","  45.0"," "," 0.05","G","999.9","000000"
"71370099999","2020-05-17","46.55","-72.7333333","110.0","SHAWINIGAN CS QUE, CA","  57.3","24","  35.0","24","1023.7","24","010.1"," 8","999.9"," 0","  4.8","24","  8.9"," 16.9","  67.3","*","  44.2","*"," 0.00","G","999.9","000000"
"71370099999","2020-05-18","46.55","-72.7333333","110.0","SHAWINIGAN CS QUE, CA","  53.8","24","  16.2","24","1025.4","24","011.7"," 8","999.9"," 0","  6.9","24","  9.9"," 19.0","  68.4"," ","  42.4"," "," 0.00","G","999.9","000000"
"71370099999","2020-05-19","46.55","-72.7333333","110.0","SHAWINIGAN CS QUE, CA","  54.1","24","  22.1","24","1029.8","24","016.0"," 8","999.9"," 0","  6.8","24"," 11.1"," 18.1","  65.5","*","  43.2","*"," 0.00","G","999.9","000000"
"71370099999","2020-05-20","46.55","-72.7333333","110.0","SHAWINIGAN CS QUE, CA","  58.5","24","  26.4","24","1029.6","24","016.1"," 8","999.9"," 0","  4.2","24","  8.9","999.9","  75.4","*","  39.7","*"," 0.00","G","999.9","000000"
"71370099999","2020-05-21","46.55","-72.7333333","110.0","SHAWINIGAN CS QUE, CA","  66.0","24","  32.7","24","1022.8","24","009.8"," 8","999.9"," 0","  6.0","24"," 11.1"," 20.0","  82.8","*","  48.2","*"," 0.00","G","999.9","000000"
"71370099999","2020-05-22","46.55","-72.7333333","110.0","SHAWINIGAN CS QUE, CA","  69.0","24","  35.8","24","1015.2","24","002.2"," 8","999.9"," 0","  5.1","24","  8.9"," 15.0","  83.7","*","  53.2","*"," 0.00","G","999.9","000000"
"71370099999","2020-05-23","46.55","-72.7333333","110.0","SHAWINIGAN CS QUE, CA","  60.3","24","  24.3","24","1020.4","24","006.7"," 8","999.9"," 0","  7.4","24"," 11.1"," 19.0","  84.6"," ","  49.5"," "," 0.00","G","999.9","000000"
"71370099999","2020-05-24","46.55","-72.7333333","110.0","SHAWINIGAN CS QUE, CA","  58.4","24","  28.1","24","1022.5","24","009.2"," 8","999.9"," 0","  5.3","24","  8.0","999.9","  76.5","*","  44.1","*"," 0.00","G","999.9","000000"
"71370099999","2020-05-25","46.55","-72.7333333","110.0","SHAWINIGAN CS QUE, CA","  63.6","24","  47.6","24","1018.6","24","005.4"," 8","999.9"," 0","  3.3","24","  7.0","999.9","  76.6"," ","  43.9"," "," 0.00","G","999.9","000000"
"71370099999","2020-05-26","46.55","-72.7333333","110.0","SHAWINIGAN CS QUE, CA","  70.0","24","  60.9","24","1018.4","24","005.2"," 8","999.9"," 0","  4.4","24","  9.9","999.9","  86.0"," ","  54.7"," "," 0.00","G","999.9","000000"
"71370099999","2020-05-27","46.55","-72.7333333","110.0","SHAWINIGAN CS QUE, CA","  76.3","24","  65.9","24","1017.6","24","004.4"," 8","999.9"," 0","  4.1","24","  9.9"," 15.9","  92.7","*","  64.9","*"," 0.06","G","999.9","000000"
"71370099999","2020-05-28","46.55","-72.7333333","110.0","SHAWINIGAN CS QUE, CA","  79.1","24","  62.2","24","1015.0","24","002.1"," 8","999.9"," 0","  7.2","24"," 15.0"," 22.9","  93.6"," ","  64.4"," "," 0.00","G","999.9","000000"
"71370099999","2020-05-29","46.55","-72.7333333","110.0","SHAWINIGAN CS QUE, CA","  77.0","24","  62.9","24","1007.9","24","995.2"," 8","999.9"," 0"," 10.4","24"," 15.0"," 22.9","  87.1"," ","  69.1"," "," 0.01","G","999.9","000000"
"71370099999","2020-05-30","46.55","-72.7333333","110.0","SHAWINIGAN CS QUE, CA","  63.2","24","  52.9","23","1005.8","24","992.6"," 8","999.9"," 0","  6.9","24"," 11.1"," 19.0","  87.6"," ","  51.8"," "," 0.70","G","999.9","000000"
"71370099999","2020-05-31","46.55","-72.7333333","110.0","SHAWINIGAN CS QUE, CA","  44.7","24","  31.7","24","1015.6","24","001.7"," 8","999.9"," 0","  7.6","24"," 11.1"," 22.0","  52.9","*","  38.3","*"," 0.48","G","999.9","000000"
"71370099999","2020-06-01","46.55","-72.7333333","110.0","SHAWINIGAN CS QUE, CA","  44.9","24","  34.5","24","1018.9","24","005.5"," 8","999.9"," 0","  3.1","24","  8.0","999.9","  55.9","*","  34.5","*"," 0.02","G","999.9","000000"
"71370099999","2020-06-02","46.55","-72.7333333","110.0","SHAWINIGAN CS QUE, CA","  49.0","24","  36.8","24","1014.9","24","001.8"," 8","999.9"," 0","  3.4","24","  8.0","999.9","  61.3"," ","  34.0"," "," 0.00","G","999.9","000000"
"71370099999","2020-06-03","46.55","-72.7333333","110.0","SHAWINIGAN CS QUE, CA","  55.6","24","  47.6","24","1003.4","24","990.6"," 8","999.9"," 0","  4.4","24","  9.9"," 15.0","  62.8","*","  50.4","*"," 0.00","G","999.9","000000"
"71370099999","2020-06-04","46.55","-72.7333333","110.0","SHAWINIGAN CS QUE, CA","  61.1","21","  46.8","21","1003.7","21","989.7"," 6","999.9"," 0","  5.0","21","  9.9"," 18.1","  75.7","*","  49.1","*"," 0.00","G","999.9","000000"
"71370099999","2020-06-05","46.55","-72.7333333","110.0","SHAWINIGAN CS QUE, CA","  67.1","24","  46.1","24","1008.1","24","994.9"," 8","999.9"," 0","  3.9","24","  8.9","999.9","  82.9","*","  52.7","*"," 0.00","G","999.9","000000"
"71370099999","2020-06-06","46.55","-72.7333333","110.0","SHAWINIGAN CS QUE, CA","  64.8","24","  52.0","24","1006.6","24","993.3"," 8","999.9"," 0","  5.2","24"," 14.0"," 23.9","  84.2"," ","  53.4"," "," 0.09","G","999.9","000000"
"71370099999","2020-06-07","46.55","-72.7333333","110.0","SHAWINIGAN CS QUE, CA","  58.4","24","  40.8","24","1013.0","24","999.6"," 8","999.9"," 0","  6.3","24","  9.9"," 16.9","  74.3"," ","  49.3"," "," 0.00","G","999.9","000000"
"71370099999","2020-06-08","46.55","-72.7333333","110.0","SHAWINIGAN CS QUE, CA","  59.4","24","  37.3","24","1014.6","24","001.3"," 8","999.9"," 0","  4.9","24","  7.0","999.9","  70.5","*","  49.6","*"," 0.00","G","999.9","000000"
"71370099999","2020-06-09","46.55","-72.7333333","110.0","SHAWINIGAN CS QUE, CA","  62.2","24","  41.6","24","1013.1","24","999.9"," 8","999.9"," 0","  2.4","24","  5.1","999.9","  72.1","*","  54.1","*"," 0.01","G","999.9","000000"
"71370099999","2020-06-10","46.55","-72.7333333","110.0","SHAWINIGAN CS QUE, CA","  61.9","24","  50.0","24","1014.5","24","001.4"," 8","999.9"," 0","  4.6","24","  8.9"," 15.9","  74.1","*","  48.4","*"," 0.00","G","999.9","000000"
"71370099999","2020-06-11","46.55","-72.7333333","110.0","SHAWINIGAN CS QUE, CA","  69.1","24","  56.7","24","1007.4","24","994.3"," 8","999.9"," 0","  8.1","24"," 16.9"," 27.0","  80.2"," ","  48.2"," "," 0.13","G","999.9","000000"
"71370099999","2020-06-12","46.55","-72.7333333","110.0","SHAWINIGAN CS QUE, CA","  61.7","24","  45.4","24","1013.1","24","999.7"," 8","999.9"," 0","  8.0","24"," 18.1"," 27.0","  80.2"," ","  49.3"," "," 0.00","G","999.9","000000"
"71370099999","2020-06-13","46.55","-72.7333333","110.0","SHAWINIGAN CS QUE, CA","  52.3","24","  36.5","24","1021.5","24","007.6"," 8","999.9"," 0","  4.9","24","  8.0","999.9","  62.8","*","  41.9","*"," 0.00","G","999.9","000000"
"71370099999","2020-06-14","46.55","-72.7333333","110.0","SHAWINIGAN CS QUE, CA","  55.4","24","  37.8","24","1030.5","24","016.7"," 8","999.9"," 0","  3.9","24","  6.0","999.9","  67.3","*","  43.5","*"," 0.00","G","999.9","000000"
"71370099999","2020-06-15","46.55","-72.7333333","110.0","SHAWINIGAN CS QUE, CA","  59.1","24","  40.8","24","1031.0","24","017.6"," 8","999.9"," 0","  3.8","24","  8.0","999.9","  75.4","*","  43.0","*"," 0.00","G","999.9","000000"
"71370099999","2020-06-16","46.55","-72.7333333","110.0","SHAWINIGAN CS QUE, CA","  66.0","24","  44.8","24","1027.7","24","014.5"," 8","999.9"," 0","  4.9","24"," 12.0"," 18.1","  81.1","*","  49.1","*"," 0.00","G","999.9","000000"
"71370099999","2020-06-17","46.55","-72.7333333","110.0","SHAWINIGAN CS QUE, CA","  70.7","24","  48.7","24","1022.7","24","009.6"," 8","999.9"," 0","  5.1","24"," 12.0"," 19.0","  86.2"," ","  49.1"," "," 0.00","G","999.9","000000"
"71370099999","2020-06-18","46.55","-72.7333333","110.0","SHAWINIGAN CS QUE, CA","  76.2","24","  53.2","24","1018.3","24","005.3"," 8","999.9"," 0","  5.1","24","  9.9"," 16.9","  91.2","*","  57.7","*"," 0.00","G","999.9","000000"
"71370099999","2020-06-19","46.55","-72.7333333","110.0","SHAWINIGAN CS QUE, CA","  77.1","24","  56.2","24","1015.1","24","002.1"," 8","999.9"," 0","  4.8","24"," 12.0"," 18.1","  91.8"," ","  56.7"," "," 0.00","G","999.9","000000"
"71370099999","2020-06-20","46.55","-72.7333333","110.0","SHAWINIGAN CS QUE, CA","  79.3","24","  61.1","24","1013.9","24","000.9"," 8","999.9"," 0","  3.6","24","  8.0","999.9","  92.8","*","  64.0","*"," 0.00","G","999.9","000000"
"71370099999","2020-06-21","46.55","-72.7333333","110.0","SHAWINIGAN CS QUE, CA","  72.5","24","  58.1","24","1014.2","24","001.2"," 8","999.9"," 0","  4.4","24","  8.0","999.9","  90.3","*","  56.3","*"," 0.00","G","999.9","000000"
"71370099999","2020-06-22","46.55","-72.7333333","110.0","SHAWINIGAN CS QUE, CA","  76.1","24","  64.0","24","1011.6","24","998.6"," 8","999.9"," 0","  4.2","24","  9.9"," 15.9","  91.2","*","  63.5","*"," 0.00","G","999.9","000000"
"71370099999","2020-06-23","46.55","-72.7333333","110.0","SHAWINIGAN CS QUE, CA","  75.4","24","  67.5","24","1006.5","24","993.9"," 8","999.9"," 0","  2.7","24","  7.0","999.9","  92.5"," ","  63.1"," "," 0.31","G","999.9","000000"
"71370099999","2020-06-24","46.55","-72.7333333","110.0","SHAWINIGAN CS QUE, CA","  70.4","24","  63.6","24","1001.0","24","987.8"," 8","999.9"," 0","  7.3","24"," 15.0"," 23.9","  91.6"," ","  64.4"," "," 0.92","G","999.9","000000"
"71370099999","2020-06-25","46.55","-72.7333333","110.0","SHAWINIGAN CS QUE, CA","  64.2","24","  52.8","24","1007.2","24","993.9"," 8","999.9"," 0","  8.9","24"," 14.0"," 20.0","  75.9"," ","  54.0"," "," 0.00","G","999.9","000000"
"71370099999","2020-06-26","46.55","-72.7333333","110.0","SHAWINIGAN CS QUE, CA","  65.6","24","  53.5","24","1009.6","24","996.5"," 8","999.9"," 0","  5.9","24"," 11.1"," 15.9","  77.0"," ","  54.0"," "," 0.00","G","999.9","000000"
"71370099999","2020-06-27","46.55","-72.7333333","110.0","SHAWINIGAN CS QUE, CA","  65.4","24","  58.1","24","1006.5","24","993.5"," 8","999.9"," 0","  3.0","24","  6.0","999.9","  77.0"," ","  54.1"," "," 0.05","G","999.9","000000"
"71370099999","2020-06-28","46.55","-72.7333333","110.0","SHAWINIGAN CS QUE, CA","  64.9","24","  62.2","23","1005.9","24","992.7"," 8","999.9"," 0","  2.8","24","  6.0","999.9","  72.7","*","  59.9","*"," 0.23","G","999.9","000000"
"71370099999","2020-06-29","46.55","-72.7333333","110.0","SHAWINIGAN CS QUE, CA","  67.0","24","  61.7","24","1012.9","24","999.3"," 8","999.9"," 0","  5.6","24","  7.0","999.9","  75.9","*","  62.2","*"," 0.02","G","999.9","000000"
"71370099999","2020-06-30","46.55","-72.7333333","110.0","SHAWINIGAN CS QUE, CA","  68.4","24","  60.9","24","1016.7","24","003.5"," 8","999.9"," 0","  4.7","24","  8.0","999.9","  76.3"," ","  61.9"," "," 0.00","G","999.9","000000"
"71370099999","2020-07-01","46.55","-72.7333333","110.0","SHAWINIGAN CS QUE, CA","  71.4","24","  61.6","23","1013.2","24","000.3"," 8","999.9"," 0","  2.9","24","  8.9","999.9","  85.8","*","  58.1","*"," 0.00","G","999.9","000000"
"71370099999","2020-07-02","46.55","-72.7333333","110.0","SHAWINIGAN CS QUE, CA","  74.4","24","  63.4","24","1007.4","24","994.4"," 8","999.9"," 0","  2.7","24","  6.0","999.9","  86.5"," ","  58.8"," "," 0.00","G","999.9","000000"
"71370099999","2020-07-03","46.55","-72.7333333","110.0","SHAWINIGAN CS QUE, CA","  70.2","24","  58.4","24","1009.9","23","996.6"," 8","999.9"," 0","  3.7","24","  8.0","999.9","  85.6"," ","  57.2"," "," 0.00","G","999.9","000000"
"71370099999","2020-07-04","46.55","-72.7333333","110.0","SHAWINIGAN CS QUE, CA","  71.8","24","  47.7","24","1011.7","24","998.7"," 8","999.9"," 0","  3.9","24","  6.0","999.9","  83.7"," ","  57.2"," "," 0.00","G","999.9","000000"
"71370099999","2020-07-05","46.55","-72.7333333","110.0","SHAWINIGAN CS QUE, CA","  67.1","24","  51.9","24","1010.3","24","997.6"," 8","999.9"," 0","  2.6","24","  7.0","999.9","  83.7"," ","  56.8"," "," 0.00","G","999.9","000000"
"71370099999","2020-07-06","46.55","-72.7333333","110.0","SHAWINIGAN CS QUE, CA","  65.5","24","  53.8","24","1016.3","24","002.4"," 8","999.9"," 0","  3.3","24","  6.0","999.9","  80.6","*","  52.9","*"," 0.00","G","999.9","000000"
"71370099999","2020-07-07","46.55","-72.7333333","110.0","SHAWINIGAN CS QUE, CA","  71.0","24","  55.8","24","1015.9","24","003.0"," 8","999.9"," 0","  5.1","24","  8.9","999.9","  85.3","*","  58.3","*"," 0.00","G","999.9","000000"
"71370099999","2020-07-08","46.55","-72.7333333","110.0","SHAWINIGAN CS QUE, CA","  77.0","24","  67.4","24","1010.5","24","997.6"," 8","999.9"," 0","  4.7","24","  8.0","999.9","  87.1"," ","  57.9"," "," 0.12","G","999.9","000000"
"71370099999","2020-07-09","46.55","-72.7333333","110.0","SHAWINIGAN CS QUE, CA","  76.6","24","  69.7","24","1012.0","24","998.8"," 8","999.9"," 0","  4.5","24","  8.0","999.9","  89.2","*","  68.7","*"," 0.00","G","999.9","000000"
"71370099999","2020-07-10","46.55","-72.7333333","110.0","SHAWINIGAN CS QUE, CA","  80.9","24","  68.2","24","1012.7","24","999.8"," 8","999.9"," 0","  4.0","24","  9.9"," 15.9","  94.5","*","  67.6","*"," 0.00","G","999.9","000000"
"71370099999","2020-07-11","46.55","-72.7333333","110.0","SHAWINIGAN CS QUE, CA","  75.2","24","  69.1","24","1005.2","24","992.8"," 8","999.9"," 0","  4.7","24","  8.0","999.9","  95.0"," ","  67.3"," "," 0.26","G","999.9","000000"
"71370099999","2020-07-12","46.55","-72.7333333","110.0","SHAWINIGAN CS QUE, CA","  74.2","24","  68.6","22"," 998.6","24","985.5"," 8","999.9"," 0","  5.5","24","  9.9"," 19.0","  79.7","*","  68.9","*"," 0.20","G","999.9","000000"
"71370099999","2020-07-13","46.55","-72.7333333","110.0","SHAWINIGAN CS QUE, CA","  69.7","24","  61.2","24","1006.4","24","993.1"," 8","999.9"," 0","  3.5","24","  8.0","999.9","  77.2","*","  61.7","*"," 0.10","G","999.9","000000"
"71370099999","2020-07-14","46.55","-72.7333333","110.0","SHAWINIGAN CS QUE, CA","  68.7","24","  57.5","24","1014.3","24","000.7"," 8","999.9"," 0","  6.1","24","  8.9"," 16.9","  78.1"," ","  62.8"," "," 0.00","G","999.9","000000"
"71370099999","2020-07-15","46.55","-72.7333333","110.0","SHAWINIGAN CS QUE, CA","  66.0","24","  51.1","24","1023.0","24","009.6"," 8","999.9"," 0","  5.5","24","  8.9"," 15.9","  76.3","*","  52.7","*"," 0.00","G","999.9","000000"
"71370099999","2020-07-16","46.55","-72.7333333","110.0","SHAWINIGAN CS QUE, CA","  67.1","24","  57.5","24","1020.5","24","007.2"," 8","999.9"," 0","  3.9","24","  5.1","999.9","  77.0"," ","  53.4"," "," 0.00","G","999.9","000000"
"71370099999","2020-07-17","46.55","-72.7333333","110.0","SHAWINIGAN CS QUE, CA","  68.3","24","  64.4","24","1014.0","24","001.2"," 8","999.9"," 0","  5.2","24","  9.9"," 15.0","  77.4"," ","  59.4"," "," 1.10","G","999.9","000000"
"71370099999","2020-07-18","46.55","-72.7333333","110.0","SHAWINIGAN CS QUE, CA","  73.7","24","  66.1","24","1012.5","24","999.4"," 8","999.9"," 0","  4.2","24"," 11.1"," 15.9","  84.4","*","  63.5","*"," 0.00","G","999.9","000000"
"71370099999","2020-07-19","46.55","-72.7333333","110.0","SHAWINIGAN CS QUE, CA","  73.3","24","  69.1","24","1007.1","24","994.7"," 8","999.9"," 0","  3.7","24","  8.9","999.9","  84.9"," ","  63.3"," "," 0.22","G","999.9","000000"
"71370099999","2020-07-20","46.55","-72.7333333","110.0","SHAWINIGAN CS QUE, CA","  76.7","24","  66.0","24","1003.2","24","990.1"," 8","999.9"," 0","  6.7","24","  8.9"," 15.0","  82.4"," ","  65.5"," "," 0.00","G","999.9","000000"
"71370099999","2020-07-21","46.55","-72.7333333","110.0","SHAWINIGAN CS QUE, CA","  66.7","24","  54.3","24","1013.8","24","000.3"," 8","999.9"," 0","  3.4","24","  8.0"," 15.9","  82.4"," ","  56.7"," "," 0.00","G","999.9","000000"
"71370099999","2020-07-22","46.55","-72.7333333","110.0","SHAWINIGAN CS QUE, CA","  66.3","24","  54.7","24","1017.0","24","003.6"," 8","999.9"," 0","  2.0","24","  4.1","999.9","  76.1","*","  56.5","*"," 0.00","G","999.9","000000"
"71370099999","2020-07-23","46.55","-72.7333333","110.0","SHAWINIGAN CS QUE, CA","  68.1","24","  60.1","24","1014.3","24","001.0"," 8","999.9"," 0","  2.7","24","  5.1","999.9","  77.2"," ","  56.5"," "," 0.14","G","999.9","000000"
"71370099999","2020-07-24","46.55","-72.7333333","110.0","SHAWINIGAN CS QUE, CA","  71.7","24","  57.7","24","1015.1","24","001.5"," 8","999.9"," 0","  4.2","24","  8.9","999.9","  84.9"," ","  58.5"," "," 0.00","G","999.9","000000"
"71370099999","2020-07-25","46.55","-72.7333333","110.0","SHAWINIGAN CS QUE, CA","  73.6","24","  59.8","24","1013.6","24","000.7"," 8","999.9"," 0","  4.6","24","  9.9"," 15.9","  86.0","*","  60.3","*"," 0.00","G","999.9","000000"
"71370099999","2020-07-26","46.55","-72.7333333","110.0","SHAWINIGAN CS QUE, CA","  73.6","24","  65.1","23","1005.6","24","993.0"," 8","999.9"," 0","  5.3","24","  8.0"," 16.9","  86.4"," ","  60.1"," "," 0.39","G","999.9","000000"
"71370099999","2020-07-27","46.55","-72.7333333","110.0","SHAWINIGAN CS QUE, CA","  74.4","23","  70.9","23","1002.9","23","990.0"," 8","999.9"," 0","  2.8","23","  5.1","999.9","  84.2"," ","  65.5"," "," 0.30","G","999.9","000000"
"71370099999","2020-07-28","46.55","-72.7333333","110.0","SHAWINIGAN CS QUE, CA","  75.8","24","  69.5","24","1002.4","24","989.3"," 8","999.9"," 0","  5.6","24"," 12.0"," 20.0","  84.0","*","  70.5","*"," 0.27","G","999.9","000000"
"71370099999","2020-07-29","46.55","-72.7333333","110.0","SHAWINIGAN CS QUE, CA","  70.5","24","  63.3","24","1006.2","24","993.0"," 8","999.9"," 0","  4.5","24"," 12.0"," 16.9","  84.9"," ","  63.5"," "," 0.00","G","999.9","000000"
"71370099999","2020-07-30","46.55","-72.7333333","110.0","SHAWINIGAN CS QUE, CA","  67.3","23","  62.5","22","1007.8","23","994.9"," 8","999.9"," 0","  2.3","23","  7.0","999.9","  77.9"," ","  61.5"," "," 0.30","G","999.9","000000"
"71370099999","2020-07-31","46.55","-72.7333333","110.0","SHAWINIGAN CS QUE, CA","  69.1","24","  59.7","24","1010.3","24","997.1"," 8","999.9"," 0","  3.9","24","  6.0","999.9","  79.7","*","  61.2","*"," 0.00","G","999.9","000000"
"71370099999","2020-08-01","46.55","-72.7333333","110.0","SHAWINIGAN CS QUE, CA","  71.9","24","  61.4","24","1012.7","24","999.5"," 8","999.9"," 0","  3.1","24","  8.9","999.9","  83.8"," ","  60.6"," "," 0.00","G","999.9","000000"
"71370099999","2020-08-02","46.55","-72.7333333","110.0","SHAWINIGAN CS QUE, CA","  68.4","24","  63.8","24","1011.3","24","998.3"," 8","999.9"," 0","  3.3","24","  7.0","999.9","  84.0"," ","  60.8"," "," 0.06","G","999.9","000000"
"71370099999","2020-08-03","46.55","-72.7333333","110.0","SHAWINIGAN CS QUE, CA","  70.7","24","  66.0","24","1004.9","24","991.3"," 8","999.9"," 0","  6.4","24"," 11.1"," 19.0","  77.5"," ","  61.7"," "," 0.73","G","999.9","000000"
"71370099999","2020-08-04","46.55","-72.7333333","110.0","SHAWINIGAN CS QUE, CA","  64.2","24","  60.9","24","1016.3","24","003.2"," 8","999.9"," 0","  3.1","24","  6.0","999.9","  76.6"," ","  58.3"," "," 0.13","G","999.9","000000"
"71370099999","2020-08-05","46.55","-72.7333333","110.0","SHAWINIGAN CS QUE, CA","  68.3","24","  62.4","24","1007.6","24","994.5"," 8","999.9"," 0","  9.3","24"," 13.0"," 22.0","  77.0","*","  63.3","*"," 3.13","G","999.9","000000"
"71370099999","2020-08-06","46.55","-72.7333333","110.0","SHAWINIGAN CS QUE, CA","  65.9","24","  53.0","24","1015.0","24","001.5"," 8","999.9"," 0","  5.6","24","  8.0"," 15.0","  77.7"," ","  54.3"," "," 0.00","G","999.9","000000"
"71370099999","2020-08-07","46.55","-72.7333333","110.0","SHAWINIGAN CS QUE, CA","  67.9","24","  57.1","24","1020.2","24","006.8"," 8","999.9"," 0","  3.9","24","  8.0","999.9","  79.2"," ","  54.3"," "," 0.00","G","999.9","000000"
"71370099999","2020-08-08","46.55","-72.7333333","110.0","SHAWINIGAN CS QUE, CA","  69.8","24","  59.1","24","1019.9","24","006.8"," 8","999.9"," 0","  3.3","24","  8.9","999.9","  82.0"," ","  55.9"," "," 0.00","G","999.9","000000"
"71370099999","2020-08-09","46.55","-72.7333333","110.0","SHAWINIGAN CS QUE, CA","  68.0","24","  61.3","24","1015.8","24","002.6"," 8","999.9"," 0","  2.8","24","  6.0","999.9","  82.2"," ","  57.7"," "," 0.00","G","999.9","000000"
"71370099999","2020-08-10","46.55","-72.7333333","110.0","SHAWINIGAN CS QUE, CA","  69.2","24","  63.7","24","1013.5","24","000.5"," 8","999.9"," 0","  2.9","24","  7.0","999.9","  77.0","*","  65.3","*"," 0.00","G","999.9","000000"
"71370099999","2020-08-11","46.55","-72.7333333","110.0","SHAWINIGAN CS QUE, CA","  73.1","24","  67.8","24","1009.5","24","996.5"," 8","999.9"," 0","  4.4","24"," 11.1"," 16.9","  86.5","*","  66.6","*"," 0.05","G","999.9","000000"
"71370099999","2020-08-12","46.55","-72.7333333","110.0","SHAWINIGAN CS QUE, CA","  72.3","22","  64.7","22","1012.6","22","999.4"," 8","999.9"," 0","  3.3","22","  8.0","999.9","  87.3"," ","  64.6"," "," 0.20","G","999.9","000000"
"71370099999","2020-08-13","46.55","-72.7333333","110.0","SHAWINIGAN CS QUE, CA","  72.1","24","  57.9","24","1018.8","24","005.5"," 8","999.9"," 0","  4.2","24","  7.0","999.9","  84.7"," ","  62.4"," "," 0.00","G","999.9","000000"
"71370099999","2020-08-14","46.55","-72.7333333","110.0","SHAWINIGAN CS QUE, CA","  68.8","24","  55.1","24","1020.6","24","007.3"," 8","999.9"," 0","  4.9","24","  8.0","999.9","  82.0"," ","  57.7"," "," 0.00","G","999.9","000000"
"71370099999","2020-08-15","46.55","-72.7333333","110.0","SHAWINIGAN CS QUE, CA","  67.7","24","  58.5","24","1019.2","24","006.2"," 8","999.9"," 0","  5.0","24","  8.0","999.9","  80.1"," ","  57.4"," "," 0.00","G","999.9","000000"
"71370099999","2020-08-16","46.55","-72.7333333","110.0","SHAWINIGAN CS QUE, CA","  68.7","24","  59.1","24","1015.2","24","002.5"," 8","999.9"," 0","  4.0","24","  6.0","999.9","  79.7"," ","  57.4"," "," 0.00","G","999.9","000000"
"71370099999","2020-08-17","46.55","-72.7333333","110.0","SHAWINIGAN CS QUE, CA","  65.3","24","  61.6","24","1006.6","23","993.4"," 8","999.9"," 0","  3.1","24","  7.0","999.9","  80.4"," ","  58.5"," "," 0.61","G","999.9","000000"
"71370099999","2020-08-18","46.55","-72.7333333","110.0","SHAWINIGAN CS QUE, CA","  63.9","24","  59.5","24","1005.6","24","992.5"," 8","999.9"," 0","  2.8","24","  6.0","999.9","  71.4"," ","  61.0"," "," 0.09","G","999.9","000000"
"71370099999","2020-08-19","46.55","-72.7333333","110.0","SHAWINIGAN CS QUE, CA","  59.3","24","  51.3","24","1011.0","24","997.7"," 8","999.9"," 0","  4.2","24","  8.9","999.9","  71.4"," ","  52.0"," "," 0.02","G","999.9","000000"
"71370099999","2020-08-20","46.55","-72.7333333","110.0","SHAWINIGAN CS QUE, CA","  59.5","24","  50.2","24","1011.5","22","998.2"," 8","999.9"," 0","  4.2","24","  8.9","999.9","  69.3"," ","  48.7"," "," 0.00","G","999.9","000000"
"71370099999","2020-08-21","46.55","-72.7333333","110.0","SHAWINIGAN CS QUE, CA","  63.1","24","  55.9","24","1007.6","24","994.7"," 8","999.9"," 0","  3.0","24","  6.0","999.9","  72.3","*","  57.2","*"," 0.17","G","999.9","000000"
"71370099999","2020-08-22","46.55","-72.7333333","110.0","SHAWINIGAN CS QUE, CA","  63.4","24","  54.2","23","1010.6","24","997.8"," 8","999.9"," 0","  3.1","24","  8.9","999.9","  75.7","*","  49.1","*"," 0.00","G","999.9","000000"
"71370099999","2020-08-23","46.55","-72.7333333","110.0","SHAWINIGAN CS QUE, CA","  65.7","24","  60.1","24","1011.4","24","998.6"," 8","999.9"," 0","  2.2","24","  6.0","999.9","  76.5"," ","  50.9"," "," 0.00","G","999.9","000000"
"71370099999","2020-08-24","46.55","-72.7333333","110.0","SHAWINIGAN CS QUE, CA","  67.2","24","  63.1","23","1010.7","24","997.9"," 8","999.9"," 0","  2.4","24","  5.1","999.9","  76.1"," ","  57.4"," "," 0.00","G","999.9","000000"
"71370099999","2020-08-25","46.55","-72.7333333","110.0","SHAWINIGAN CS QUE, CA","  68.1","17","  64.9","16","1002.2","17","989.4"," 7","999.9"," 0","  3.7","17"," 11.1"," 19.0","  75.4"," ","  63.3"," "," 0.50","G","999.9","000000"
"71370099999","2020-08-26","46.55","-72.7333333","110.0","SHAWINIGAN CS QUE, CA","  55.9","19","  39.4","19","1010.9","19","997.4"," 7","999.9"," 0","  6.6","19"," 12.0"," 21.0","  75.4"," ","  47.5"," "," 0.00","G","999.9","000000"
"71370099999","2020-08-27","46.55","-72.7333333","110.0","SHAWINIGAN CS QUE, CA","  54.4","24","  41.3","24","1007.1","23","994.1"," 8","999.9"," 0","  4.3","24","  8.0","999.9","  67.6","*","  43.3","*"," 0.00","G","999.9","000000"
"71370099999","2020-08-28","46.55","-72.7333333","110.0","SHAWINIGAN CS QUE, CA","  59.2","24","  46.9","24","1007.6","24","994.1"," 8","999.9"," 0","  3.3","24","  7.0"," 15.0","  71.8","*","  46.6","*"," 0.00","G","999.9","000000"
"71370099999","2020-08-29","46.55","-72.7333333","110.0","SHAWINIGAN CS QUE, CA","  55.1","24","  51.1","23","1003.6","24","991.0"," 8","999.9"," 0","  4.6","24","  9.9"," 18.1","  72.7"," ","  46.4"," "," 0.48","G","999.9","000000"
"71370099999","2020-08-30","46.55","-72.7333333","110.0","SHAWINIGAN CS QUE, CA","  56.3","24","  49.9","24"," 998.9","24","985.1"," 8","999.9"," 0","  7.1","24"," 12.2"," 24.9","  62.4"," ","  51.8"," "," 0.38","G","999.9","000000"
"71370099999","2020-08-31","46.55","-72.7333333","110.0","SHAWINIGAN CS QUE, CA","  56.8","24","  46.7","24","1015.9","24","002.1"," 8","999.9"," 0","  3.3","24","  7.0","999.9","  68.4","*","  46.4","*"," 0.00","G","999.9","000000"
"71370099999","2020-09-01","46.55","-72.7333333","110.0","SHAWINIGAN CS QUE, CA","  55.8","24","  52.1","24","1018.5","24","005.1"," 8","999.9"," 0","  2.1","24","  4.1","999.9","  69.4"," ","  46.4"," "," 0.00","G","999.9","000000"
"71370099999","2020-09-02","46.55","-72.7333333","110.0","SHAWINIGAN CS QUE, CA","  64.0","24","  61.5","24","1009.8","24","997.2"," 8","999.9"," 0","  4.6","24"," 13.0"," 19.0","  69.6","*","  61.3","*"," 0.15","G","999.9","000000"
"71370099999","2020-09-03","46.55","-72.7333333","110.0","SHAWINIGAN CS QUE, CA","  60.7","24","  56.7","23","1006.4","24","993.2"," 8","999.9"," 0","  3.9","24","  9.9"," 15.0","  71.4","*","  52.3","*"," 0.61","G","999.9","000000"
"71370099999","2020-09-04","46.55","-72.7333333","110.0","SHAWINIGAN CS QUE, CA","  62.8","24","  51.4","24","1005.1","24","991.7"," 8","999.9"," 0","  6.3","24"," 11.1"," 19.0","  72.3"," ","  52.2"," "," 0.00","G","999.9","000000"
"71370099999","2020-09-05","46.55","-72.7333333","110.0","SHAWINIGAN CS QUE, CA","  56.4","24","  47.5","24","1015.0","24","001.3"," 8","999.9"," 0","  4.5","24","  9.9"," 16.9","  70.0"," ","  45.9"," "," 0.02","G","999.9","000000"
"71370099999","2020-09-06","46.55","-72.7333333","110.0","SHAWINIGAN CS QUE, CA","  55.3","24","  47.1","24","1019.6","24","006.1"," 8","999.9"," 0","  3.0","24","  8.0","999.9","  67.6"," ","  43.9"," "," 0.00","G","999.9","000000"
"71370099999","2020-09-07","46.55","-72.7333333","110.0","SHAWINIGAN CS QUE, CA","  58.8","24","  52.9","24","1013.5","24","000.6"," 8","999.9"," 0","  5.6","24"," 12.0"," 21.0","  72.5","*","  46.8","*"," 0.01","G","999.9","000000"
"71370099999","2020-09-08","46.55","-72.7333333","110.0","SHAWINIGAN CS QUE, CA","  62.3","24","  54.2","24","1017.7","24","003.9"," 8","999.9"," 0","  3.8","24"," 11.1"," 18.1","  72.7"," ","  46.6"," "," 0.01","G","999.9","000000"
"71370099999","2020-09-09","46.55","-72.7333333","110.0","SHAWINIGAN CS QUE, CA","  53.6","23","  50.2","23","1026.2","23","012.5"," 8","999.9"," 0","  3.9","23","  7.0","999.9","  58.5","*","  49.1","*"," 0.08","G","999.9","000000"
"71370099999","2020-09-10","46.55","-72.7333333","110.0","SHAWINIGAN CS QUE, CA","  52.2","24","  49.9","24","1025.0","24","011.6"," 8","999.9"," 0","  4.7","24","  8.0","999.9","  57.6"," ","  50.2"," "," 0.06","G","999.9","000000"
"71370099999","2020-09-11","46.55","-72.7333333","110.0","SHAWINIGAN CS QUE, CA","  51.3","24","  44.0","23","1025.9","24","012.3"," 8","999.9"," 0","  4.0","24","  7.0","999.9","  62.4","*","  40.1","*"," 0.01","G","999.9","000000"
"71370099999","2020-09-12","46.55","-72.7333333","110.0","SHAWINIGAN CS QUE, CA","  52.9","24","  45.4","24","1026.4","24","012.9"," 8","999.9"," 0","  2.7","24","  8.0","999.9","  66.0"," ","  40.5"," "," 0.00","G","999.9","000000"
"71370099999","2020-09-13","46.55","-72.7333333","110.0","SHAWINIGAN CS QUE, CA","  56.5","24","  52.6","24","1015.3","24","002.6"," 8","999.9"," 0","  3.8","24","  8.9"," 15.0","  66.0"," ","  40.5"," "," 0.20","G","999.9","000000"
"71370099999","2020-09-14","46.55","-72.7333333","110.0","SHAWINIGAN CS QUE, CA","  55.9","24","  45.5","23","1016.3","24","002.3"," 8","999.9"," 0","  5.7","24","  9.9","999.9","  63.5"," ","  48.2"," "," 0.56","G","999.9","000000"
"71370099999","2020-09-15","46.55","-72.7333333","110.0","SHAWINIGAN CS QUE, CA","  45.6","24","  38.3","24","1025.9","24","012.3"," 8","999.9"," 0","  3.2","24","  7.0","999.9","  59.2"," ","  37.4"," "," 0.00","G","999.9","000000"
"71370099999","2020-09-16","46.55","-72.7333333","110.0","SHAWINIGAN CS QUE, CA","  55.1","24","  48.4","24","1014.4","24","001.8"," 8","999.9"," 0","  7.0","24"," 14.0"," 21.0","  67.8","*","  47.3","*"," 0.01","G","999.9","000000"
"71370099999","2020-09-17","46.55","-72.7333333","110.0","SHAWINIGAN CS QUE, CA","  53.7","24","  39.9","24","1015.2","24","001.3"," 8","999.9"," 0","  5.2","24","  9.9"," 16.9","  68.0"," ","  46.6"," "," 0.00","G","999.9","000000"
"71370099999","2020-09-18","46.55","-72.7333333","110.0","SHAWINIGAN CS QUE, CA","  43.2","24","  32.4","24","1021.0","24","007.3"," 8","999.9"," 0","  3.5","24","  8.0","999.9","  55.8"," ","  34.5"," "," 0.00","G","999.9","000000"
"71370099999","2020-09-19","46.55","-72.7333333","110.0","SHAWINIGAN CS QUE, CA","  43.9","24","  29.7","24","1026.4","24","012.5"," 8","999.9"," 0","  4.1","24","  6.0","999.9","  53.4","*","  32.9","*"," 0.00","G","999.9","000000"
"71370099999","2020-09-20","46.55","-72.7333333","110.0","SHAWINIGAN CS QUE, CA","  44.5","24","  32.4","24","1033.6","24","019.5"," 8","999.9"," 0","  2.7","24","  5.1","999.9","  56.1","*","  34.3","*"," 0.00","G","999.9","000000"
"71370099999","2020-09-21","46.55","-72.7333333","110.0","SHAWINIGAN CS QUE, CA","  44.2","24","  35.4","24","1035.7","24","022.1"," 8","999.9"," 0","  2.7","24","  6.0","999.9","  59.4"," ","  31.3"," "," 0.00","G","999.9","000000"
"71370099999","2020-09-22","46.55","-72.7333333","110.0","SHAWINIGAN CS QUE, CA","  49.1","24","  40.0","23","1023.9","24","011.1"," 8","999.9"," 0","  2.4","24","  5.1","999.9","  64.9"," ","  31.3"," "," 0.00","G","999.9","000000"
"71370099999","2020-09-23","46.55","-72.7333333","110.0","SHAWINIGAN CS QUE, CA","  56.7","24","  49.7","24","1007.6","24","994.7"," 8","999.9"," 0","  3.5","24","  8.0"," 15.0","  69.4"," ","  35.6"," "," 0.00","G","999.9","000000"
"71370099999","2020-09-24","46.55","-72.7333333","110.0","SHAWINIGAN CS QUE, CA","  57.7","24","  46.6","24","1010.6","24","997.0"," 8","999.9"," 0","  3.9","24","  7.0"," 15.0","  71.6"," ","  44.4"," "," 0.00","G","999.9","000000"
"71370099999","2020-09-25","46.55","-72.7333333","110.0","SHAWINIGAN CS QUE, CA","  48.7","24","  36.0","24","1018.8","24","005.2"," 8","999.9"," 0","  2.8","24","  6.0","999.9","  63.3","*","  34.7","*"," 0.00","G","999.9","000000"
"71370099999","2020-09-26","46.55","-72.7333333","110.0","SHAWINIGAN CS QUE, CA","  54.4","24","  47.6","24","1016.1","24","003.0"," 8","999.9"," 0","  2.8","24","  8.0"," 15.0","  72.1","*","  41.9","*"," 0.00","G","999.9","000000"
"71370099999","2020-09-27","46.55","-72.7333333","110.0","SHAWINIGAN CS QUE, CA","  65.7","24","  59.5","24","1009.2","24","996.2"," 8","999.9"," 0","  5.6","24"," 13.0"," 21.0","  75.4","*","  58.1","*"," 0.00","G","999.9","000000"
"71370099999","2020-09-28","46.55","-72.7333333","110.0","SHAWINIGAN CS QUE, CA","  64.5","24","  61.9","24","1008.7","24","995.6"," 8","999.9"," 0","  2.3","24","  6.0","999.9","  75.7"," ","  57.0"," "," 0.02","G","999.9","000000"
"71370099999","2020-09-29","46.55","-72.7333333","110.0","SHAWINIGAN CS QUE, CA","  62.9","23","  61.7","23","1005.6","23","992.4"," 8","999.9"," 0","  4.1","23","  8.9"," 15.0","  70.5"," ","  57.0"," "," 0.50","G","999.9","000000"
"71370099999","2020-09-30","46.55","-72.7333333","110.0","SHAWINIGAN CS QUE, CA","  55.5","24","  53.2","24"," 999.6","24","986.9"," 8","999.9"," 0","  5.1","24","  9.9"," 15.9","  57.9","*","  53.2","*"," 1.40","G","999.9","000000"
"71370099999","2020-10-01","46.55","-72.7333333","110.0","SHAWINIGAN CS QUE, CA","  54.4","24","  49.5","24","1005.1","24","991.5"," 8","999.9"," 0","  5.8","24"," 12.0"," 19.0","  62.2","*","  50.0","*"," 0.06","G","999.9","000000"
"71370099999","2020-10-02","46.55","-72.7333333","110.0","SHAWINIGAN CS QUE, CA","  48.3","23","  46.6","23","1013.5","23","999.7"," 8","999.9"," 0","  2.5","23","  6.0","999.9","  63.0"," ","  43.5"," "," 0.20","G","999.9","000000"
"71370099999","2020-10-03","46.55","-72.7333333","110.0","SHAWINIGAN CS QUE, CA","  45.2","24","  39.7","23","1019.4","24","005.6"," 8","999.9"," 0","  3.3","24","  6.0","999.9","  52.9","*","  39.2","*"," 0.07","G","999.9","000000"
"71370099999","2020-10-04","46.55","-72.7333333","110.0","SHAWINIGAN CS QUE, CA","  45.2","24","  38.7","24","1024.1","24","010.5"," 8","999.9"," 0","  2.8","24","  6.0","999.9","  56.3","*","  37.4","*"," 0.00","G","999.9","000000"
"71370099999","2020-10-05","46.55","-72.7333333","110.0","SHAWINIGAN CS QUE, CA","  49.6","24","  44.7","24","1019.4","24","006.0"," 8","999.9"," 0","  2.6","24","  6.0","999.9","  57.2"," ","  36.9"," "," 0.01","G","999.9","000000"
"71370099999","2020-10-06","46.55","-72.7333333","110.0","SHAWINIGAN CS QUE, CA","  50.7","24","  45.3","24","1014.5","24","001.5"," 8","999.9"," 0","  6.2","24"," 12.0"," 21.0","  59.2","*","  45.1","*"," 0.00","G","999.9","000000"
"71370099999","2020-10-07","46.55","-72.7333333","110.0","SHAWINIGAN CS QUE, CA","  52.2","24","  49.1","24"," 998.9","24","986.3"," 8","999.9"," 0","  3.9","24","  7.0","999.9","  59.5"," ","  44.8"," "," 0.38","G","999.9","000000"
"71370099999","2020-10-08","46.55","-72.7333333","110.0","SHAWINIGAN CS QUE, CA","  45.1","24","  35.0","24","1006.1","24","991.7"," 8","999.9"," 0","  7.9","24"," 11.1"," 22.0","  54.7"," ","  39.0"," "," 0.26","G","999.9","000000"
"71370099999","2020-10-09","46.55","-72.7333333","110.0","SHAWINIGAN CS QUE, CA","  42.8","24","  29.3","24","1016.8","24","003.4"," 8","999.9"," 0","  4.8","24","  9.9"," 18.1","  57.0"," ","  30.4"," "," 0.00","G","999.9","000000"
"71370099999","2020-10-10","46.55","-72.7333333","110.0","SHAWINIGAN CS QUE, CA","  53.6","24","  47.0","24","1003.9","24","991.1"," 8","999.9"," 0","  5.1","24"," 11.1"," 19.0","  70.9","*","  45.0","*"," 0.02","G","999.9","000000"
"71370099999","2020-10-11","46.55","-72.7333333","110.0","SHAWINIGAN CS QUE, CA","  42.6","24","  29.1","24","1020.3","24","005.7"," 8","999.9"," 0","  6.0","24","  8.9"," 16.9","  53.2","*","  34.7","*"," 0.40","G","999.9","000000"
"71370099999","2020-10-12","46.55","-72.7333333","110.0","SHAWINIGAN CS QUE, CA","  39.9","24","  29.5","24","1026.8","24","013.2"," 8","999.9"," 0","  4.0","24","  7.0","999.9","  53.8","*","  30.6","*"," 0.00","G","999.9","000000"
"71370099999","2020-10-13","46.55","-72.7333333","110.0","SHAWINIGAN CS QUE, CA","  41.3","24","  35.2","23","1018.0","24","004.7"," 8","999.9"," 0","  4.4","24","  6.0","999.9","  54.5"," ","  30.6"," "," 0.19","G","999.9","000000"
"71370099999","2020-10-14","46.55","-72.7333333","110.0","SHAWINIGAN CS QUE, CA","  47.4","24","  44.3","24","1010.5","24","997.2"," 8","999.9"," 0","  3.5","24","  7.0","999.9","  56.1","*","  43.5","*"," 0.16","G","999.9","000000"
"71370099999","2020-10-15","46.55","-72.7333333","110.0","SHAWINIGAN CS QUE, CA","  48.1","24","  40.9","23","1009.4","24","996.0"," 8","999.9"," 0","  3.6","24","  8.9"," 18.1","  67.5","*","  34.7","*"," 0.00","G","999.9","000000"
"71370099999","2020-10-16","46.55","-72.7333333","110.0","SHAWINIGAN CS QUE, CA","  49.5","24","  47.7","24","1015.2","24","001.3"," 8","999.9"," 0","  6.3","24","  8.9"," 15.9","  67.8"," ","  36.3"," "," 0.40","G","999.9","000000"
"71370099999","2020-10-17","46.55","-72.7333333","110.0","SHAWINIGAN CS QUE, CA","  45.2","24","  37.9","24","1021.7","24","008.1"," 8","999.9"," 0","  3.8","24","  6.0","999.9","  52.7","*","  40.6","*"," 0.01","G","999.9","000000"
"71370099999","2020-10-18","46.55","-72.7333333","110.0","SHAWINIGAN CS QUE, CA","  40.9","24","  33.6","24","1026.9","24","013.1"," 8","999.9"," 0","  2.6","24","  7.0","999.9","  56.5","*","  30.6","*"," 0.00","G","999.9","000000"
"71370099999","2020-10-19","46.55","-72.7333333","110.0","SHAWINIGAN CS QUE, CA","  50.7","21","  42.2","21","1023.6","21","009.9"," 8","999.9"," 0","  4.1","21","  7.0","999.9","  52.3","*","  48.4","*"," 0.09","G","999.9","000000"
"71370099999","2020-10-20","46.55","-72.7333333","110.0","SHAWINIGAN CS QUE, CA","  43.3","21","  40.1","21","1023.3","21","009.4"," 7","999.9"," 0","  4.3","21","  9.9"," 15.9","  46.6","*","  39.4","*"," 0.78","G","999.9","000000"
"71370099999","2020-10-21","46.55","-72.7333333","110.0","SHAWINIGAN CS QUE, CA","  37.6","24","  36.1","24","1022.9","24","009.7"," 8","999.9"," 0","  4.2","24"," 12.0"," 18.1","  46.6"," ","  31.8"," "," 0.65","G","999.9","000000"
"71370099999","2020-10-22","46.55","-72.7333333","110.0","SHAWINIGAN CS QUE, CA","  44.7","24","  41.9","24","1023.0","24","009.0"," 8","999.9"," 0","  2.5","24","  7.0","999.9","  54.5"," ","  34.2"," "," 0.20","G","999.9","000000"
"71370099999","2020-10-23","46.55","-72.7333333","110.0","SHAWINIGAN CS QUE, CA","  47.6","24","  43.9","24","1019.8","24","006.8"," 8","999.9"," 0","  5.1","24","  8.0","999.9","  54.5"," ","  36.0"," "," 0.02","G","999.9","000000"
"71370099999","2020-10-24","46.55","-72.7333333","110.0","SHAWINIGAN CS QUE, CA","  47.7","24","  40.6","23","1010.5","24","996.8"," 8","999.9"," 0","  6.8","24"," 13.0"," 22.9","  61.5","*","  39.9","*"," 0.14","G","999.9","000000"
"71370099999","2020-10-25","46.55","-72.7333333","110.0","SHAWINIGAN CS QUE, CA","  36.4","24","  20.6","24","1025.0","24","010.8"," 8","999.9"," 0","  4.2","24","  7.0","999.9","  41.7","*","  31.1","*"," 0.00","C","999.9","000000"
"71370099999","2020-10-26","46.55","-72.7333333","110.0","SHAWINIGAN CS QUE, CA","  32.3","24","  25.9","22","1024.9","24","011.4"," 8","999.9"," 0","  3.4","24","  6.0","999.9","  42.1"," ","  30.0"," "," 0.00","A","999.9","000000"
"71370099999","2020-10-27","46.55","-72.7333333","110.0","SHAWINIGAN CS QUE, CA","  31.3","24","  26.3","24","1021.9","24","007.9"," 8","999.9"," 0","  3.5","24","  7.0","999.9","  34.5"," ","  28.0"," "," 0.00","I","999.9","000000"
"71370099999","2020-10-28","46.55","-72.7333333","110.0","SHAWINIGAN CS QUE, CA","  28.4","24","  24.9","23","1017.5","24","004.3"," 8","999.9"," 0","  2.2","24","  5.1","999.9","  34.2"," ","  22.5"," "," 0.00","I","999.9","000000"
"71370099999","2020-10-29","46.55","-72.7333333","110.0","SHAWINIGAN CS QUE, CA","  33.5","16","  31.5","15","1011.8","16","998.1"," 6","999.9"," 0","  2.8","16","  5.1","999.9","  37.6","*","  31.1","*"," 0.00","I","999.9","000000"
"71370099999","2020-10-30","46.55","-72.7333333","110.0","SHAWINIGAN CS QUE, CA","  27.0","17","  17.3","17","1019.0","17","004.3"," 7","999.9"," 0","  6.1","17","  8.9","999.9","  37.9"," ","  20.5"," "," 0.00","I","999.9","000000"
"71370099999","2020-10-31","46.55","-72.7333333","110.0","SHAWINIGAN CS QUE, CA","  26.7","24","  16.9","24","1028.0","24","013.8"," 8","999.9"," 0","  3.6","24","  8.9","999.9","  38.1"," ","  16.3"," "," 0.00","I","999.9","000000"
"71370099999","2020-11-01","46.55","-72.7333333","110.0","SHAWINIGAN CS QUE, CA","  34.2","24","  26.8","24","1013.9","24","001.3"," 8","999.9"," 0","  3.7","24","  9.9"," 15.0","  45.7"," ","  16.3"," "," 0.00","I","999.9","000000"
"71370099999","2020-11-02","46.55","-72.7333333","110.0","SHAWINIGAN CS QUE, CA","  34.6","24","  26.0","24"," 998.0","24","984.4"," 8","999.9"," 0","  8.4","24"," 19.0"," 29.9","  45.9"," ","  26.6"," "," 0.31","B","999.9","000000"
"71370099999","2020-11-03","46.55","-72.7333333","110.0","SHAWINIGAN CS QUE, CA","  27.3","24","  18.0","24","1007.7","24","993.2"," 8","999.9"," 0","  5.4","24","  8.0","999.9","  36.7"," ","  24.3"," "," 0.00","I","999.9","000000"
"71370099999","2020-11-04","46.55","-72.7333333","110.0","SHAWINIGAN CS QUE, CA","  28.6","24","  20.1","24","1026.2","24","012.2"," 8","999.9"," 0","  3.3","24","  6.0","999.9","  34.9","*","  23.0","*"," 0.00","I","999.9","000000"
"71370099999","2020-11-05","46.55","-72.7333333","110.0","SHAWINIGAN CS QUE, CA","  37.4","23","  29.4","23","1021.4","23","008.3"," 7","999.9"," 0","  3.9","23","  9.9"," 15.0","  56.8","*","  25.9","*"," 0.00","I","999.9","000000"
"71370099999","2020-11-06","46.55","-72.7333333","110.0","SHAWINIGAN CS QUE, CA","  46.9","24","  40.8","24","1016.9","24","003.5"," 8","999.9"," 0","  3.9","24"," 11.1"," 16.9","  59.9"," ","  25.7"," "," 0.00","G","999.9","000000"
"71370099999","2020-11-07","46.55","-72.7333333","110.0","SHAWINIGAN CS QUE, CA","  51.4","24","  45.2","24","1017.4","24","003.7"," 8","999.9"," 0","  3.5","24","  7.0","999.9","  60.3"," ","  36.3"," "," 0.00","G","999.9","000000"
"71370099999","2020-11-08","46.55","-72.7333333","110.0","SHAWINIGAN CS QUE, CA","  46.9","24","  38.3","24","1024.1","24","010.3"," 8","999.9"," 0","  3.7","24","  6.0","999.9","  60.3"," ","  39.0"," "," 0.00","G","999.9","000000"
"71370099999","2020-11-09","46.55","-72.7333333","110.0","SHAWINIGAN CS QUE, CA","  42.9","24","  38.0","24","1023.7","24","010.3"," 8","999.9"," 0","  2.7","24","  7.0","999.9","  61.3","*","  31.1","*"," 0.00","G","999.9","000000"
"71370099999","2020-11-10","46.55","-72.7333333","110.0","SHAWINIGAN CS QUE, CA","  53.5","24","  46.1","23","1016.2","24","003.0"," 8","999.9"," 0","  4.4","24","  8.9","999.9","  66.2","*","  39.9","*"," 0.00","G","999.9","000000"
"71370099999","2020-11-11","46.55","-72.7333333","110.0","SHAWINIGAN CS QUE, CA","  56.5","24","  52.8","23","1008.5","24","995.6"," 8","999.9"," 0","  5.0","24"," 12.0"," 20.0","  66.7"," ","  39.4"," "," 0.00","G","999.9","000000"
"71370099999","2020-11-12","46.55","-72.7333333","110.0","SHAWINIGAN CS QUE, CA","  45.5","24","  33.7","24","1014.4","24","000.4"," 8","999.9"," 0","  5.5","24","  9.9"," 18.1","  61.0","*","  36.1","*"," 0.00","G","999.9","000000"
"71370099999","2020-11-13","46.55","-72.7333333","110.0","SHAWINIGAN CS QUE, CA","  32.1","24","  27.0","23","1018.1","24","004.6"," 8","999.9"," 0","  2.9","24","  7.0","999.9","  45.3"," ","  24.6"," "," 0.00","I","999.9","000000"
"71370099999","2020-11-14","46.55","-72.7333333","110.0","SHAWINIGAN CS QUE, CA","  35.1","24","  29.8","24","1014.2","24","000.2"," 8","999.9"," 0","  3.4","24","  7.0","999.9","  41.5"," ","  24.6"," "," 0.01","B","999.9","000000"
"71370099999","2020-11-15","46.55","-72.7333333","110.0","SHAWINIGAN CS QUE, CA","  28.4","24","  22.5","24","1018.7","24","005.6"," 8","999.9"," 0","  3.9","24","  8.9"," 15.0","  41.5"," ","  21.4"," "," 0.00","I","999.9","000000"
"71370099999","2020-11-16","46.55","-72.7333333","110.0","SHAWINIGAN CS QUE, CA","  38.8","24","  34.8","24"," 999.2","24","985.6"," 7","999.9"," 0","  8.6","24"," 13.0"," 20.0","  42.3","*","  33.3","*"," 0.44","C","999.9","000000"
"71370099999","2020-11-17","46.55","-72.7333333","110.0","SHAWINIGAN CS QUE, CA","  31.5","24","  21.5","24","1008.9","24","994.8"," 8","999.9"," 0","  5.9","24","  9.9"," 15.9","  37.2","*","  25.5","*"," 0.01","A","999.9","000000"
"71370099999","2020-11-18","46.55","-72.7333333","110.0","SHAWINIGAN CS QUE, CA","  22.5","19","   8.4","19","1024.1","19","009.9"," 7","999.9"," 0","  6.4","19","  8.9"," 15.9","  34.0"," ","  18.5"," "," 0.00","I","999.9","000000"
"71370099999","2020-11-19","46.55","-72.7333333","110.0","SHAWINIGAN CS QUE, CA","  23.3","24","  12.1","24","1027.0","24","013.4"," 8","999.9"," 0","  4.4","24","  8.0","999.9","  29.1","*","  17.6","*"," 0.00","I","999.9","000000"
"71370099999","2020-11-20","46.55","-72.7333333","110.0","SHAWINIGAN CS QUE, CA","  30.7","24","  24.8","24","1016.9","24","003.3"," 8","999.9"," 0","  2.0","24","  4.1","999.9","  35.4","*","  27.9","*"," 0.00","I","999.9","000000"
"71370099999","2020-11-21","46.55","-72.7333333","110.0","SHAWINIGAN CS QUE, CA","  34.4","24","  24.4","24","1022.9","24","008.3"," 8","999.9"," 0","  4.6","24","  8.9"," 19.0","  39.9"," ","  28.0"," "," 0.00","C","999.9","000000"
"71370099999","2020-11-22","46.55","-72.7333333","110.0","SHAWINIGAN CS QUE, CA","  23.7","24","  17.5","24","1033.6","24","019.7"," 8","999.9"," 0","  2.3","24","  4.1","999.9","  39.9"," ","  16.2"," "," 0.00","I","999.9","000000"
"71370099999","2020-11-23","46.55","-72.7333333","110.0","SHAWINIGAN CS QUE, CA","  31.4","24","  29.3","23","1014.5","24","001.4"," 8","999.9"," 0","  5.7","24","  8.9"," 15.9","  35.1"," ","  16.2"," "," 0.31","A","999.9","000000"
"71370099999","2020-11-24","46.55","-72.7333333","110.0","SHAWINIGAN CS QUE, CA","  24.8","24","  13.9","24","1022.5","24","007.9"," 8","999.9"," 0","  7.4","24"," 12.0"," 19.0","  35.1"," ","  19.9"," "," 0.00","I","999.9","000000"
"71370099999","2020-11-25","46.55","-72.7333333","110.0","SHAWINIGAN CS QUE, CA","  18.3","24","  14.1","24","1027.1","24","013.4"," 8","999.9"," 0","  3.1","24","  5.1","999.9","  28.9"," ","  11.8"," "," 0.00","I","999.9","000000"
"71370099999","2020-11-26","46.55","-72.7333333","110.0","SHAWINIGAN CS QUE, CA","  30.1","24","  28.9","24","1018.4","24","004.9"," 8","999.9"," 0","  5.1","24","  8.9"," 15.0","  33.6"," ","  12.9"," "," 0.00","I","999.9","000000"
"71370099999","2020-11-27","46.55","-72.7333333","110.0","SHAWINIGAN CS QUE, CA","  34.0","24","  33.6","24","1015.0","24","001.3"," 8","999.9"," 0","  1.9","24","  4.1","999.9","  36.0","*","  32.4","*"," 0.08","B","999.9","000000"
"71370099999","2020-11-28","46.55","-72.7333333","110.0","SHAWINIGAN CS QUE, CA","  34.4","24","  33.8","24","1011.6","24","998.1"," 8","999.9"," 0","  1.6","24","  4.1","999.9","  38.3"," ","  31.8"," "," 0.01","C","999.9","000000"
"71370099999","2020-11-29","46.55","-72.7333333","110.0","SHAWINIGAN CS QUE, CA","  34.8","24","  32.5","24","1013.5","24","999.5"," 8","999.9"," 0","  3.7","24","  7.0","999.9","  39.4","*","  31.1","*"," 0.00","B","999.9","000000"
"71370099999","2020-11-30","46.55","-72.7333333","110.0","SHAWINIGAN CS QUE, CA","  35.7","24","  33.1","23","1014.1","24","001.0"," 8","999.9"," 0","  4.6","24"," 15.0"," 23.9","  39.9"," ","  32.0"," "," 0.00","G","999.9","000000"
"71370099999","2020-12-01","46.55","-72.7333333","110.0","SHAWINIGAN CS QUE, CA","  45.5","24","  44.6","23"," 996.7","24","983.6"," 8","999.9"," 0","  5.1","24"," 11.1"," 18.1","  51.8","*","  39.9","*"," 1.28","G","999.9","000000"
"71370099999","2020-12-02","46.55","-72.7333333","110.0","SHAWINIGAN CS QUE, CA","  37.0","24","  35.4","23","1002.4","24","988.4"," 8","999.9"," 0","  5.8","24"," 11.1"," 15.9","  46.6","*","  31.1","*"," 0.39","G","999.9","000000"
"71370099999","2020-12-03","46.55","-72.7333333","110.0","SHAWINIGAN CS QUE, CA","  29.1","24","  25.1","24","1010.7","24","996.8"," 8","999.9"," 0","  6.0","24","  9.9"," 15.9","  38.3"," ","  25.7"," "," 0.00","G","999.9","000000"
"71370099999","2020-12-04","46.55","-72.7333333","110.0","SHAWINIGAN CS QUE, CA","  34.3","24","  32.3","24","1010.9","24","997.3"," 8","999.9"," 0","  4.8","24","  7.0","999.9","  35.4"," ","  25.7"," "," 0.03","C","999.9","000000"
"71370099999","2020-12-05","46.55","-72.7333333","110.0","SHAWINIGAN CS QUE, CA","  32.0","24","  29.9","24","1012.6","24","999.0"," 8","999.9"," 0","  3.4","24"," 12.0"," 18.1","  34.5","*","  27.9","*"," 0.00","I","999.9","000000"
"71370099999","2020-12-06","46.55","-72.7333333","110.0","SHAWINIGAN CS QUE, CA","  24.7","24","  16.8","24","1007.1","24","993.6"," 8","999.9"," 0"," 12.0","24"," 16.9"," 27.0","  35.4"," ","  22.5"," "," 0.00","I","999.9","000000"
"71370099999","2020-12-07","46.55","-72.7333333","110.0","SHAWINIGAN CS QUE, CA","  24.9","24","  15.4","24","1006.9","24","993.2"," 8","999.9"," 0","  6.1","24"," 12.0"," 19.0","  28.4","*","  22.6","*"," 0.00","I","999.9","000000"
"71370099999","2020-12-08","46.55","-72.7333333","110.0","SHAWINIGAN CS QUE, CA","  21.8","24","  13.9","24","1009.2","24","995.4"," 8","999.9"," 0","  6.1","24","  8.9"," 15.9","  24.4","*","  18.3","*"," 0.00","I","999.9","000000"
"71370099999","2020-12-09","46.55","-72.7333333","110.0","SHAWINIGAN CS QUE, CA","  18.7","24","  15.9","24","1005.2","24","991.5"," 8","999.9"," 0","  2.5","24","  4.1","999.9","  25.7","*","  12.4","*"," 0.00","I","999.9","000000"
"71370099999","2020-12-10","46.55","-72.7333333","110.0","SHAWINIGAN CS QUE, CA","  27.9","22","  23.6","22","1010.5","22","995.6"," 8","999.9"," 0","  2.3","22","  7.0"," 16.9","  35.1"," ","  12.9"," "," 0.00","I","999.9","000000"
"71370099999","2020-12-11","46.55","-72.7333333","110.0","SHAWINIGAN CS QUE, CA","  29.4","24","  25.6","24","1018.3","24","004.5"," 8","999.9"," 0","  2.3","24","  5.1","999.9","  35.1"," ","  20.7"," "," 0.00","I","999.9","000000"
"71370099999","2020-12-12","46.55","-72.7333333","110.0","SHAWINIGAN CS QUE, CA","  30.2","24","  26.5","24","1022.2","24","008.4"," 8","999.9"," 0","  5.7","24"," 12.0"," 20.0","  32.5"," ","  26.4"," "," 0.00","I","999.9","000000"
"71370099999","2020-12-13","46.55","-72.7333333","110.0","SHAWINIGAN CS QUE, CA","  32.3","24","  30.7","23","1009.4","24","996.0"," 8","999.9"," 0","  6.9","24"," 13.0"," 21.0","  36.9"," ","  28.0"," "," 0.00","I","999.9","000000"
"71370099999","2020-12-14","46.55","-72.7333333","110.0","SHAWINIGAN CS QUE, CA","  23.3","24","  17.0","24","1013.9","24","000.2"," 8","999.9"," 0","  4.2","24"," 11.1"," 16.9","  36.9"," ","  17.1"," "," 0.00","I","999.9","000000"
"71370099999","2020-12-15","46.55","-72.7333333","110.0","SHAWINIGAN CS QUE, CA","  13.8","24","   3.9","24","1017.8","24","002.9"," 8","999.9"," 0","  6.9","24"," 11.1"," 20.0","  23.9","*","   3.0","*"," 0.00","I","999.9","000000"
"71370099999","2020-12-16","46.55","-72.7333333","110.0","SHAWINIGAN CS QUE, CA","  -2.2","24"," -13.2","24","1034.6","24","020.1"," 8","999.9"," 0","  4.0","24","  8.0","999.9","   5.5","*","  -8.1","*"," 0.00","I","999.9","000000"
"71370099999","2020-12-17","46.55","-72.7333333","110.0","SHAWINIGAN CS QUE, CA","   3.5","24","  -6.9","24","1027.5","24","013.6"," 8","999.9"," 0","  5.3","24","  9.9"," 15.9","  11.3","*","  -0.2","*"," 0.00","I","999.9","000000"
"71370099999","2020-12-18","46.55","-72.7333333","110.0","SHAWINIGAN CS QUE, CA","   8.8","24","  -5.3","24","1028.2","24","013.6"," 8","999.9"," 0","  3.9","24","  6.0","999.9","  21.0","*","   2.1","*"," 0.00","I","999.9","000000"
"71370099999","2020-12-19","46.55","-72.7333333","110.0","SHAWINIGAN CS QUE, CA","  10.3","24","   2.7","24","1028.1","24","013.9"," 8","999.9"," 0","  2.4","24","  7.0","999.9","  22.1","*","   1.0","*"," 0.00","I","999.9","000000"
"71370099999","2020-12-20","46.55","-72.7333333","110.0","SHAWINIGAN CS QUE, CA","  22.4","24","  16.9","24","1019.4","24","005.9"," 8","999.9"," 0","  2.5","24","  5.1","999.9","  27.9","*","  18.9","*"," 0.00","I","999.9","000000"
"71370099999","2020-12-21","46.55","-72.7333333","110.0","SHAWINIGAN CS QUE, CA","  31.3","24","  30.4","23","1009.2","24","995.8"," 8","999.9"," 0","  3.5","24","  6.0","999.9","  33.1"," ","  18.5"," "," 0.00","I","999.9","000000"
"71370099999","2020-12-22","46.55","-72.7333333","110.0","SHAWINIGAN CS QUE, CA","  32.8","24","  30.9","24","1003.2","24","989.6"," 8","999.9"," 0","  2.7","24","  6.0","999.9","  36.3"," ","  30.2"," "," 0.00","I","999.9","000000"
"71370099999","2020-12-23","46.55","-72.7333333","110.0","SHAWINIGAN CS QUE, CA","  19.2","24","  10.7","24","1021.8","24","007.1"," 8","999.9"," 0","  5.5","24"," 12.0"," 22.9","  36.3"," ","  12.0"," "," 0.00","A","999.9","000000"
"71370099999","2020-12-24","46.55","-72.7333333","110.0","SHAWINIGAN CS QUE, CA","  26.2","24","  23.6","24","1016.3","24","002.9"," 8","999.9"," 0","  3.0","24","  6.0","999.9","  37.9","*","  18.5","*"," 0.00","I","999.9","000000"
"71370099999","2020-12-25","46.55","-72.7333333","110.0","SHAWINIGAN CS QUE, CA","  46.2","24","  45.4","23","1000.1","24","987.4"," 8","999.9"," 0","  3.9","24","  8.9","999.9","  52.3","*","  37.8","*"," 2.02","G","999.9","000000"
"71370099999","2020-12-26","46.55","-72.7333333","110.0","SHAWINIGAN CS QUE, CA","  30.0","24","  24.1","24"," 998.1","24","984.3"," 8","999.9"," 0","  9.6","24"," 13.0"," 21.0","  50.4","*","  16.9","*"," 2.07","G","999.9","000000"
"71370099999","2020-12-27","46.55","-72.7333333","110.0","SHAWINIGAN CS QUE, CA","  15.9","24","   4.9","24","1016.5","24","001.7"," 8","999.9"," 0","  4.4","24","  7.0","999.9","  32.5"," ","  10.2"," "," 0.00","G","999.9","000000"
"71370099999","2020-12-28","46.55","-72.7333333","110.0","SHAWINIGAN CS QUE, CA","  24.5","24","  20.1","24","1016.2","24","003.0"," 8","999.9"," 0","  4.6","24","  9.9"," 16.9","  35.6","*","  16.9","*"," 0.00","I","999.9","000000"
"71370099999","2020-12-29","46.55","-72.7333333","110.0","SHAWINIGAN CS QUE, CA","  20.5","24","  10.9","24","1020.8","24","006.1"," 8","999.9"," 0","  6.9","24","  9.9"," 19.0","  35.6"," ","   9.0"," "," 0.00","I","999.9","000000"
"71370099999","2020-12-30","46.55","-72.7333333","110.0","SHAWINIGAN CS QUE, CA","  13.1","24","   8.3","24","1024.9","24","011.6"," 8","999.9"," 0","  3.7","24","  7.0","999.9","  26.2"," ","   5.0"," "," 0.00","I","999.9","000000"
"71370099999","2020-12-31","46.55","-72.7333333","110.0","SHAWINIGAN CS QUE, CA","  27.5","24","  21.9","23","1010.3","24","996.0"," 8","999.9"," 0","  5.0","24","  9.9"," 19.0","  31.6","*","  20.5","*"," 0.00","I","999.9","000000"
