"STATION","DATE","LATITUDE","LONGITUDE","ELEVATION","NAME","TEMP","TEMP_ATTRIBUTES","DEWP","DEWP_ATTRIBUTES","SLP","SLP_ATTRIBUTES","STP","STP_ATTRIBUTES","VISIB","VISIB_ATTRIBUTES","WDSP","WDSP_ATTRIBUTES","MXSPD","GUST","MAX","MAX_ATTRIBUTES","MIN","MIN_ATTRIBUTES","PRCP","PRCP_ATTRIBUTES","SNDP","FRSHTT"
"72100799999","2020-01-01","47.0166666","-109.633333","1256.08","MIKE MOORE, MT US","  41.0","24","  27.5","24"," 995.5","24","999.9"," 0","  9.8","24"," 17.5","24"," 33.0"," 38.1","  46.2"," ","  23.4"," "," 0.01","A","999.9","011000"
"72100799999","2020-01-02","47.0166666","-109.633333","1256.08","MIKE MOORE, MT US","  33.2","23","  25.6","23","1002.5","23","999.9"," 0","  9.0","23"," 11.1","23"," 25.1"," 32.1","  46.2"," ","  25.0"," "," 0.08","G","999.9","111000"
"72100799999","2020-01-03","47.0166666","-109.633333","1256.08","MIKE MOORE, MT US","  26.6","24","  19.9","24","1016.9","24","999.9"," 0","  9.1","24","  8.0","24"," 14.0","999.9","  43.3"," ","   8.1"," "," 0.02","G","999.9","001000"
"72100799999","2020-01-04","47.0166666","-109.633333","1256.08","MIKE MOORE, MT US","  43.1","24","  22.5","24","1011.9","24","999.9"," 0"," 10.0","24"," 19.4","24"," 31.1"," 40.0","  50.0","*","  37.2","*"," 0.03","G","999.9","000000"
"72100799999","2020-01-05","47.0166666","-109.633333","1256.08","MIKE MOORE, MT US","  32.6"," 5","   8.2"," 5","1019.0"," 4","999.9"," 0"," 10.0"," 5"," 15.6"," 5"," 18.1"," 27.0","  34.9","*","  30.6","*"," 0.00","G","999.9","000000"
"72100799999","2020-01-06","47.0166666","-109.633333","1256.08","MIKE MOORE, MT US","  30.7","24","  11.6","24","1021.1","13","999.9"," 0"," 10.0","24"," 14.2","24"," 24.1"," 28.9","  35.2"," ","  25.0"," "," 0.00","I","999.9","000000"
"72100799999","2020-01-07","47.0166666","-109.633333","1256.08","MIKE MOORE, MT US","  34.3","24","  27.2","24","1016.7","24","999.9"," 0"," 10.0","24","  5.6","24"," 15.0"," 19.0","  41.0"," ","  26.8"," ","99.99"," ","999.9","011000"
"72100799999","2020-01-08","47.0166666","-109.633333","1256.08","MIKE MOORE, MT US","  40.3","24","  22.6","24","1003.4","24","999.9"," 0"," 10.0","24"," 14.6","24"," 24.1"," 35.9","  44.8"," ","  26.8"," "," 0.00","I","999.9","000000"
"72100799999","2020-01-09","47.0166666","-109.633333","1256.08","MIKE MOORE, MT US","  16.9","24","  12.9","24","1011.2","24","999.9"," 0","  3.5","24","  4.7","24"," 11.1"," 14.0","  44.8"," ","  10.4"," ","99.99"," ","999.9","101000"
"72100799999","2020-01-10","47.0166666","-109.633333","1256.08","MIKE MOORE, MT US","   8.9","24","   3.1","24","1025.3","20","999.9"," 0","  8.1","24","  8.3","24"," 20.0","999.9","  23.9"," ","  -7.6"," "," 0.01","A","999.9","001000"
"72100799999","2020-01-11","47.0166666","-109.633333","1256.08","MIKE MOORE, MT US","  30.1","23","  17.3","23","1008.6","23","999.9"," 0"," 10.0","23"," 18.5","23"," 25.1"," 32.1","  34.5","*","  24.6","*","99.99"," ","999.9","001000"
"72100799999","2020-01-12","47.0166666","-109.633333","1256.08","MIKE MOORE, MT US","  18.9","23","  10.8","23","1009.6","23","999.9"," 0","  8.3","23","  9.7","23"," 15.0","999.9","  32.2"," ","   3.0"," ","99.99"," ","999.9","001000"
"72100799999","2020-01-13","47.0166666","-109.633333","1256.08","MIKE MOORE, MT US","   0.5","15","  -3.2","15","1015.5","15","999.9"," 0","  9.0","15","  5.3","15","  8.0","999.9","   3.2","*","  -5.8","*","99.99"," ","999.9","001000"
"72100799999","2020-01-24","47.0166666","-109.633333","1256.08","MIKE MOORE, MT US","  46.9"," 8","  25.8"," 8","9999.9"," 0","999.9"," 0"," 10.0"," 8","  7.8"," 8"," 15.0","999.9","  52.9"," ","  39.9"," "," 0.00","I","999.9","000000"
"72100799999","2020-01-25","47.0166666","-109.633333","1256.08","MIKE MOORE, MT US","  38.8","24","  20.7","24","1014.5","20","999.9"," 0"," 10.0","24"," 12.3","24"," 19.0"," 24.1","  52.9"," ","  31.1"," "," 0.00","I","999.9","000000"
"72100799999","2020-01-26","47.0166666","-109.633333","1256.08","MIKE MOORE, MT US","  31.8","23","  20.9","23","1017.9","23","999.9"," 0"," 10.0","23","  6.1","23"," 11.1","999.9","  46.4"," ","  21.4"," "," 0.00","I","999.9","000000"
"72100799999","2020-01-27","47.0166666","-109.633333","1256.08","MIKE MOORE, MT US","  35.6","24","  27.2","24","1016.3","24","999.9"," 0","  9.4","24","  6.9","24"," 12.0","999.9","  45.7"," ","  21.4"," "," 0.05","G","999.9","011000"
"72100799999","2020-01-28","47.0166666","-109.633333","1256.08","MIKE MOORE, MT US","  32.6","23","  19.8","23","1018.2","23","999.9"," 0"," 10.0","23","  8.8","23"," 12.0","999.9","  47.3"," ","  21.4"," "," 0.09","G","999.9","000000"
"72100799999","2020-01-29","47.0166666","-109.633333","1256.08","MIKE MOORE, MT US","  36.7","24","  23.6","24","1018.9","24","999.9"," 0"," 10.0","24","  6.3","24"," 13.0"," 14.0","  47.3"," ","  21.4"," "," 0.00","G","999.9","000000"
"72100799999","2020-01-30","47.0166666","-109.633333","1256.08","MIKE MOORE, MT US","  35.4","24","  22.4","24","1018.1","24","999.9"," 0","  9.9","24"," 12.4","24"," 21.0"," 28.0","  45.3"," ","  30.2"," "," 0.06","G","999.9","011000"
"72100799999","2020-01-31","47.0166666","-109.633333","1256.08","MIKE MOORE, MT US","  40.8","24","  17.6","24","1018.1","20","999.9"," 0"," 10.0","24"," 12.2","24"," 19.0","999.9","  51.1"," ","  27.9"," "," 0.00","G","999.9","010000"
"72100799999","2020-02-01","47.0166666","-109.633333","1256.08","MIKE MOORE, MT US","  51.7","24","  22.1","24","1009.3","22","999.9"," 0"," 10.0","24"," 22.3","24"," 34.0"," 42.0","  61.0"," ","  34.7"," "," 0.01","G","999.9","000000"
"72100799999","2020-02-02","47.0166666","-109.633333","1256.08","MIKE MOORE, MT US","  34.3","24","  21.5","24","1011.1","24","999.9"," 0","  8.4","24"," 10.2","24"," 24.1"," 28.0","  54.9","*","  21.2","*"," 0.00","G","999.9","011000"
"72100799999","2020-02-04","47.0166666","-109.633333","1256.08","MIKE MOORE, MT US","  24.6"," 7","   8.8"," 7","9999.9"," 0","999.9"," 0"," 10.0"," 7"," 12.0"," 7"," 14.0","999.9","  28.2"," ","  16.7"," "," 0.00","I","999.9","000000"
"72100799999","2020-02-05","47.0166666","-109.633333","1256.08","MIKE MOORE, MT US","  27.9","24","  13.1","24","1011.9","21","999.9"," 0"," 10.0","24"," 13.0","24"," 18.1"," 24.1","  39.4"," ","  16.7"," ","99.99"," ","999.9","001000"
"72100799999","2020-02-06","47.0166666","-109.633333","1256.08","MIKE MOORE, MT US","  32.3","24","  24.0","24","1006.3","24","999.9"," 0","  8.1","24"," 12.6","24"," 21.0"," 28.9","  39.4"," ","  22.8"," "," 0.04","B","999.9","011000"
"72100799999","2020-02-07","47.0166666","-109.633333","1256.08","MIKE MOORE, MT US","  25.5","24","  22.6","24","1014.4","19","999.9"," 0","  7.9","24","  6.5","24"," 11.1","999.9","  37.6"," ","  17.6"," "," 0.06","C","999.9","011000"
"72100799999","2020-02-08","47.0166666","-109.633333","1256.08","MIKE MOORE, MT US","  29.9","24","  24.7","24","1008.6","24","999.9"," 0","  8.5","24"," 13.1","24"," 29.9"," 39.0","  36.0"," ","  17.6"," ","99.99"," ","999.9","011000"
"72100799999","2020-02-09","47.0166666","-109.633333","1256.08","MIKE MOORE, MT US","  19.4","24","  13.8","24","1023.5","24","999.9"," 0","  8.2","24"," 12.1","24"," 17.1","999.9","  36.0"," ","   3.6"," ","99.99"," ","999.9","001000"
"72100799999","2020-02-10","47.0166666","-109.633333","1256.08","MIKE MOORE, MT US","  24.8","24","  20.5","24","1024.5","24","999.9"," 0","  8.1","24"," 11.6","24"," 19.0"," 22.0","  30.2","*","  21.2","*","99.99"," ","999.9","001000"
"72100799999","2020-02-11","47.0166666","-109.633333","1256.08","MIKE MOORE, MT US","  24.4","23","  15.0","23","1018.7","23","999.9"," 0","  9.8","23"," 15.1","23"," 22.0","999.9","  37.8"," ","   9.3"," "," 0.00","I","999.9","000000"
"72100799999","2020-02-12","47.0166666","-109.633333","1256.08","MIKE MOORE, MT US","  21.7","24","  19.1","24","1021.7","24","999.9"," 0","  3.7","24"," 11.6","24"," 24.1"," 28.9","  37.8"," ","  13.3"," "," 0.06","G","999.9","011000"
"72100799999","2020-02-13","47.0166666","-109.633333","1256.08","MIKE MOORE, MT US","  17.9","24","  12.5","24","1021.3","24","999.9"," 0"," 10.0","24","  6.3","24"," 15.9","999.9","  34.9"," ","   3.4"," "," 0.01","G","999.9","001000"
"72100799999","2020-02-14","47.0166666","-109.633333","1256.08","MIKE MOORE, MT US","  33.3","23","  19.4","23","1007.1","23","999.9"," 0","  9.8","23"," 16.5","23"," 27.0","999.9","  35.6","*","  28.9","*"," 0.01","G","999.9","010000"
"72100799999","2020-02-15","47.0166666","-109.633333","1256.08","MIKE MOORE, MT US","  25.8","23","  16.3","23","1015.2","22","999.9"," 0"," 10.0","23"," 11.4","23"," 17.1"," 28.0","  36.3"," ","  16.9"," "," 0.00","G","999.9","001000"
"72100799999","2020-02-16","47.0166666","-109.633333","1256.08","MIKE MOORE, MT US","  31.7","24","  22.5","24","1010.8","24","999.9"," 0","  9.2","24"," 11.0","24"," 19.0"," 28.0","  36.0"," ","  16.9"," "," 0.02","A","999.9","011000"
"72100799999","2020-02-17","47.0166666","-109.633333","1256.08","MIKE MOORE, MT US","  23.9","24","  19.4","24","1017.8","24","999.9"," 0","  8.6","24","  7.4","24"," 15.9","999.9","  36.0"," ","  12.0"," "," 0.05","G","999.9","001000"
"72100799999","2020-02-19","47.0166666","-109.633333","1256.08","MIKE MOORE, MT US","  19.7"," 8","   8.8"," 8","9999.9"," 0","999.9"," 0"," 10.0"," 8","  7.5"," 8"," 12.0","999.9","  24.4"," ","  10.2"," "," 0.00","I","999.9","000000"
"72100799999","2020-02-20","47.0166666","-109.633333","1256.08","MIKE MOORE, MT US","  16.8","24","   5.2","24","1032.0","20","999.9"," 0"," 10.0","24","  9.7","24"," 18.1"," 20.0","  37.9"," ","   0.0"," "," 0.00","I","999.9","000000"
"72100799999","2020-02-21","47.0166666","-109.633333","1256.08","MIKE MOORE, MT US","  32.6","22","  13.0","22","1022.2","22","999.9"," 0"," 10.0","22"," 13.8","22"," 18.1","999.9","  42.3","*","  18.0","*"," 0.00","I","999.9","000000"
"72100799999","2020-02-22","47.0166666","-109.633333","1256.08","MIKE MOORE, MT US","  35.7","24","  20.2","24","1015.2","24","999.9"," 0"," 10.0","24"," 13.2","24"," 17.1","999.9","  45.7"," ","  14.2"," "," 0.00","I","999.9","000000"
"72100799999","2020-02-23","47.0166666","-109.633333","1256.08","MIKE MOORE, MT US","  32.1","24","  21.5","24","1016.1","24","999.9"," 0","  9.9","24","  8.2","24"," 20.0","999.9","  45.7"," ","  19.6"," "," 0.00","I","999.9","000000"
"72100799999","2020-02-24","47.0166666","-109.633333","1256.08","MIKE MOORE, MT US","  29.2","24","  23.6","24","1016.2","24","999.9"," 0","  8.2","24"," 15.4","24"," 22.9"," 28.9","  40.5"," ","  19.6"," "," 0.03","G","999.9","011000"
"72100799999","2020-02-25","47.0166666","-109.633333","1256.08","MIKE MOORE, MT US","  22.5","15","  16.9","15","1035.8","11","999.9"," 0"," 10.0","15","  4.4","15","  9.9","999.9","  31.3","*","  17.2","*"," 0.01","G","999.9","001000"
"72100799999","2020-02-26","47.0166666","-109.633333","1256.08","MIKE MOORE, MT US","  36.5","10","  24.3","10","9999.9"," 0","999.9"," 0"," 10.0","10"," 12.4","10"," 19.0","999.9","  41.4","*","  20.8","*"," 0.00","G","999.9","000000"
"72100799999","2020-02-27","47.0166666","-109.633333","1256.08","MIKE MOORE, MT US","  31.0","21","  23.6","21","1025.5","11","999.9"," 0","  8.8","21","  9.8","21"," 15.9"," 22.0","  42.1","*","  21.4","*"," 0.06","G","999.9","011000"
"72100799999","2020-02-28","47.0166666","-109.633333","1256.08","MIKE MOORE, MT US","  37.3","24","  25.8","24","1021.2","19","999.9"," 0"," 10.0","24"," 11.5","24"," 19.0","999.9","  52.2"," ","  20.7"," "," 0.02","G","999.9","000000"
"72100799999","2020-02-29","47.0166666","-109.633333","1256.08","MIKE MOORE, MT US","  40.6","24","  23.7","24","1007.8","24","999.9"," 0"," 10.0","24"," 13.7","24"," 19.0"," 28.9","  52.2"," ","  28.9"," "," 0.00","G","999.9","000000"
"72100799999","2020-03-01","47.0166666","-109.633333","1256.08","MIKE MOORE, MT US","  29.3","24","  17.9","24","1016.3","24","999.9"," 0"," 10.0","24"," 10.5","24"," 15.9","999.9","  45.9"," ","  24.1"," ","99.99"," ","999.9","001000"
"72100799999","2020-03-02","47.0166666","-109.633333","1256.08","MIKE MOORE, MT US","  33.3","24","  16.4","24","1008.8","24","999.9"," 0"," 10.0","24"," 19.3","24"," 33.0"," 42.0","  42.6"," ","  24.1"," "," 0.00","I","999.9","000000"
"72100799999","2020-03-03","47.0166666","-109.633333","1256.08","MIKE MOORE, MT US","  38.5","22","  22.4","22","1007.4","22","999.9"," 0"," 10.0","22"," 17.6","22"," 28.0"," 45.1","  47.8","*","  30.6","*","99.99"," ","999.9","010000"
"72100799999","2020-03-04","47.0166666","-109.633333","1256.08","MIKE MOORE, MT US","  41.4","17","  17.7","17","1008.1","13","999.9"," 0"," 10.0","17"," 17.9","17"," 38.1"," 46.0","  47.7","*","  30.2","*","99.99"," ","999.9","011000"
"72100799999","2020-03-06","47.0166666","-109.633333","1256.08","MIKE MOORE, MT US","  45.9","19","  25.0","19","1013.3"," 7","999.9"," 0"," 10.0","19"," 14.3","19"," 19.0","999.9","  63.0"," ","  37.4"," "," 0.00","I","999.9","000000"
"72100799999","2020-03-07","47.0166666","-109.633333","1256.08","MIKE MOORE, MT US","  43.0","24","  27.2","24","1007.5","22","999.9"," 0"," 10.0","24","  9.3","24"," 15.9","999.9","  63.0"," ","  32.9"," "," 0.00","I","999.9","000000"
"72100799999","2020-03-08","47.0166666","-109.633333","1256.08","MIKE MOORE, MT US","  26.6","19","  22.1","19","1013.3","18","999.9"," 0","  7.5","19","  5.4","19"," 14.0","999.9","  34.7","*","  18.1","*"," 0.02","G","999.9","001000"
"72100799999","2020-03-09","47.0166666","-109.633333","1256.08","MIKE MOORE, MT US","  33.5","23","  23.5","23","1018.8","19","999.9"," 0"," 10.0","23","  5.0","23"," 11.1","999.9","  39.6"," ","  15.8"," "," 0.06","G","999.9","011000"
"72100799999","2020-03-10","47.0166666","-109.633333","1256.08","MIKE MOORE, MT US","  33.2","24","  17.2","24","1020.1","24","999.9"," 0"," 10.0","24"," 11.0","24"," 22.0"," 28.0","  46.2"," ","  25.2"," "," 0.00","G","999.9","000000"
"72100799999","2020-03-11","47.0166666","-109.633333","1256.08","MIKE MOORE, MT US","  42.2","18","  22.4","18","1009.7","18","999.9"," 0","  9.0","18"," 15.8","18"," 24.1"," 31.1","  48.2"," ","  25.2"," "," 0.02","A","999.9","011000"
"72100799999","2020-03-12","47.0166666","-109.633333","1256.08","MIKE MOORE, MT US","  22.8","14","  19.4","14","1018.0","14","999.9"," 0","  7.0","14","  9.3","14"," 22.0"," 22.9","  32.0","*","  14.0","*"," 0.02","A","999.9","001000"
"72100799999","2020-03-14","47.0166666","-109.633333","1256.08","MIKE MOORE, MT US","   5.0"," 8","   0.1"," 8","9999.9"," 0","999.9"," 0","  4.0"," 8","  9.9"," 8"," 15.0","999.9","   7.2"," ","   2.7"," ","99.99"," ","999.9","001000"
"72100799999","2020-03-15","47.0166666","-109.633333","1256.08","MIKE MOORE, MT US","  -0.2","10","  -5.1","10","1038.6"," 6","999.9"," 0","  4.8","10","  8.6","10"," 13.0","999.9","   1.9","*","  -4.4","*","99.99"," ","999.9","001000"
"72100799999","2020-03-17","47.0166666","-109.633333","1256.08","MIKE MOORE, MT US","  37.7"," 5","  24.8"," 5","9999.9"," 0","999.9"," 0"," 10.0"," 5"," 10.8"," 5"," 13.0","999.9","  40.8"," ","  33.6"," "," 0.00","I","999.9","000000"
"72100799999","2020-03-18","47.0166666","-109.633333","1256.08","MIKE MOORE, MT US","  23.3","23","  19.0","23","1018.6","16","999.9"," 0","  8.5","23","  5.0","23"," 12.0","999.9","  31.1","*","  17.6","*"," 0.03","B","999.9","001000"
"72100799999","2020-03-19","47.0166666","-109.633333","1256.08","MIKE MOORE, MT US","  23.4","18","  20.2","18","1023.2","16","999.9"," 0","  7.1","18","  7.7","18"," 11.1","999.9","  30.4"," ","  18.0"," ","99.99"," ","999.9","001000"
"72100799999","2020-03-21","47.0166666","-109.633333","1256.08","MIKE MOORE, MT US","  40.9","14","  23.6","14","9999.9"," 0","999.9"," 0"," 10.0","14"," 11.2","14"," 15.9"," 21.0","  47.5"," ","  30.0"," "," 0.00","I","999.9","000000"
"72100799999","2020-03-31","47.0166666","-109.633333","1256.08","MIKE MOORE, MT US","  42.6"," 4","  22.2"," 4","9999.9"," 0","999.9"," 0"," 10.0"," 4","  9.7"," 4"," 15.0"," 17.1","  45.1","*","  39.2","*","99.99"," ","999.9","010000"
"72100799999","2020-04-01","47.0166666","-109.633333","1256.08","MIKE MOORE, MT US","  20.2","12","  18.0","12","1021.1"," 4","999.9"," 0","  1.5","12"," 12.9","12"," 22.9"," 28.0","  33.8","*","   7.5","*"," 0.05","A","999.9","011000"
"72100799999","2020-04-02","47.0166666","-109.633333","1256.08","MIKE MOORE, MT US","  11.0"," 9","   2.4"," 9","9999.9"," 0","999.9"," 0"," 10.0"," 9","  4.1"," 9"," 11.1","999.9","  16.2","*","   6.3","*"," 0.00","I","999.9","000000"
"72100799999","2020-04-03","47.0166666","-109.633333","1256.08","MIKE MOORE, MT US","  34.0"," 9","  21.1"," 9","9999.9"," 0","999.9"," 0"," 10.0"," 9"," 11.8"," 9"," 18.1","999.9","  37.4","*","  29.3","*"," 0.01","A","999.9","010000"
"72100799999","2020-04-04","47.0166666","-109.633333","1256.08","MIKE MOORE, MT US","  29.3","24","  21.8","24","1012.4","21","999.9"," 0","  9.7","24","  8.0","24"," 15.9"," 22.9","  36.9"," ","  17.8"," ","99.99"," ","999.9","001000"
"72100799999","2020-04-05","47.0166666","-109.633333","1256.08","MIKE MOORE, MT US","  32.4","22","  22.3","22","1009.6","22","999.9"," 0"," 10.0","22","  5.9","22"," 14.0"," 15.0","  53.4"," ","  18.9"," "," 0.00","I","999.9","000000"
"72100799999","2020-04-06","47.0166666","-109.633333","1256.08","MIKE MOORE, MT US","  52.3"," 4","  28.3"," 4","9999.9"," 0","999.9"," 0"," 10.0"," 4"," 12.8"," 4"," 17.1","999.9","  56.3"," ","  49.5"," "," 0.00","I","999.9","000000"
"72100799999","2020-04-07","47.0166666","-109.633333","1256.08","MIKE MOORE, MT US","  43.9","23","  22.3","23","1009.4","17","999.9"," 0"," 10.0","23"," 10.9","23"," 26.0"," 27.0","  56.3"," ","  27.5"," "," 0.00","I","999.9","000000"
"72100799999","2020-04-08","47.0166666","-109.633333","1256.08","MIKE MOORE, MT US","  37.3"," 5","  22.5"," 5","1016.4"," 4","999.9"," 0"," 10.0"," 5","  8.2"," 5"," 18.1"," 28.9","  53.2","*","  26.1","*","99.99"," ","999.9","001000"
"72100799999","2020-04-09","47.0166666","-109.633333","1256.08","MIKE MOORE, MT US","  53.8"," 6","  21.0"," 6","9999.9"," 0","999.9"," 0"," 10.0"," 6","  9.3"," 6"," 17.1","999.9","  57.2"," ","  46.2"," "," 0.00","I","999.9","000000"
"72100799999","2020-04-10","47.0166666","-109.633333","1256.08","MIKE MOORE, MT US","  49.1","20","  25.0","20","1011.5","11","999.9"," 0"," 10.0","20"," 11.4","20"," 19.0"," 22.0","  60.8","*","  35.1","*"," 0.00","I","999.9","000000"
"72100799999","2020-04-11","47.0166666","-109.633333","1256.08","MIKE MOORE, MT US","  32.1","19","  27.3","19","1014.3","16","999.9"," 0","  5.0","19"," 10.7","19"," 20.0","999.9","  61.9"," ","  23.0"," "," 0.13","C","999.9","011000"
"72100799999","2020-04-12","47.0166666","-109.633333","1256.08","MIKE MOORE, MT US","  18.3","12","  15.6","12","1027.9"," 9","999.9"," 0","  4.1","12"," 10.5","12"," 15.9","999.9","  23.0","*","  10.8","*","99.99"," ","999.9","001000"
"72100799999","2020-04-13","47.0166666","-109.633333","1256.08","MIKE MOORE, MT US","  14.4","12","   9.7","12","9999.9"," 0","999.9"," 0","  5.7","12","  8.7","12"," 15.9","999.9","  18.0","*","   9.5","*"," 0.01","G","999.9","001000"
"72100799999","2020-04-16","47.0166666","-109.633333","1256.08","MIKE MOORE, MT US","  30.3"," 6","  17.4"," 6","9999.9"," 0","999.9"," 0"," 10.0"," 6","  6.7"," 6","  8.0","999.9","  33.1"," ","  25.2"," "," 0.00","G","999.9","010000"
"72100799999","2020-04-17","47.0166666","-109.633333","1256.08","MIKE MOORE, MT US","  37.8","11","  19.6","11","9999.9"," 0","999.9"," 0"," 10.0","11"," 11.0","11"," 15.9"," 21.0","  54.9"," ","  21.6"," "," 0.00","I","999.9","000000"
"72100799999","2020-04-18","47.0166666","-109.633333","1256.08","MIKE MOORE, MT US","  38.8","24","  30.8","24","1013.7","18","999.9"," 0"," 10.0","24","  7.6","24"," 15.9"," 19.0","  54.9"," ","  30.0"," "," 0.03","B","999.9","010000"
"72100799999","2020-04-19","47.0166666","-109.633333","1256.08","MIKE MOORE, MT US","  39.0","24","  31.8","24","1015.4","24","999.9"," 0","  9.7","24","  6.8","24"," 15.9"," 25.1","  53.6"," ","  30.0"," "," 0.09","G","999.9","011000"
"72100799999","2020-04-20","47.0166666","-109.633333","1256.08","MIKE MOORE, MT US","  50.3","19","  28.0","19","1015.1","15","999.9"," 0"," 10.0","19","  9.1","19"," 15.0"," 15.9","  61.5"," ","  35.1"," "," 0.00","G","999.9","000000"
"72100799999","2020-04-21","47.0166666","-109.633333","1256.08","MIKE MOORE, MT US","  49.8","24","  29.0","24","1013.6","24","999.9"," 0"," 10.0","24"," 11.0","24"," 17.1"," 25.1","  66.4"," ","  34.3"," "," 0.00","I","999.9","000000"
"72100799999","2020-04-22","47.0166666","-109.633333","1256.08","MIKE MOORE, MT US","  51.5","20","  25.4","20","1013.9","17","999.9"," 0"," 10.0","20"," 10.0","20"," 18.1"," 24.1","  63.7","*","  34.7","*"," 0.00","I","999.9","000000"
"72100799999","2020-04-23","47.0166666","-109.633333","1256.08","MIKE MOORE, MT US","  47.3","24","  34.2","24","1011.8","24","999.9"," 0"," 10.0","24","  9.2","24"," 20.0"," 24.1","  61.5"," ","  34.7"," "," 0.06","B","999.9","010000"
"72100799999","2020-04-24","47.0166666","-109.633333","1256.08","MIKE MOORE, MT US","  44.0","23","  32.6","23","1019.4","23","999.9"," 0"," 10.0","23"," 11.0","23"," 15.9"," 26.0","  55.4","*","  37.6","*"," 0.06","A","999.9","010000"
"72100799999","2020-04-25","47.0166666","-109.633333","1256.08","MIKE MOORE, MT US","  46.1","24","  26.2","24","1020.5","24","999.9"," 0"," 10.0","24","  7.3","24"," 15.9"," 21.0","  62.1"," ","  29.5"," "," 0.00","I","999.9","000000"
"72100799999","2020-04-26","47.0166666","-109.633333","1256.08","MIKE MOORE, MT US","  54.5","24","  24.0","24","1012.6","24","999.9"," 0"," 10.0","24"," 13.4","24"," 21.0"," 27.0","  63.5","*","  46.2","*"," 0.00","I","999.9","000000"
"72100799999","2020-04-27","47.0166666","-109.633333","1256.08","MIKE MOORE, MT US","  52.1","24","  25.1","24","1012.7","24","999.9"," 0"," 10.0","24"," 12.3","24"," 25.1"," 27.0","  65.1"," ","  36.9"," "," 0.00","I","999.9","000000"
"72100799999","2020-04-28","47.0166666","-109.633333","1256.08","MIKE MOORE, MT US","  50.3","22","  24.6","22","1018.6","20","999.9"," 0"," 10.0","22"," 12.6","22"," 21.0"," 26.0","  65.1"," ","  35.6"," ","99.99"," ","999.9","010000"
"72100799999","2020-04-29","47.0166666","-109.633333","1256.08","MIKE MOORE, MT US","  56.6","24","  26.6","24","1020.3","24","999.9"," 0"," 10.0","24","  8.1","24"," 13.0","999.9","  75.4"," ","  35.6"," "," 0.00","I","999.9","000000"
"72100799999","2020-04-30","47.0166666","-109.633333","1256.08","MIKE MOORE, MT US","  63.0","24","  38.3","24","1008.7","23","999.9"," 0"," 10.0","24","  9.7","24"," 15.0"," 21.0","  76.1"," ","  47.8"," ","99.99"," ","999.9","010000"
"72100799999","2020-05-01","47.0166666","-109.633333","1256.08","MIKE MOORE, MT US","  49.7","24","  40.0","24","1013.8","24","999.9"," 0","  9.8","24"," 10.0","24"," 21.0"," 27.0","  70.7"," ","  42.4"," "," 0.31","G","999.9","010000"
"72100799999","2020-05-02","47.0166666","-109.633333","1256.08","MIKE MOORE, MT US","  47.6","24","  29.4","24","1019.0","24","999.9"," 0"," 10.0","24","  3.9","24","  9.9","999.9","  65.1"," ","  30.0"," "," 0.00","G","999.9","000000"
"72100799999","2020-05-03","47.0166666","-109.633333","1256.08","MIKE MOORE, MT US","  51.5","24","  36.3","24","1012.9","24","999.9"," 0"," 10.0","24"," 10.4","24"," 32.1"," 41.0","  65.1"," ","  30.0"," ","99.99"," ","999.9","010010"
"72100799999","2020-05-04","47.0166666","-109.633333","1256.08","MIKE MOORE, MT US","  44.0","21","  18.6","21","1020.3","20","999.9"," 0"," 10.0","21"," 11.3","21"," 19.0"," 25.1","  61.9"," ","  29.7"," "," 0.09","G","999.9","000000"
"72100799999","2020-05-05","47.0166666","-109.633333","1256.08","MIKE MOORE, MT US","  46.8","19","  22.6","19","1025.0","14","999.9"," 0"," 10.0","19"," 10.2","19"," 19.0"," 24.1","  57.7"," ","  29.7"," "," 0.00","G","999.9","000000"
"72100799999","2020-05-06","47.0166666","-109.633333","1256.08","MIKE MOORE, MT US","  44.2","19","  28.6","19","1023.0","19","999.9"," 0","  9.8","19","  5.5","19"," 20.0"," 26.0","  66.2"," ","  30.2"," "," 0.00","I","999.9","000000"
"72100799999","2020-05-07","47.0166666","-109.633333","1256.08","MIKE MOORE, MT US","  42.4","20","  35.0","20","1022.5","13","999.9"," 0","  7.2","20","  9.9","20"," 22.0"," 32.1","  66.2"," ","  30.2"," "," 1.09","G","999.9","011000"
"72100799999","2020-05-08","47.0166666","-109.633333","1256.08","MIKE MOORE, MT US","  44.8","24","  34.3","24","1026.1","20","999.9"," 0"," 10.0","24","  5.3","24"," 14.0"," 21.0","  55.9"," ","  32.0"," "," 0.20","G","999.9","010000"
"72100799999","2020-05-09","47.0166666","-109.633333","1256.08","MIKE MOORE, MT US","  42.2","24","  33.0","24","1030.4","24","999.9"," 0","  9.5","24","  6.3","24"," 22.0"," 27.0","  55.9"," ","  33.3"," "," 0.34","G","999.9","010000"
"72100799999","2020-05-10","47.0166666","-109.633333","1256.08","MIKE MOORE, MT US","  40.2","24","  31.0","24","1030.6","24","999.9"," 0"," 10.0","24","  8.1","24"," 13.0"," 15.9","  52.3"," ","  30.7"," "," 0.00","G","999.9","000000"
"72100799999","2020-05-11","47.0166666","-109.633333","1256.08","MIKE MOORE, MT US","  38.5","24","  24.3","24","1025.2","24","999.9"," 0"," 10.0","24"," 11.0","24"," 15.0","999.9","  45.7"," ","  30.7"," "," 0.00","I","999.9","000000"
"72100799999","2020-05-12","47.0166666","-109.633333","1256.08","MIKE MOORE, MT US","  37.3","23","  31.5","23","1013.7","22","999.9"," 0","  8.0","23","  4.8","23"," 12.0","999.9","  48.7","*","  30.2","*"," 0.06","G","999.9","011000"
"72100799999","2020-05-13","47.0166666","-109.633333","1256.08","MIKE MOORE, MT US","  45.5","24","  37.3","24","1007.3","24","999.9"," 0","  8.3","24","  7.8","24"," 21.0"," 35.9","  57.2","*","  37.4","*"," 0.10","G","999.9","110000"
"72100799999","2020-05-14","47.0166666","-109.633333","1256.08","MIKE MOORE, MT US","  46.6","24","  33.6","24","1012.2","24","999.9"," 0"," 10.0","24","  7.6","24"," 17.1"," 27.0","  61.7"," ","  34.9"," "," 0.11","G","999.9","010000"
"72100799999","2020-05-15","47.0166666","-109.633333","1256.08","MIKE MOORE, MT US","  47.2","23","  36.8","23","1014.8","23","999.9"," 0","  9.8","23","  6.6","23"," 19.0"," 27.0","  61.7"," ","  34.2"," "," 0.00","G","999.9","010010"
"72100799999","2020-05-16","47.0166666","-109.633333","1256.08","MIKE MOORE, MT US","  49.0","24","  38.5","24","1019.5","24","999.9"," 0"," 10.0","24","  8.1","24"," 18.1"," 22.9","  64.0"," ","  34.2"," "," 0.25","G","999.9","010000"
"72100799999","2020-05-17","47.0166666","-109.633333","1256.08","MIKE MOORE, MT US","  56.6","24","  39.2","24","1011.2","24","999.9"," 0"," 10.0","24"," 11.6","24"," 21.0"," 28.9","  71.4"," ","  36.0"," "," 0.00","G","999.9","000000"
"72100799999","2020-05-18","47.0166666","-109.633333","1256.08","MIKE MOORE, MT US","  59.8","24","  46.8","24","1006.6","24","999.9"," 0"," 10.0","24","  7.6","24"," 15.9","999.9","  71.8"," ","  43.0"," ","99.99"," ","999.9","010000"
"72100799999","2020-05-19","47.0166666","-109.633333","1256.08","MIKE MOORE, MT US","  57.4","24","  49.0","24","1008.8","24","999.9"," 0"," 10.0","24","  7.6","24"," 20.0","999.9","  71.8"," ","  46.4"," "," 0.00","I","999.9","000000"
"72100799999","2020-05-20","47.0166666","-109.633333","1256.08","MIKE MOORE, MT US","  53.7","24","  50.9","24","1007.1","24","999.9"," 0","  6.2","24","  7.1","24"," 20.0","999.9","  70.7"," ","  46.4"," "," 0.35","G","999.9","110010"
"72100799999","2020-05-21","47.0166666","-109.633333","1256.08","MIKE MOORE, MT US","  50.1","24","  40.2","24","1005.2","24","999.9"," 0","  9.9","24"," 14.6","24"," 24.1"," 28.9","  61.0"," ","  42.3"," "," 0.63","G","999.9","010000"
"72100799999","2020-05-22","47.0166666","-109.633333","1256.08","MIKE MOORE, MT US","  51.0","23","  32.9","23","1008.4","22","999.9"," 0"," 10.0","23"," 10.4","23"," 24.1"," 29.9","  61.7"," ","  37.2"," "," 0.00","G","999.9","000000"
"72100799999","2020-05-23","47.0166666","-109.633333","1256.08","MIKE MOORE, MT US","  46.0","24","  33.4","24","1014.9","24","999.9"," 0"," 10.0","24","  4.7","24","  9.9","999.9","  61.7"," ","  37.2"," ","99.99"," ","999.9","010000"
"72100799999","2020-05-24","47.0166666","-109.633333","1256.08","MIKE MOORE, MT US","  48.3","24","  39.5","24","1019.3","24","999.9"," 0"," 10.0","24","  5.0","24","  9.9","999.9","  58.3"," ","  38.8"," "," 0.07","G","999.9","010000"
"72100799999","2020-05-25","47.0166666","-109.633333","1256.08","MIKE MOORE, MT US","  52.8","23","  38.6","23","1018.3","23","999.9"," 0"," 10.0","23","  4.6","23","  8.9","999.9","  66.6"," ","  38.7"," "," 0.02","G","999.9","010000"
"72100799999","2020-05-26","47.0166666","-109.633333","1256.08","MIKE MOORE, MT US","  59.0","24","  43.9","24","1012.9","24","999.9"," 0"," 10.0","24","  7.5","24"," 15.0"," 18.1","  70.3"," ","  38.7"," "," 0.05","G","999.9","010000"
"72100799999","2020-05-27","47.0166666","-109.633333","1256.08","MIKE MOORE, MT US","  53.7","21","  41.0","21","1017.2","21","999.9"," 0"," 10.0","21","  5.9","21"," 12.0"," 20.0","  70.3"," ","  39.0"," "," 0.00","G","999.9","000000"
"72100799999","2020-06-05","47.0166666","-109.633333","1256.08","MIKE MOORE, MT US","  76.6"," 5","  48.2"," 5","9999.9"," 0","999.9"," 0"," 10.0"," 5"," 14.8"," 5"," 18.1"," 26.0","  78.4"," ","  71.4"," "," 0.00","I","999.9","000000"
"72100799999","2020-06-06","47.0166666","-109.633333","1256.08","MIKE MOORE, MT US","  63.9","24","  53.2","24"," 999.5","17","999.9"," 0"," 10.0","24","  8.5","24"," 18.1"," 35.0","  78.4"," ","  54.0"," "," 0.02","A","999.9","010000"
"72100799999","2020-06-07","47.0166666","-109.633333","1256.08","MIKE MOORE, MT US","  55.9","24","  45.2","24"," 999.2","24","999.9"," 0","  9.7","24"," 10.1","24"," 22.0"," 32.1","  66.6"," ","  47.1"," "," 0.43","G","999.9","010000"
"72100799999","2020-06-08","47.0166666","-109.633333","1256.08","MIKE MOORE, MT US","  49.0","24","  42.6","24","1008.6","24","999.9"," 0","  9.8","24","  6.9","24"," 19.0"," 25.1","  65.7"," ","  40.3"," "," 0.20","G","999.9","010010"
"72100799999","2020-06-09","47.0166666","-109.633333","1256.08","MIKE MOORE, MT US","  48.3","24","  34.6","24","1019.0","24","999.9"," 0"," 10.0","24","  8.9","24"," 13.0"," 19.0","  60.1"," ","  37.6"," "," 0.06","G","999.9","010000"
"72100799999","2020-06-10","47.0166666","-109.633333","1256.08","MIKE MOORE, MT US","  53.9","24","  38.3","24","1019.9","24","999.9"," 0"," 10.0","24"," 10.8","24"," 20.0"," 22.9","  67.1"," ","  37.6"," "," 0.00","G","999.9","000000"
"72100799999","2020-06-11","47.0166666","-109.633333","1256.08","MIKE MOORE, MT US","  59.7","24","  42.2","24","1020.8","24","999.9"," 0"," 10.0","24","  7.1","24"," 15.0","999.9","  75.7"," ","  40.6"," "," 0.00","I","999.9","000000"
"72100799999","2020-06-12","47.0166666","-109.633333","1256.08","MIKE MOORE, MT US","  69.3","24","  48.2","24","1017.2","24","999.9"," 0"," 10.0","24","  6.8","24"," 22.9"," 26.0","  86.4"," ","  43.7"," ","99.99"," ","999.9","010000"
"72100799999","2020-06-13","47.0166666","-109.633333","1256.08","MIKE MOORE, MT US","  73.0","24","  42.5","24","1003.2","24","999.9"," 0"," 10.0","24","  8.0","24"," 17.1"," 20.0","  87.3"," ","  51.1"," "," 0.00","I","999.9","000000"
"72100799999","2020-06-14","47.0166666","-109.633333","1256.08","MIKE MOORE, MT US","  59.6","24","  36.8","24","1005.4","24","999.9"," 0"," 10.0","24","  8.5","24"," 24.1"," 31.1","  87.3"," ","  49.8"," ","99.99"," ","999.9","010000"
"72100799999","2020-06-15","47.0166666","-109.633333","1256.08","MIKE MOORE, MT US","  54.7","24","  29.3","24","1013.9","24","999.9"," 0"," 10.0","24"," 13.1","24"," 22.0"," 28.0","  72.9"," ","  41.4"," ","99.99"," ","999.9","010000"
"72100799999","2020-06-16","47.0166666","-109.633333","1256.08","MIKE MOORE, MT US","  52.9","24","  44.8","24","1011.1","24","999.9"," 0","  9.8","24","  3.6","24"," 14.0","999.9","  72.9"," ","  41.4"," "," 0.17","B","999.9","010000"
"72100799999","2020-06-17","47.0166666","-109.633333","1256.08","MIKE MOORE, MT US","  47.9","24","  44.1","24","1014.6","24","999.9"," 0"," 10.0","24","  6.0","24"," 15.0"," 20.0","  54.5"," ","  40.5"," "," 0.18","A","999.9","010000"
"72100799999","2020-06-18","47.0166666","-109.633333","1256.08","MIKE MOORE, MT US","  49.2","24","  43.8","24","1021.3","24","999.9"," 0","  9.7","24"," 10.7","24"," 17.1"," 24.1","  57.2"," ","  40.5"," "," 0.11","B","999.9","010000"
"72100799999","2020-06-19","47.0166666","-109.633333","1256.08","MIKE MOORE, MT US","  51.8","23","  43.4","23","1019.2","23","999.9"," 0"," 10.0","23","  5.0","23"," 14.0"," 22.9","  66.9"," ","  43.9"," "," 0.05","B","999.9","010000"
"72100799999","2020-06-20","47.0166666","-109.633333","1256.08","MIKE MOORE, MT US","  58.0","24","  45.2","24","1014.4","24","999.9"," 0"," 10.0","24","  7.7","24"," 15.9"," 22.0","  74.8"," ","  43.3"," ","99.99"," ","999.9","010000"
"72100799999","2020-06-21","47.0166666","-109.633333","1256.08","MIKE MOORE, MT US","  62.4","24","  48.0","24","1012.2","24","999.9"," 0"," 10.0","24","  9.1","24"," 18.1"," 22.9","  74.8"," ","  43.3"," ","99.99"," ","999.9","010000"
"72100799999","2020-06-22","47.0166666","-109.633333","1256.08","MIKE MOORE, MT US","  61.6","24","  47.6","24","1017.8","24","999.9"," 0"," 10.0","24","  5.0","24"," 14.0"," 20.0","  73.6"," ","  48.4"," "," 0.02","G","999.9","010000"
"72100799999","2020-06-23","47.0166666","-109.633333","1256.08","MIKE MOORE, MT US","  64.8","24","  48.0","24","1018.0","24","999.9"," 0"," 10.0","24","  3.3","24","  8.9","999.9","  80.8"," ","  45.9"," "," 0.00","G","999.9","000000"
"72100799999","2020-06-24","47.0166666","-109.633333","1256.08","MIKE MOORE, MT US","  70.2","24","  51.2","24","1011.3","24","999.9"," 0"," 10.0","24","  5.2","24","  9.9","999.9","  84.4"," ","  45.9"," "," 0.00","I","999.9","000000"
"72100799999","2020-06-25","47.0166666","-109.633333","1256.08","MIKE MOORE, MT US","  63.9","24","  52.1","24","1013.1","24","999.9"," 0","  9.8","24","  6.5","24"," 17.1"," 26.0","  84.4"," ","  51.8"," "," 0.08","G","999.9","010010"
"72100799999","2020-06-26","47.0166666","-109.633333","1256.08","MIKE MOORE, MT US","  68.0","24","  47.4","24","1012.8","18","999.9"," 0"," 10.0","24","  5.6","24"," 13.0"," 19.0","  86.0"," ","  50.9"," "," 0.00","G","999.9","000000"
"72100799999","2020-06-27","47.0166666","-109.633333","1256.08","MIKE MOORE, MT US","  68.1","24","  48.8","24","1005.5","24","999.9"," 0"," 10.0","24","  7.5","24"," 15.9"," 25.1","  86.0"," ","  51.3"," "," 0.01","A","999.9","010010"
"72100799999","2020-06-28","47.0166666","-109.633333","1256.08","MIKE MOORE, MT US","  56.0","22","  49.2","22","1003.4","20","999.9"," 0","  9.8","22","  5.7","22"," 13.0"," 22.9","  80.8"," ","  48.6"," "," 0.15","G","999.9","010010"
"72100799999","2020-06-29","47.0166666","-109.633333","1256.08","MIKE MOORE, MT US","  50.9","24","  49.2","24","1007.5","24","999.9"," 0","  5.3","24","  5.9","24"," 11.1","999.9","  62.2"," ","  48.2"," "," 0.80","G","999.9","110000"
"72100799999","2020-06-30","47.0166666","-109.633333","1256.08","MIKE MOORE, MT US","  55.1","24","  44.0","24","1009.1","24","999.9"," 0"," 10.0","24","  6.1","24"," 15.0"," 20.0","  67.5"," ","  44.4"," "," 0.33","G","999.9","010000"
"72100799999","2020-07-01","47.0166666","-109.633333","1256.08","MIKE MOORE, MT US","  59.3","18","  42.0","18","1008.4","12","999.9"," 0"," 10.0","18"," 10.5","18"," 15.9"," 20.0","  69.4"," ","  48.9"," "," 0.00","G","999.9","010010"
"72100799999","2020-07-02","47.0166666","-109.633333","1256.08","MIKE MOORE, MT US","  57.7","24","  38.8","24","1011.6","24","999.9"," 0"," 10.0","24","  9.1","24"," 18.1"," 22.9","  77.2"," ","  40.6"," "," 0.06","G","999.9","010000"
"72100799999","2020-07-03","47.0166666","-109.633333","1256.08","MIKE MOORE, MT US","  61.3","24","  46.5","24","1016.7","24","999.9"," 0"," 10.0","24","  4.0","24"," 14.0"," 17.1","  80.8"," ","  40.6"," "," 0.00","G","999.9","010010"
"72100799999","2020-07-04","47.0166666","-109.633333","1256.08","MIKE MOORE, MT US","  64.5","24","  50.1","24","1016.2","24","999.9"," 0"," 10.0","24","  5.5","24"," 17.1"," 28.9","  81.1"," ","  43.2"," "," 0.02","G","999.9","010000"
"72100799999","2020-07-05","47.0166666","-109.633333","1256.08","MIKE MOORE, MT US","  62.4","24","  47.5","24","1017.2","24","999.9"," 0"," 10.0","24","  6.8","24"," 11.1","999.9","  81.1"," ","  48.4"," "," 0.01","G","999.9","010000"
"72100799999","2020-07-06","47.0166666","-109.633333","1256.08","MIKE MOORE, MT US","  60.7","24","  48.5","24","1016.6","24","999.9"," 0","  9.9","24","  5.4","24"," 14.0","999.9","  76.3"," ","  45.1"," "," 0.00","G","999.9","010000"
"72100799999","2020-07-07","47.0166666","-109.633333","1256.08","MIKE MOORE, MT US","  61.1","23","  51.2","23","1009.7","23","999.9"," 0"," 10.0","23","  7.2","23"," 28.0"," 39.0","  78.3"," ","  45.1"," "," 0.06","G","999.9","010010"
"72100799999","2020-07-08","47.0166666","-109.633333","1256.08","MIKE MOORE, MT US","  59.9","23","  41.7","23","1011.0","23","999.9"," 0"," 10.0","23"," 11.0","23"," 19.0"," 24.1","  82.9"," ","  47.7"," "," 0.09","G","999.9","000000"
"72100799999","2020-07-09","47.0166666","-109.633333","1256.08","MIKE MOORE, MT US","  60.6","23","  42.2","23","1015.1","23","999.9"," 0"," 10.0","23","  5.9","23"," 17.1"," 21.0","  79.3"," ","  41.0"," "," 0.00","G","999.9","000000"
"72100799999","2020-07-10","47.0166666","-109.633333","1256.08","MIKE MOORE, MT US","  60.8","24","  47.6","24","1016.3","18","999.9"," 0"," 10.0","24","  7.5","24"," 22.0"," 28.0","  79.3"," ","  41.0"," "," 0.09","A","999.9","010000"
"72100799999","2020-07-11","47.0166666","-109.633333","1256.08","MIKE MOORE, MT US","  64.1","24","  42.8","24","1021.0","24","999.9"," 0"," 10.0","24","  6.7","24"," 14.0","999.9","  82.0"," ","  44.8"," "," 0.00","I","999.9","000000"
"72100799999","2020-07-12","47.0166666","-109.633333","1256.08","MIKE MOORE, MT US","  66.6","22","  44.4","22","1011.9","22","999.9"," 0"," 10.0","22","  5.6","22"," 20.0"," 27.0","  82.0"," ","  44.8"," "," 0.00","I","999.9","000000"
"72100799999","2020-07-13","47.0166666","-109.633333","1256.08","MIKE MOORE, MT US","  61.8","24","  35.6","24","1011.7","23","999.9"," 0"," 10.0","24","  7.7","24"," 18.1"," 25.1","  79.0"," ","  42.1"," ","99.99"," ","999.9","010000"
"72100799999","2020-07-14","47.0166666","-109.633333","1256.08","MIKE MOORE, MT US","  58.0","24","  35.9","24","1016.5","24","999.9"," 0"," 10.0","24","  5.6","24"," 11.1"," 15.9","  72.9"," ","  41.4"," "," 0.00","I","999.9","000000"
"72100799999","2020-07-15","47.0166666","-109.633333","1256.08","MIKE MOORE, MT US","  54.8","16","  35.3","16","1017.2","16","999.9"," 0"," 10.0","16","  7.5","16","  9.9","999.9","  72.9"," ","  41.4"," "," 0.00","I","999.9","000000"
"72100799999","2020-07-16","47.0166666","-109.633333","1256.08","MIKE MOORE, MT US","  77.6","12","  39.7","12","9999.9"," 0","999.9"," 0"," 10.0","12","  5.8","12"," 13.0"," 15.0","  86.9"," ","  52.9"," "," 0.00","I","999.9","000000"
"72100799999","2020-07-17","47.0166666","-109.633333","1256.08","MIKE MOORE, MT US","  71.8","19","  46.1","19","1009.9","14","999.9"," 0"," 10.0","19","  8.1","19"," 15.9"," 21.0","  84.0"," ","  55.0"," "," 0.03","A","999.9","010010"
"72100799999","2020-07-18","47.0166666","-109.633333","1256.08","MIKE MOORE, MT US","  63.2","24","  48.1","24","1015.2","24","999.9"," 0"," 10.0","24","  6.4","24"," 15.9"," 21.0","  84.0"," ","  50.7"," "," 0.07","G","999.9","010010"
"72100799999","2020-07-19","47.0166666","-109.633333","1256.08","MIKE MOORE, MT US","  64.8","24","  43.0","24","1016.7","24","999.9"," 0"," 10.0","24","  6.8","24"," 15.0","999.9","  80.6"," ","  47.3"," "," 0.00","G","999.9","000000"
"72100799999","2020-07-20","47.0166666","-109.633333","1256.08","MIKE MOORE, MT US","  59.6","14","  44.4","14","1017.2","14","999.9"," 0"," 10.0","14","  5.8","14"," 11.1","999.9","  80.6"," ","  44.1"," "," 0.00","I","999.9","000000"
"72100799999","2020-07-21","47.0166666","-109.633333","1256.08","MIKE MOORE, MT US","  81.3"," 9","  44.2"," 9","9999.9"," 0","999.9"," 0"," 10.0"," 9"," 10.3"," 9"," 14.0"," 18.1","  86.7"," ","  71.8"," "," 0.00","I","999.9","000000"
"72100799999","2020-07-22","47.0166666","-109.633333","1256.08","MIKE MOORE, MT US","  79.2","18","  43.2","18","1008.7","11","999.9"," 0"," 10.0","18","  4.2","18","  8.0"," 15.0","  93.9"," ","  58.3"," "," 0.00","I","999.9","000000"
"72100799999","2020-07-23","47.0166666","-109.633333","1256.08","MIKE MOORE, MT US","  72.6","24","  48.7","24","1007.4","22","999.9"," 0"," 10.0","24","  7.2","24"," 28.0"," 34.0","  93.9"," ","  56.3"," "," 0.02","A","999.9","010010"
"72100799999","2020-07-24","47.0166666","-109.633333","1256.08","MIKE MOORE, MT US","  63.7","19","  49.8","19","1010.5","19","999.9"," 0"," 10.0","19","  8.5","19"," 17.1","999.9","  82.0"," ","  53.2"," "," 0.02","A","999.9","000000"
"72100799999","2020-07-25","47.0166666","-109.633333","1256.08","MIKE MOORE, MT US","  64.5","18","  42.9","18","1014.6"," 8","999.9"," 0"," 10.0","18","  4.0","18","  8.0","999.9","  81.0"," ","  50.7"," "," 0.01","G","999.9","010000"
"72100799999","2020-07-26","47.0166666","-109.633333","1256.08","MIKE MOORE, MT US","  65.6","24","  37.2","24","1020.2","24","999.9"," 0"," 10.0","24","  5.4","24"," 11.1","999.9","  83.7"," ","  45.1"," "," 0.00","G","999.9","000000"
"72100799999","2020-07-27","47.0166666","-109.633333","1256.08","MIKE MOORE, MT US","  68.5","23","  37.2","23","1019.8","23","999.9"," 0"," 10.0","23","  5.9","23"," 12.0","999.9","  89.1"," ","  45.1"," "," 0.00","I","999.9","000000"
"72100799999","2020-07-28","47.0166666","-109.633333","1256.08","MIKE MOORE, MT US","  65.4","15","  40.9","15","1012.5","15","999.9"," 0"," 10.0","15","  4.7","15"," 11.1","999.9","  89.1"," ","  47.8"," "," 0.00","I","999.9","000000"
"72100799999","2020-08-13","47.0166666","-109.633333","1256.08","MIKE MOORE, MT US","  62.2","24","  35.5","24","1014.9","16","999.9"," 0"," 10.0","24","  4.7","24"," 11.1","999.9","  86.2"," ","  47.3"," "," 0.00","I","999.9","000000"
"72100799999","2020-08-14","47.0166666","-109.633333","1256.08","MIKE MOORE, MT US","  59.2","24","  32.2","24","1018.7","24","999.9"," 0"," 10.0","24","  6.7","24"," 12.0"," 17.1","  76.6"," ","  39.2"," "," 0.00","I","999.9","000000"
"72100799999","2020-08-15","47.0166666","-109.633333","1256.08","MIKE MOORE, MT US","  64.0","23","  30.7","23","1019.2","23","999.9"," 0"," 10.0","23","  6.5","23","  9.9","999.9","  84.7"," ","  39.2"," "," 0.00","I","999.9","000000"
"72100799999","2020-08-16","47.0166666","-109.633333","1256.08","MIKE MOORE, MT US","  70.7","24","  34.0","24","1019.8","24","999.9"," 0"," 10.0","24","  5.7","24","  9.9"," 15.0","  91.6"," ","  46.0"," "," 0.00","I","999.9","000000"
"72100799999","2020-08-17","47.0166666","-109.633333","1256.08","MIKE MOORE, MT US","  77.1","21","  30.9","21","1018.5","19","999.9"," 0"," 10.0","21","  5.6","21"," 11.1","999.9","  95.7"," ","  49.8"," "," 0.00","I","999.9","000000"
"72100799999","2020-08-18","47.0166666","-109.633333","1256.08","MIKE MOORE, MT US","  76.3","24","  38.3","24","1017.8","23","999.9"," 0"," 10.0","24","  7.3","24"," 15.9"," 19.0","  95.7"," ","  55.0"," "," 0.00","I","999.9","000000"
"72100799999","2020-08-19","47.0166666","-109.633333","1256.08","MIKE MOORE, MT US","  72.8","20","  42.3","20","1014.9","18","999.9"," 0"," 10.0","20","  4.6","20"," 22.9"," 28.9","  91.6"," ","  53.6"," ","99.99"," ","999.9","010000"
"72100799999","2020-08-20","47.0166666","-109.633333","1256.08","MIKE MOORE, MT US","  75.3","20","  45.5","20","1009.2","14","999.9"," 0"," 10.0","20","  5.5","20","  9.9","999.9","  86.7"," ","  61.0"," "," 0.00","I","999.9","000000"
"72100799999","2020-08-21","47.0166666","-109.633333","1256.08","MIKE MOORE, MT US","  62.4","18","  47.7","18","1011.9","18","999.9"," 0"," 10.0","18","  6.9","18"," 13.0"," 28.0","  86.7"," ","  50.4"," "," 0.01","G","999.9","010010"
"72100799999","2020-08-22","47.0166666","-109.633333","1256.08","MIKE MOORE, MT US","  84.3"," 9","  40.1"," 9","9999.9"," 0","999.9"," 0","  8.1"," 9","  8.1"," 9"," 13.0","999.9","  88.3"," ","  78.6"," "," 0.00","G","999.9","000000"
"72100799999","2020-08-23","47.0166666","-109.633333","1256.08","MIKE MOORE, MT US","  82.6","10","  37.4","10","9999.9"," 0","999.9"," 0"," 10.0","10","  6.6","10"," 15.0"," 21.0","  87.4","*","  69.3","*"," 0.00","I","999.9","000000"
"72100799999","2020-08-25","47.0166666","-109.633333","1256.08","MIKE MOORE, MT US","  74.0","10","  40.5","10","9999.9"," 0","999.9"," 0","  6.4","10","  3.1","10","  8.0","999.9","  84.2","*","  56.8","*"," 0.00","I","999.9","000000"
"72100799999","2020-08-26","47.0166666","-109.633333","1256.08","MIKE MOORE, MT US","  67.5","24","  47.3","24","1012.2","21","999.9"," 0","  9.9","24","  6.5","24"," 15.9"," 26.0","  86.0"," ","  54.9"," "," 0.16","G","999.9","010000"
"72100799999","2020-08-27","47.0166666","-109.633333","1256.08","MIKE MOORE, MT US","  69.9","24","  43.7","24","1009.7","24","999.9"," 0"," 10.0","24","  8.1","24"," 14.0"," 18.1","  83.1"," ","  54.9"," "," 0.00","G","999.9","010000"
"72100799999","2020-08-28","47.0166666","-109.633333","1256.08","MIKE MOORE, MT US","  61.7","24","  38.0","24","1017.4","21","999.9"," 0"," 10.0","24","  7.8","24"," 17.1"," 22.0","  80.1"," ","  42.4"," "," 0.00","I","999.9","000000"
"72100799999","2020-08-29","47.0166666","-109.633333","1256.08","MIKE MOORE, MT US","  78.7","14","  30.6","14","1009.9"," 8","999.9"," 0"," 10.0","14"," 10.7","14"," 18.1"," 24.1","  88.2"," ","  57.4"," "," 0.00","I","999.9","000000"
"72100799999","2020-08-30","47.0166666","-109.633333","1256.08","MIKE MOORE, MT US","  64.4"," 8","  32.2"," 8","1007.9"," 5","999.9"," 0"," 10.0"," 8","  9.9"," 8"," 15.9","999.9","  82.4","*","  52.2","*","99.99"," ","999.9","010000"
"72100799999","2020-08-31","47.0166666","-109.633333","1256.08","MIKE MOORE, MT US","  57.6","17","  27.7","17","1011.3"," 5","999.9"," 0"," 10.0","17","  7.9","17"," 13.0"," 15.9","  66.4"," ","  50.0"," "," 0.00","I","999.9","000000"
"72100799999","2020-09-01","47.0166666","-109.633333","1256.08","MIKE MOORE, MT US","  60.0","24","  32.9","24","1010.7","24","999.9"," 0"," 10.0","24"," 14.5","24"," 26.0"," 32.1","  78.8"," ","  46.9"," "," 0.00","I","999.9","000000"
"72100799999","2020-09-02","47.0166666","-109.633333","1256.08","MIKE MOORE, MT US","  68.8","10","  37.0","10","1010.5"," 9","999.9"," 0"," 10.0","10"," 13.6","10"," 29.9"," 44.1","  78.8"," ","  46.9"," "," 0.00","I","999.9","000000"
"72100799999","2020-09-03","47.0166666","-109.633333","1256.08","MIKE MOORE, MT US","  56.1"," 5","  32.1"," 5","1019.0"," 4","999.9"," 0"," 10.0"," 5","  4.8"," 5","  9.9","999.9","  63.7","*","  48.9","*"," 0.00","I","999.9","000000"
"72100799999","2020-09-04","47.0166666","-109.633333","1256.08","MIKE MOORE, MT US","  74.5","12","  33.9","12","9999.9"," 0","999.9"," 0"," 10.0","12","  3.0","12","  7.0","999.9","  85.3"," ","  54.9"," "," 0.00","I","999.9","000000"
"72100799999","2020-09-05","47.0166666","-109.633333","1256.08","MIKE MOORE, MT US","  90.5"," 9","  28.6"," 9","9999.9"," 0","999.9"," 0"," 10.0"," 9"," 12.1"," 9"," 24.1"," 28.0","  96.8","*","  81.5","*"," 0.00","I","999.9","000000"
"72100799999","2020-09-06","47.0166666","-109.633333","1256.08","MIKE MOORE, MT US","  65.1","21","  33.9","21","1018.5","17","999.9"," 0","  9.9","21","  6.0","21"," 11.1","999.9","  85.8","*","  52.7","*"," 0.00","I","999.9","000000"
"72100799999","2020-09-08","47.0166666","-109.633333","1256.08","MIKE MOORE, MT US","  38.3","23","  28.3","23","1032.9","11","999.9"," 0"," 10.0","23","  5.3","23"," 13.0"," 17.1","  51.1"," ","  28.4"," "," 0.63","G","999.9","010000"
"72100799999","2020-09-09","47.0166666","-109.633333","1256.08","MIKE MOORE, MT US","  49.8","24","  31.4","24","1027.0","24","999.9"," 0"," 10.0","24","  6.7","24","  8.9","999.9","  66.7"," ","  28.4"," "," 0.00","G","999.9","000000"
"72100799999","2020-09-10","47.0166666","-109.633333","1256.08","MIKE MOORE, MT US","  55.1","24","  36.4","24","1025.0","22","999.9"," 0"," 10.0","24","  4.2","24","  8.9","999.9","  75.6"," ","  36.0"," "," 0.00","I","999.9","000000"
"72100799999","2020-09-11","47.0166666","-109.633333","1256.08","MIKE MOORE, MT US","  58.3","21","  32.2","21","1016.7","21","999.9"," 0","  9.5","21","  6.9","21"," 31.1","999.9","  79.3"," ","  38.7"," "," 0.00","I","999.9","000000"
"72100799999","2020-09-12","47.0166666","-109.633333","1256.08","MIKE MOORE, MT US","  61.6","24","  36.6","24","1015.0","21","999.9"," 0"," 10.0","24","  4.6","24","  9.9","999.9","  83.1"," ","  41.5"," "," 0.00","I","999.9","000000"
"72100799999","2020-09-13","47.0166666","-109.633333","1256.08","MIKE MOORE, MT US","  57.6","24","  40.2","24","1017.4","24","999.9"," 0"," 10.0","24","  5.2","24"," 12.0","999.9","  83.1"," ","  41.0"," "," 0.00","I","999.9","000000"
"72100799999","2020-09-14","47.0166666","-109.633333","1256.08","MIKE MOORE, MT US","  66.3","23","  31.3","23","1016.1","23","999.9"," 0","  6.3","23","  8.3","23"," 17.1"," 22.9","  86.5"," ","  41.0"," "," 0.00","I","999.9","000000"
"72100799999","2020-09-15","47.0166666","-109.633333","1256.08","MIKE MOORE, MT US","  60.1","24","  35.3","24","1019.0","21","999.9"," 0","  4.7","24","  5.2","24"," 19.0"," 25.1","  86.5"," ","  40.3"," "," 0.00","I","999.9","000000"
"72100799999","2020-09-16","47.0166666","-109.633333","1256.08","MIKE MOORE, MT US","  53.4","24","  40.3","24","1024.9","24","999.9"," 0","  7.7","24","  3.9","24","  8.0","999.9","  82.6"," ","  39.7"," "," 0.00","I","999.9","000000"
"72100799999","2020-09-17","47.0166666","-109.633333","1256.08","MIKE MOORE, MT US","  57.2","24","  39.9","24","1022.3","24","999.9"," 0","  6.7","24","  5.5","24"," 11.1","999.9","  76.5"," ","  39.7"," "," 0.00","I","999.9","000000"
"72100799999","2020-09-18","47.0166666","-109.633333","1256.08","MIKE MOORE, MT US","  66.5"," 8","  38.3"," 8","9999.9"," 0","999.9"," 0","  6.4"," 8","  4.4"," 8"," 11.1","999.9","  81.0","*","  45.3","*"," 0.00","I","999.9","000000"
"72100799999","2020-09-19","47.0166666","-109.633333","1256.08","MIKE MOORE, MT US","  62.6","22","  41.0","22","1009.6","16","999.9"," 0","  9.0","22","  6.6","22"," 14.0"," 22.0","  83.5"," ","  45.1"," "," 0.04","A","999.9","010000"
"72100799999","2020-09-20","47.0166666","-109.633333","1256.08","MIKE MOORE, MT US","  55.9","20","  40.9","20","1012.0","20","999.9"," 0"," 10.0","20"," 12.1","20"," 18.1"," 25.1","  72.3"," ","  50.5"," "," 0.01","A","999.9","000000"
"72100799999","2020-09-21","47.0166666","-109.633333","1256.08","MIKE MOORE, MT US","  69.8","10","  30.1","10","9999.9"," 0","999.9"," 0"," 10.0","10","  9.2","10"," 14.0"," 19.0","  76.1","*","  54.3","*"," 0.00","I","999.9","000000"
"72100799999","2020-09-22","47.0166666","-109.633333","1256.08","MIKE MOORE, MT US","  72.2","10","  30.5","10","9999.9"," 0","999.9"," 0"," 10.0","10","  7.9","10"," 18.1"," 24.1","  81.0"," ","  56.5"," ","99.99"," ","999.9","010000"
"72100799999","2020-09-23","47.0166666","-109.633333","1256.08","MIKE MOORE, MT US","  61.3"," 4","  41.0"," 4","9999.9"," 0","999.9"," 0"," 10.0"," 4","  6.0"," 4"," 14.0"," 22.9","  63.7","*","  60.1","*"," 0.00","I","999.9","000000"
"72100799999","2020-09-26","47.0166666","-109.633333","1256.08","MIKE MOORE, MT US","  56.7"," 5","  20.0"," 5","9999.9"," 0","999.9"," 0"," 10.0"," 5"," 20.0"," 5"," 27.0"," 34.0","  59.9"," ","  54.5"," "," 0.00","I","999.9","000000"
"72100799999","2020-09-27","47.0166666","-109.633333","1256.08","MIKE MOORE, MT US","  48.2","19","  24.8","19","1024.1","11","999.9"," 0"," 10.0","19"," 11.2","19"," 15.9"," 24.1","  57.6"," ","  35.2"," ","99.99"," ","999.9","010000"
"72100799999","2020-09-28","47.0166666","-109.633333","1256.08","MIKE MOORE, MT US","  47.3","24","  22.9","24","1028.3","24","999.9"," 0"," 10.0","24","  7.0","24"," 11.1"," 15.0","  72.0"," ","  31.5"," "," 0.00","I","999.9","000000"
"72100799999","2020-09-29","47.0166666","-109.633333","1256.08","MIKE MOORE, MT US","  65.9","16","  28.1","16","1020.6"," 8","999.9"," 0"," 10.0","16"," 13.0","16"," 22.9"," 28.0","  78.6"," ","  48.2"," "," 0.00","I","999.9","000000"
"72100799999","2020-09-30","47.0166666","-109.633333","1256.08","MIKE MOORE, MT US","  52.7","23","  29.4","23","1027.3","23","999.9"," 0"," 10.0","23","  7.3","23"," 15.0","999.9","  78.6"," ","  40.5"," "," 0.00","I","999.9","000000"
"72100799999","2020-10-01","47.0166666","-109.633333","1256.08","MIKE MOORE, MT US","  52.1","22","  28.1","22","1029.8","19","999.9"," 0"," 10.0","22","  3.3","22","  7.0","999.9","  70.0"," ","  33.4"," "," 0.00","I","999.9","000000"
"72100799999","2020-10-02","47.0166666","-109.633333","1256.08","MIKE MOORE, MT US","  54.6","24","  32.0","24","1022.4","24","999.9"," 0"," 10.0","24","  7.7","24"," 12.0"," 14.0","  70.0"," ","  33.4"," "," 0.00","I","999.9","000000"
"72100799999","2020-10-03","47.0166666","-109.633333","1256.08","MIKE MOORE, MT US","  53.1","20","  33.3","20","1023.9","18","999.9"," 0"," 10.0","20","  4.8","20","  9.9","999.9","  67.6"," ","  39.7"," "," 0.00","I","999.9","000000"
"72100799999","2020-10-04","47.0166666","-109.633333","1256.08","MIKE MOORE, MT US","  60.8","22","  30.3","22","1015.0","21","999.9"," 0"," 10.0","22"," 11.2","22"," 18.1"," 25.1","  79.3"," ","  37.6"," "," 0.00","I","999.9","000000"
"72100799999","2020-10-05","47.0166666","-109.633333","1256.08","MIKE MOORE, MT US","  60.6","24","  31.8","24","1015.4","24","999.9"," 0"," 10.0","24","  5.8","24"," 14.0","999.9","  79.3"," ","  48.4"," "," 0.00","I","999.9","000000"
"72100799999","2020-10-06","47.0166666","-109.633333","1256.08","MIKE MOORE, MT US","  63.7","24","  30.0","24","1014.9","24","999.9"," 0"," 10.0","24"," 12.3","24"," 21.0"," 28.9","  80.8"," ","  51.3"," "," 0.00","I","999.9","000000"
"72100799999","2020-10-07","47.0166666","-109.633333","1256.08","MIKE MOORE, MT US","  54.1","10","  33.3","10","1015.4","10","999.9"," 0"," 10.0","10","  7.4","10"," 12.0","999.9","  70.5","*","  45.0","*"," 0.00","I","999.9","000000"
"72100799999","2020-10-10","47.0166666","-109.633333","1256.08","MIKE MOORE, MT US","  77.7"," 5","  16.1"," 5","9999.9"," 0","999.9"," 0"," 10.0"," 5"," 18.2"," 5"," 20.0","999.9","  79.7","*","  76.6","*"," 0.00","I","999.9","000000"
"72100799999","2020-10-12","47.0166666","-109.633333","1256.08","MIKE MOORE, MT US","  54.0"," 4","  30.6"," 4","9999.9"," 0","999.9"," 0"," 10.0"," 4"," 22.5"," 4"," 28.0"," 39.0","  61.5","*","  47.5","*","99.99"," ","999.9","010000"
"72100799999","2020-10-13","47.0166666","-109.633333","1256.08","MIKE MOORE, MT US","  41.0","12","  28.6","12","9999.9"," 0","999.9"," 0"," 10.0","12"," 10.6","12"," 24.1"," 27.0","  52.0","*","  29.8","*"," 0.02","G","999.9","010000"
"72100799999","2020-10-14","47.0166666","-109.633333","1256.08","MIKE MOORE, MT US","  43.7","18","  28.2","18","1012.7","15","999.9"," 0"," 10.0","18"," 14.1","18"," 22.9"," 28.0","  54.0"," ","  29.3"," "," 0.06","G","999.9","000000"
"72100799999","2020-10-15","47.0166666","-109.633333","1256.08","MIKE MOORE, MT US","  34.6","23","  24.6","23","1028.2","19","999.9"," 0","  9.2","23","  7.7","23"," 26.0"," 29.9","  46.0"," ","  27.5"," "," 0.03","G","999.9","011000"
"72100799999","2020-10-16","47.0166666","-109.633333","1256.08","MIKE MOORE, MT US","  37.1","24","  26.9","24","1020.2","24","999.9"," 0"," 10.0","24"," 12.4","24"," 24.1"," 28.9","  53.8"," ","  23.0"," "," 0.00","G","999.9","010000"
"72100799999","2020-10-17","47.0166666","-109.633333","1256.08","MIKE MOORE, MT US","  31.7","24","  27.9","24","1017.2","24","999.9"," 0","  4.5","24"," 10.3","24"," 22.0"," 29.9","  51.8","*","  19.4","*"," 0.07","G","999.9","011000"
"72100799999","2020-10-18","47.0166666","-109.633333","1256.08","MIKE MOORE, MT US","  19.6","24","  17.1","24","1027.6","24","999.9"," 0","  3.8","24","  3.4","24","  9.9","999.9","  31.6"," ","  17.1"," "," 0.10","G","999.9","001000"
"72100799999","2020-10-19","47.0166666","-109.633333","1256.08","MIKE MOORE, MT US","  21.7","16","  19.5","16","1021.2","16","999.9"," 0","  4.5","16","  3.0","16","  8.9","999.9","  24.8","*","  20.5","*"," 0.20","G","999.9","001000"
