"STATION","DATE","LATITUDE","LONGITUDE","ELEVATION","NAME","TEMP","TEMP_ATTRIBUTES","DEWP","DEWP_ATTRIBUTES","SLP","SLP_ATTRIBUTES","STP","STP_ATTRIBUTES","VISIB","VISIB_ATTRIBUTES","WDSP","WDSP_ATTRIBUTES","MXSPD","GUST","MAX","MAX_ATTRIBUTES","MIN","MIN_ATTRIBUTES","PRCP","PRCP_ATTRIBUTES","SNDP","FRSHTT"
"72314013881","2020-01-01","35.2236","-80.9552","221.9","CHARLOTTE DOUGLAS AIRPORT, NC US","  44.9","24","  28.6","24","1013.4","24","985.7","24"," 10.0","24","  5.1","24","  9.9","999.9","  57.9"," ","  32.0"," "," 0.00","G","999.9","000000"
"72314013881","2020-01-02","35.2236","-80.9552","221.9","CHARLOTTE DOUGLAS AIRPORT, NC US","  45.3","24","  32.3","24","1016.6","24","988.8","24","  9.9","24","  5.3","24","  8.0","999.9","  55.9"," ","  32.0"," "," 0.00","G","999.9","010000"
"72314013881","2020-01-03","35.2236","-80.9552","221.9","CHARLOTTE DOUGLAS AIRPORT, NC US","  48.5","24","  46.1","24","1013.7","16","986.0","24","  4.3","24","  2.8","24","  8.0","999.9","  55.4","*","  46.0","*"," 0.42","G","999.9","110000"
"72314013881","2020-01-04","35.2236","-80.9552","221.9","CHARLOTTE DOUGLAS AIRPORT, NC US","  56.6","24","  51.5","24","1009.4","19","982.1","24","  6.8","24","  7.4","24"," 19.0"," 27.0","  66.0"," ","  46.0"," "," 0.61","G","999.9","010000"
"72314013881","2020-01-05","35.2236","-80.9552","221.9","CHARLOTTE DOUGLAS AIRPORT, NC US","  43.5","24","  26.7","24","1019.8","24","991.9","24"," 10.0","24","  7.1","24"," 15.9"," 25.1","  66.0"," ","  33.1"," "," 0.16","G","999.9","000000"
"72314013881","2020-01-06","35.2236","-80.9552","221.9","CHARLOTTE DOUGLAS AIRPORT, NC US","  46.3","24","  26.6","24","1020.0","24","992.0","24"," 10.0","24","  3.6","24","  8.0","999.9","  63.0"," ","  30.0"," "," 0.00","G","999.9","000000"
"72314013881","2020-01-07","35.2236","-80.9552","221.9","CHARLOTTE DOUGLAS AIRPORT, NC US","  47.0","24","  33.6","24","1017.2","23","989.0","24","  9.2","24","  5.8","24"," 17.1"," 27.0","  63.0"," ","  30.0"," "," 0.00","G","999.9","010000"
"72314013881","2020-01-08","35.2236","-80.9552","221.9","CHARLOTTE DOUGLAS AIRPORT, NC US","  44.5","24","  24.9","24","1024.3","24","996.2","24"," 10.0","24","  4.3","24","  9.9"," 15.0","  62.1"," ","  28.9"," "," 0.09","G","999.9","000000"
"72314013881","2020-01-09","35.2236","-80.9552","221.9","CHARLOTTE DOUGLAS AIRPORT, NC US","  45.3","24","  25.0","24","1034.2","24","005.9","24"," 10.0","24","  4.4","24","  9.9"," 21.0","  62.1"," ","  28.0"," "," 0.00","G","999.9","000000"
"72314013881","2020-01-10","35.2236","-80.9552","221.9","CHARLOTTE DOUGLAS AIRPORT, NC US","  50.9","24","  35.7","24","1034.3","24","006.2","24"," 10.0","24","  4.9","24","  8.9","999.9","  57.9","*","  46.0","*"," 0.00","G","999.9","000000"
"72314013881","2020-01-11","35.2236","-80.9552","221.9","CHARLOTTE DOUGLAS AIRPORT, NC US","  62.0","24","  57.3","24","1025.4","17","997.3","24","  8.0","24"," 10.2","24"," 21.0"," 24.1","  70.0"," ","  46.0"," "," 0.06","G","999.9","010000"
"72314013881","2020-01-12","35.2236","-80.9552","221.9","CHARLOTTE DOUGLAS AIRPORT, NC US","  66.1","24","  57.7","24","1022.3","20","993.9","24"," 10.0","24"," 11.2","24"," 22.0"," 33.0","  72.0"," ","  55.0"," "," 0.50","G","999.9","010000"
"72314013881","2020-01-13","35.2236","-80.9552","221.9","CHARLOTTE DOUGLAS AIRPORT, NC US","  62.1","24","  59.4","24","1026.6","16","999.0","24","  6.4","24","  4.3","24","  7.0","999.9","  72.0"," ","  59.0"," "," 0.20","G","999.9","110000"
"72314013881","2020-01-14","35.2236","-80.9552","221.9","CHARLOTTE DOUGLAS AIRPORT, NC US","  62.7","24","  60.1","24","1023.3","15","996.6","24","  6.0","24","  4.7","24"," 11.1","999.9","  64.9"," ","  61.0"," "," 0.72","G","999.9","110010"
"72314013881","2020-01-15","35.2236","-80.9552","221.9","CHARLOTTE DOUGLAS AIRPORT, NC US","  60.5","24","  56.8","24","1021.5","20","994.0","24","  6.2","24","  2.7","24","  8.0","999.9","  66.2","*","  57.9","*"," 0.17","G","999.9","100000"
"72314013881","2020-01-16","35.2236","-80.9552","221.9","CHARLOTTE DOUGLAS AIRPORT, NC US","  61.6","24","  48.2","24","1022.3","22","994.2","24"," 10.0","24","  6.6","24"," 14.0"," 22.0","  66.0"," ","  55.0"," "," 0.00","G","999.9","000000"
"72314013881","2020-01-17","35.2236","-80.9552","221.9","CHARLOTTE DOUGLAS AIRPORT, NC US","  45.5","24","  15.2","24","1033.9","24","005.8","24"," 10.0","24","  8.3","24"," 15.0"," 18.1","  64.9"," ","  39.0"," "," 0.00","G","999.9","000000"
"72314013881","2020-01-18","35.2236","-80.9552","221.9","CHARLOTTE DOUGLAS AIRPORT, NC US","  41.1","24","  21.5","24","1032.6","23","003.9","24","  9.3","24","  5.7","24","  9.9"," 17.1","  48.9"," ","  37.9"," "," 0.00","G","999.9","010000"
"72314013881","2020-01-19","35.2236","-80.9552","221.9","CHARLOTTE DOUGLAS AIRPORT, NC US","  47.8","24","  36.5","24","1015.5","21","987.7","24","  7.4","24","  7.2","24"," 13.0"," 19.0","  55.9"," ","  37.9"," "," 0.15","G","999.9","010000"
"72314013881","2020-01-20","35.2236","-80.9552","221.9","CHARLOTTE DOUGLAS AIRPORT, NC US","  34.1","24","  15.3","24","1024.8","24","996.6","24"," 10.0","24","  9.0","24"," 15.0"," 19.0","  55.9"," ","  27.0"," "," 0.01","G","999.9","000000"
"72314013881","2020-01-21","35.2236","-80.9552","221.9","CHARLOTTE DOUGLAS AIRPORT, NC US","  30.4","24","  11.3","24","1030.2","24","001.7","24"," 10.0","24","  9.3","24"," 13.0"," 20.0","  39.0"," ","  23.0"," "," 0.00","G","999.9","000000"
"72314013881","2020-01-22","35.2236","-80.9552","221.9","CHARLOTTE DOUGLAS AIRPORT, NC US","  32.8","24","  12.3","24","1029.7","24","001.1","24"," 10.0","24","  7.0","24","  9.9","999.9","  46.9"," ","  23.0"," "," 0.00","G","999.9","000000"
"72314013881","2020-01-23","35.2236","-80.9552","221.9","CHARLOTTE DOUGLAS AIRPORT, NC US","  36.8","24","  17.8","24","1027.6","24","999.2","24"," 10.0","24","  5.9","24","  8.0","999.9","  48.9"," ","  23.0"," "," 0.00","G","999.9","000000"
"72314013881","2020-01-24","35.2236","-80.9552","221.9","CHARLOTTE DOUGLAS AIRPORT, NC US","  46.4","24","  37.9","24","1019.7","19","991.7","24","  6.5","24","  7.9","24"," 15.0"," 20.0","  60.1"," ","  28.0"," "," 0.25","G","999.9","110000"
"72314013881","2020-01-25","35.2236","-80.9552","221.9","CHARLOTTE DOUGLAS AIRPORT, NC US","  46.5","24","  40.4","24","1013.7","19","986.2","24","  8.2","24","  4.6","24","  7.0","999.9","  60.1"," ","  37.9"," "," 0.78","G","999.9","010000"
"72314013881","2020-01-26","35.2236","-80.9552","221.9","CHARLOTTE DOUGLAS AIRPORT, NC US","  40.8","24","  27.8","24","1016.3","24","988.3","24"," 10.0","24","  3.5","24","  8.0","999.9","  55.9"," ","  27.0"," "," 0.00","G","999.9","000000"
"72314013881","2020-01-27","35.2236","-80.9552","221.9","CHARLOTTE DOUGLAS AIRPORT, NC US","  45.0","24","  34.7","24","1012.6","24","984.8","24"," 10.0","24","  3.8","24","  9.9","999.9","  55.0"," ","  27.0"," "," 0.00","G","999.9","010000"
"72314013881","2020-01-28","35.2236","-80.9552","221.9","CHARLOTTE DOUGLAS AIRPORT, NC US","  44.9","24","  33.6","24","1014.1","24","986.3","24"," 10.0","24","  3.5","24","  8.0","999.9","  57.9"," ","  30.9"," "," 0.01","G","999.9","000000"
"72314013881","2020-01-29","35.2236","-80.9552","221.9","CHARLOTTE DOUGLAS AIRPORT, NC US","  43.8","24","  30.4","24","1017.5","24","989.6","24"," 10.0","24","  5.6","24","  8.9","999.9","  57.9"," ","  30.9"," "," 0.00","G","999.9","000000"
"72314013881","2020-01-30","35.2236","-80.9552","221.9","CHARLOTTE DOUGLAS AIRPORT, NC US","  45.5","24","  33.1","24","1020.3","24","992.4","24"," 10.0","24","  5.6","24","  8.9","999.9","  53.1"," ","  36.0"," "," 0.01","G","999.9","010000"
"72314013881","2020-01-31","35.2236","-80.9552","221.9","CHARLOTTE DOUGLAS AIRPORT, NC US","  37.3","24","  30.1","24","1023.8","21","995.7","24","  8.0","24","  5.3","24","  8.9"," 15.0","  53.1"," ","  30.0"," "," 0.53","B","999.9","011000"
"72314013881","2020-02-01","35.2236","-80.9552","221.9","CHARLOTTE DOUGLAS AIRPORT, NC US","  41.8","24","  37.1","24","1015.3","16","988.4","24","  6.0","24","  4.7","24","  8.9"," 18.1","  54.0"," ","  30.0"," "," 0.00","H","999.9","010000"
"72314013881","2020-02-02","35.2236","-80.9552","221.9","CHARLOTTE DOUGLAS AIRPORT, NC US","  47.7","24","  33.1","24","1011.7","24","984.0","24","  9.8","24","  7.5","24"," 13.0"," 22.0","  63.0"," ","  37.0"," "," 0.01","G","999.9","010000"
"72314013881","2020-02-03","35.2236","-80.9552","221.9","CHARLOTTE DOUGLAS AIRPORT, NC US","  56.2","24","  34.6","24","1014.4","24","986.9","24"," 10.0","24","  6.2","24"," 13.0"," 17.1","  73.9"," ","  37.0"," "," 0.00","G","999.9","000000"
"72314013881","2020-02-04","35.2236","-80.9552","221.9","CHARLOTTE DOUGLAS AIRPORT, NC US","  62.2","24","  43.3","24","1015.2","24","988.0","24"," 10.0","24","  7.9","24"," 11.1"," 15.0","  68.0","*","  59.0","*"," 0.00","G","999.9","000000"
"72314013881","2020-02-05","35.2236","-80.9552","221.9","CHARLOTTE DOUGLAS AIRPORT, NC US","  61.7","24","  55.9","24","1013.3","23","986.1","24","  9.4","24","  8.1","24"," 11.1"," 18.1","  66.0"," ","  57.9"," "," 0.00","G","999.9","010000"
"72314013881","2020-02-06","35.2236","-80.9552","221.9","CHARLOTTE DOUGLAS AIRPORT, NC US","  62.7","24","  59.8","24","1004.7","12","976.0","24","  6.0","24"," 11.7","24"," 24.1"," 35.9","  69.1"," ","  60.1"," "," 0.98","G","999.9","110010"
"72314013881","2020-02-07","35.2236","-80.9552","221.9","CHARLOTTE DOUGLAS AIRPORT, NC US","  52.8","24","  42.7","24"," 998.8","22","971.1","24","  9.6","24"," 12.3","24"," 20.0"," 31.1","  69.1"," ","  42.1"," "," 2.39","G","999.9","011000"
"72314013881","2020-02-08","35.2236","-80.9552","221.9","CHARLOTTE DOUGLAS AIRPORT, NC US","  34.4","24","  24.7","24","1022.7","23","994.6","24","  8.8","24","  4.0","24","  8.9"," 15.9","  42.1","*","  28.0","*"," 0.06","G","999.9","011000"
"72314013881","2020-02-09","35.2236","-80.9552","221.9","CHARLOTTE DOUGLAS AIRPORT, NC US","  39.8","24","  31.6","24","1031.3","19","002.8","24","  9.5","24","  3.7","24","  7.0","999.9","  53.1"," ","  27.0"," "," 0.03","G","999.9","000000"
"72314013881","2020-02-10","35.2236","-80.9552","221.9","CHARLOTTE DOUGLAS AIRPORT, NC US","  45.3","24","  36.4","24","1027.3","24","999.4","24","  9.9","24","  2.5","24","  7.0","999.9","  59.0"," ","  33.1"," "," 0.00","G","999.9","010000"
"72314013881","2020-02-11","35.2236","-80.9552","221.9","CHARLOTTE DOUGLAS AIRPORT, NC US","  61.1","24","  56.1","24","1016.1","19","988.9","24","  7.5","24","  9.4","24"," 19.0"," 28.0","  73.9","*","  51.1","*"," 0.35","G","999.9","010000"
"72314013881","2020-02-12","35.2236","-80.9552","221.9","CHARLOTTE DOUGLAS AIRPORT, NC US","  61.0","24","  50.6","24","1017.3","24","990.0","24"," 10.0","24","  6.2","24"," 12.0"," 19.0","  75.0"," ","  51.1"," "," 0.25","G","999.9","010000"
"72314013881","2020-02-13","35.2236","-80.9552","221.9","CHARLOTTE DOUGLAS AIRPORT, NC US","  62.5","24","  55.7","24","1010.4","21","983.0","24","  9.6","24","  8.8","24"," 20.0"," 31.1","  70.0"," ","  54.0"," "," 0.00","G","999.9","010000"
"72314013881","2020-02-14","35.2236","-80.9552","221.9","CHARLOTTE DOUGLAS AIRPORT, NC US","  49.0","24","  29.3","24","1021.9","24","994.2","24"," 10.0","24","  7.0","24"," 12.0"," 19.0","  70.0"," ","  37.9"," "," 0.45","G","999.9","000000"
"72314013881","2020-02-15","35.2236","-80.9552","221.9","CHARLOTTE DOUGLAS AIRPORT, NC US","  38.7","24","  17.9","24","1032.2","24","003.8","24"," 10.0","24","  7.3","24"," 12.0"," 19.0","  55.9"," ","  28.0"," "," 0.00","G","999.9","000000"
"72314013881","2020-02-16","35.2236","-80.9552","221.9","CHARLOTTE DOUGLAS AIRPORT, NC US","  42.2","24","  29.8","24","1025.4","24","997.3","24"," 10.0","24","  3.7","24","  6.0","999.9","  48.9"," ","  28.0"," "," 0.00","G","999.9","010000"
"72314013881","2020-02-17","35.2236","-80.9552","221.9","CHARLOTTE DOUGLAS AIRPORT, NC US","  48.4","24","  36.2","24","1020.6","24","992.6","24","  9.3","24","  3.6","24","  8.9"," 14.0","  64.0"," ","  33.1"," "," 0.00","G","999.9","000000"
"72314013881","2020-02-18","35.2236","-80.9552","221.9","CHARLOTTE DOUGLAS AIRPORT, NC US","  55.1","24","  45.3","24","1021.7","20","994.2","24","  9.7","24","  4.6","24","  8.0","999.9","  62.6","*","  50.0","*"," 0.00","G","999.9","010000"
"72314013881","2020-02-19","35.2236","-80.9552","221.9","CHARLOTTE DOUGLAS AIRPORT, NC US","  54.1","24","  46.8","24","1023.4","20","994.8","24","  8.0","24","  7.2","24"," 13.0"," 19.0","  62.1"," ","  48.9"," "," 0.36","G","999.9","010000"
"72314013881","2020-02-20","35.2236","-80.9552","221.9","CHARLOTTE DOUGLAS AIRPORT, NC US","  43.7","24","  33.7","24","1027.9","21","999.7","24","  8.5","24","  6.3","24"," 11.1"," 26.0","  57.9"," ","  34.0"," "," 0.15","G","999.9","011000"
"72314013881","2020-02-21","35.2236","-80.9552","221.9","CHARLOTTE DOUGLAS AIRPORT, NC US","  35.7","24","  23.9","24","1030.3","23","001.5","24","  9.1","24","  8.3","24"," 13.0"," 20.0","  48.0"," ","  30.9"," "," 0.34","G","999.9","001000"
"72314013881","2020-02-22","35.2236","-80.9552","221.9","CHARLOTTE DOUGLAS AIRPORT, NC US","  37.6","24","  20.7","24","1030.9","24","002.4","24"," 10.0","24","  2.5","24","  6.0","999.9","  55.9"," ","  24.1"," "," 0.00","G","999.9","000000"
"72314013881","2020-02-23","35.2236","-80.9552","221.9","CHARLOTTE DOUGLAS AIRPORT, NC US","  44.6","24","  26.0","24","1025.3","24","997.2","24"," 10.0","24","  4.6","24","  8.9","999.9","  60.1"," ","  24.1"," "," 0.00","G","999.9","000000"
"72314013881","2020-02-24","35.2236","-80.9552","221.9","CHARLOTTE DOUGLAS AIRPORT, NC US","  49.8","24","  34.2","24","1019.0","24","991.3","24","  9.2","24","  4.9","24","  7.0","999.9","  55.9","*","  46.9","*"," 0.00","G","999.9","010000"
"72314013881","2020-02-25","35.2236","-80.9552","221.9","CHARLOTTE DOUGLAS AIRPORT, NC US","  52.7","24","  49.0","24","1011.1","18","983.7","24","  6.1","24","  5.0","24","  9.9"," 15.9","  63.0"," ","  46.9"," "," 0.72","G","999.9","010000"
"72314013881","2020-02-26","35.2236","-80.9552","221.9","CHARLOTTE DOUGLAS AIRPORT, NC US","  54.4","24","  49.2","24","1009.0","16","982.4","24","  6.6","24","  4.9","24"," 17.1"," 22.0","  64.0"," ","  44.1"," "," 0.02","G","999.9","100000"
"72314013881","2020-02-27","35.2236","-80.9552","221.9","CHARLOTTE DOUGLAS AIRPORT, NC US","  45.2","24","  23.9","24","1013.5","24","985.9","24"," 10.0","24","  9.7","24"," 15.9"," 24.1","  64.0"," ","  36.0"," "," 0.00","G","999.9","000000"
"72314013881","2020-02-28","35.2236","-80.9552","221.9","CHARLOTTE DOUGLAS AIRPORT, NC US","  40.6","24","  19.6","24","1018.2","24","990.3","24"," 10.0","24","  6.0","24"," 17.1"," 26.0","  52.0"," ","  27.0"," "," 0.00","G","999.9","010000"
"72314013881","2020-02-29","35.2236","-80.9552","221.9","CHARLOTTE DOUGLAS AIRPORT, NC US","  41.6","24","  22.9","24","1018.1","24","990.2","24"," 10.0","24","  7.7","24"," 14.0"," 21.0","  52.0"," ","  27.0"," "," 0.01","G","999.9","000000"
"72314013881","2020-03-01","35.2236","-80.9552","221.9","CHARLOTTE DOUGLAS AIRPORT, NC US","  41.1","24","  18.5","24","1024.6","24","996.4","24"," 10.0","24","  4.0","24","  9.9","999.9","  59.0"," ","  23.0"," "," 0.00","G","999.9","000000"
"72314013881","2020-03-02","35.2236","-80.9552","221.9","CHARLOTTE DOUGLAS AIRPORT, NC US","  51.2","24","  30.2","24","1020.1","24","992.3","24"," 10.0","24","  7.8","24"," 15.0"," 21.0","  62.1","*","  42.1","*"," 0.00","G","999.9","010000"
"72314013881","2020-03-03","35.2236","-80.9552","221.9","CHARLOTTE DOUGLAS AIRPORT, NC US","  55.9","24","  51.2","24","1011.0","14","983.8","24","  7.4","24","  7.8","24"," 12.0","999.9","  62.1"," ","  41.0"," "," 0.01","G","999.9","010000"
"72314013881","2020-03-04","35.2236","-80.9552","221.9","CHARLOTTE DOUGLAS AIRPORT, NC US","  55.0","24","  43.4","24","1014.0","22","986.1","24","  9.0","24","  3.9","24","  7.0","999.9","  60.1"," ","  46.0"," "," 0.86","G","999.9","100000"
"72314013881","2020-03-05","35.2236","-80.9552","221.9","CHARLOTTE DOUGLAS AIRPORT, NC US","  51.2","24","  44.6","24","1017.6","24","990.0","24","  9.1","24","  4.7","24"," 13.0"," 15.9","  59.0"," ","  46.0"," "," 0.00","G","999.9","010000"
"72314013881","2020-03-06","35.2236","-80.9552","221.9","CHARLOTTE DOUGLAS AIRPORT, NC US","  47.0","24","  35.0","24","1015.6","23","987.5","24","  8.5","24","  8.1","24"," 21.0"," 39.0","  55.0","*","  35.6","*"," 0.10","G","999.9","100000"
"72314013881","2020-03-07","35.2236","-80.9552","221.9","CHARLOTTE DOUGLAS AIRPORT, NC US","  44.0","24","  22.8","24","1026.7","24","998.5","24"," 10.0","24","  7.8","24"," 12.0"," 19.0","  55.9"," ","  33.1"," "," 0.00","G","999.9","000000"
"72314013881","2020-03-08","35.2236","-80.9552","221.9","CHARLOTTE DOUGLAS AIRPORT, NC US","  46.0","24","  22.2","24","1034.4","24","006.1","24"," 10.0","24","  5.2","24","  9.9","999.9","  61.0"," ","  27.0"," "," 0.00","G","999.9","000000"
"72314013881","2020-03-09","35.2236","-80.9552","221.9","CHARLOTTE DOUGLAS AIRPORT, NC US","  52.2","24","  33.9","24","1034.1","24","006.0","24"," 10.0","24","  6.8","24"," 13.0"," 18.1","  68.0"," ","  27.0"," "," 0.00","G","999.9","000000"
"72314013881","2020-03-10","35.2236","-80.9552","221.9","CHARLOTTE DOUGLAS AIRPORT, NC US","  60.9","24","  48.5","24","1027.3","24","999.6","24","  9.9","24","  8.8","24"," 15.0"," 24.1","  68.0","*","  57.0","*"," 0.00","G","999.9","010000"
"72314013881","2020-03-11","35.2236","-80.9552","221.9","CHARLOTTE DOUGLAS AIRPORT, NC US","  62.2","24","  50.9","24","1019.4","24","992.0","24","  9.7","24","  5.8","24"," 13.0"," 20.0","  78.1"," ","  52.0"," "," 0.04","G","999.9","100000"
"72314013881","2020-03-12","35.2236","-80.9552","221.9","CHARLOTTE DOUGLAS AIRPORT, NC US","  63.3","24","  47.5","24","1015.2","24","988.0","24","  9.9","24","  4.6","24","  9.9","999.9","  78.1"," ","  46.0"," "," 0.00","G","999.9","000000"
"72314013881","2020-03-13","35.2236","-80.9552","221.9","CHARLOTTE DOUGLAS AIRPORT, NC US","  69.2","24","  57.4","24","1015.1","24","988.0","24"," 10.0","24","  8.1","24"," 18.1"," 24.1","  75.0","*","  64.9","*"," 0.00","G","999.9","010000"
"72314013881","2020-03-14","35.2236","-80.9552","221.9","CHARLOTTE DOUGLAS AIRPORT, NC US","  63.4","24","  33.6","24","1024.8","24","997.4","24"," 10.0","24","  5.4","24","  9.9"," 15.0","  75.9"," ","  57.0"," "," 0.00","G","999.9","000000"
"72314013881","2020-03-15","35.2236","-80.9552","221.9","CHARLOTTE DOUGLAS AIRPORT, NC US","  58.5","24","  40.6","24","1024.5","24","996.9","24"," 10.0","24","  6.6","24","  9.9","999.9","  66.9"," ","  54.0"," "," 0.01","G","999.9","000000"
"72314013881","2020-03-16","35.2236","-80.9552","221.9","CHARLOTTE DOUGLAS AIRPORT, NC US","  51.4","24","  38.8","24","1028.7","22","000.9","24"," 10.0","24","  6.5","24"," 11.1","999.9","  62.1"," ","  48.0"," "," 0.00","G","999.9","000000"
"72314013881","2020-03-17","35.2236","-80.9552","221.9","CHARLOTTE DOUGLAS AIRPORT, NC US","  52.9","24","  46.5","24","1024.5","21","996.6","24","  7.5","24","  3.0","24","  8.0","999.9","  64.9"," ","  48.0"," "," 0.45","G","999.9","010000"
"72314013881","2020-03-18","35.2236","-80.9552","221.9","CHARLOTTE DOUGLAS AIRPORT, NC US","  59.6","24","  52.0","24","1025.8","21","998.2","24","  6.7","24","  4.8","24"," 12.0"," 15.9","  71.1"," ","  48.0"," "," 0.00","A","999.9","100000"
"72314013881","2020-03-19","35.2236","-80.9552","221.9","CHARLOTTE DOUGLAS AIRPORT, NC US","  68.4","24","  59.7","24","1024.0","18","996.8","24","  7.6","24","  7.0","24"," 14.0"," 19.0","  81.0"," ","  50.0"," "," 0.15","G","999.9","010000"
"72314013881","2020-03-20","35.2236","-80.9552","221.9","CHARLOTTE DOUGLAS AIRPORT, NC US","  73.5","24","  58.6","24","1021.9","24","994.7","24"," 10.0","24","  9.7","24"," 15.0"," 27.0","  84.0"," ","  61.0"," "," 0.00","A","999.9","000000"
"72314013881","2020-03-21","35.2236","-80.9552","221.9","CHARLOTTE DOUGLAS AIRPORT, NC US","  71.7","24","  55.3","24","1020.6","24","993.5","24","  9.9","24","  4.4","24"," 11.1","999.9","  84.0"," ","  62.1"," "," 0.02","G","999.9","010000"
"72314013881","2020-03-22","35.2236","-80.9552","221.9","CHARLOTTE DOUGLAS AIRPORT, NC US","  58.3","24","  45.2","24","1026.9","22","999.1","24"," 10.0","24"," 10.7","24"," 22.0"," 26.0","  82.0"," ","  52.0"," "," 0.00","I","999.9","000000"
"72314013881","2020-03-23","35.2236","-80.9552","221.9","CHARLOTTE DOUGLAS AIRPORT, NC US","  49.9","24","  44.6","24","1025.2","16","997.1","24","  6.8","24","  5.9","24"," 12.0"," 19.0","  57.0","*","  46.4","*"," 0.12","G","999.9","010000"
"72314013881","2020-03-24","35.2236","-80.9552","221.9","CHARLOTTE DOUGLAS AIRPORT, NC US","  54.7","24","  50.8","24","1019.0","20","991.1","24","  6.3","24","  3.9","24","  8.9","999.9","  60.1"," ","  46.9"," "," 0.29","G","999.9","010010"
"72314013881","2020-03-25","35.2236","-80.9552","221.9","CHARLOTTE DOUGLAS AIRPORT, NC US","  58.9","24","  51.4","24","1011.2","17","983.2","24","  7.0","24","  7.4","24"," 15.0"," 18.1","  73.0"," ","  52.0"," "," 1.57","G","999.9","010000"
"72314013881","2020-03-26","35.2236","-80.9552","221.9","CHARLOTTE DOUGLAS AIRPORT, NC US","  54.8","24","  45.7","24","1017.5","24","990.1","24"," 10.0","24","  6.9","24"," 12.0","999.9","  73.0"," ","  48.9"," "," 1.16","G","999.9","000000"
"72314013881","2020-03-27","35.2236","-80.9552","221.9","CHARLOTTE DOUGLAS AIRPORT, NC US","  65.2","24","  55.3","24","1013.3","24","986.0","24","  9.4","24","  7.3","24"," 11.1"," 17.1","  82.9"," ","  48.9"," "," 0.00","G","999.9","000000"
"72314013881","2020-03-28","35.2236","-80.9552","221.9","CHARLOTTE DOUGLAS AIRPORT, NC US","  73.7","24","  59.2","24","1012.5","24","985.6","24","  9.0","24","  7.0","24"," 14.0"," 21.0","  87.1"," ","  55.0"," "," 0.00","G","999.9","000000"
"72314013881","2020-03-29","35.2236","-80.9552","221.9","CHARLOTTE DOUGLAS AIRPORT, NC US","  76.0","24","  60.6","24","1013.4","24","986.6","24","  9.5","24"," 10.5","24"," 21.0"," 27.0","  87.1"," ","  61.0"," "," 0.00","G","999.9","000000"
"72314013881","2020-03-30","35.2236","-80.9552","221.9","CHARLOTTE DOUGLAS AIRPORT, NC US","  68.4","24","  39.9","24","1016.5","24","989.4","24"," 10.0","24","  5.8","24"," 12.0"," 20.0","  84.9"," ","  55.0"," "," 0.00","G","999.9","000000"
"72314013881","2020-03-31","35.2236","-80.9552","221.9","CHARLOTTE DOUGLAS AIRPORT, NC US","  59.6","24","  36.3","24","1010.7","24","983.6","24","  9.9","24","  7.8","24"," 14.0"," 20.0","  75.9"," ","  53.1"," "," 0.00","G","999.9","010000"
"72314013881","2020-04-01","35.2236","-80.9552","221.9","CHARLOTTE DOUGLAS AIRPORT, NC US","  51.8","24","  38.3","24","1009.1","22","981.2","24"," 10.0","24","  8.3","24"," 14.0"," 21.0","  64.0"," ","  45.0"," "," 0.04","G","999.9","010000"
"72314013881","2020-04-02","35.2236","-80.9552","221.9","CHARLOTTE DOUGLAS AIRPORT, NC US","  52.2","24","  33.2","24","1016.1","24","988.5","24"," 10.0","24","  6.5","24"," 12.0"," 19.0","  68.0"," ","  36.0"," "," 0.00","G","999.9","000000"
"72314013881","2020-04-03","35.2236","-80.9552","221.9","CHARLOTTE DOUGLAS AIRPORT, NC US","  57.2","24","  31.6","24","1015.0","24","987.5","24"," 10.0","24","  5.3","24"," 11.1"," 15.9","  77.0"," ","  36.0"," "," 0.00","G","999.9","000000"
"72314013881","2020-04-04","35.2236","-80.9552","221.9","CHARLOTTE DOUGLAS AIRPORT, NC US","  62.4","24","  35.7","24","1013.9","24","986.7","24"," 10.0","24","  3.9","24","  9.9","999.9","  78.1"," ","  39.0"," "," 0.00","G","999.9","000000"
"72314013881","2020-04-05","35.2236","-80.9552","221.9","CHARLOTTE DOUGLAS AIRPORT, NC US","  64.3","24","  43.6","24","1016.5","24","989.2","24"," 10.0","24","  5.6","24","  8.9","999.9","  78.1"," ","  45.0"," "," 0.00","G","999.9","000000"
"72314013881","2020-04-06","35.2236","-80.9552","221.9","CHARLOTTE DOUGLAS AIRPORT, NC US","  67.1","24","  51.2","24","1017.2","24","989.9","24","  9.9","24","  4.0","24","  8.0","999.9","  84.0"," ","  54.0"," "," 0.00","G","999.9","010010"
"72314013881","2020-04-07","35.2236","-80.9552","221.9","CHARLOTTE DOUGLAS AIRPORT, NC US","  68.0","24","  52.0","24","1014.9","24","987.7","24"," 10.0","24","  3.3","24","  9.9","999.9","  84.0"," ","  53.1"," "," 0.02","G","999.9","000000"
"72314013881","2020-04-08","35.2236","-80.9552","221.9","CHARLOTTE DOUGLAS AIRPORT, NC US","  72.2","24","  55.9","24","1008.1","24","981.3","24"," 10.0","24","  5.6","24","  9.9"," 15.9","  84.9"," ","  53.1"," "," 0.00","G","999.9","000000"
"72314013881","2020-04-09","35.2236","-80.9552","221.9","CHARLOTTE DOUGLAS AIRPORT, NC US","  70.0","24","  51.8","24","1002.7","24","976.0","24","  9.9","24","  6.5","24"," 15.9"," 28.0","  84.9"," ","  59.0"," "," 0.11","G","999.9","010010"
"72314013881","2020-04-10","35.2236","-80.9552","221.9","CHARLOTTE DOUGLAS AIRPORT, NC US","  59.3","24","  22.2","24","1007.6","24","980.6","24"," 10.0","24","  9.9","24"," 17.1"," 27.0","  82.0"," ","  50.0"," "," 0.00","I","999.9","000000"
"72314013881","2020-04-11","35.2236","-80.9552","221.9","CHARLOTTE DOUGLAS AIRPORT, NC US","  51.6","24","  25.9","24","1017.7","24","990.1","24"," 10.0","24","  4.4","24"," 11.1"," 15.0","  66.9"," ","  33.1"," "," 0.00","G","999.9","000000"
"72314013881","2020-04-12","35.2236","-80.9552","221.9","CHARLOTTE DOUGLAS AIRPORT, NC US","  57.1","24","  46.0","24","1017.6","22","990.1","24","  9.3","24","  5.8","24"," 21.0"," 29.9","  66.9","*","  48.9","*"," 0.00","G","999.9","010000"
"72314013881","2020-04-13","35.2236","-80.9552","221.9","CHARLOTTE DOUGLAS AIRPORT, NC US","  70.6","24","  60.7","24","1007.7","18","980.5","24","  7.6","24"," 15.2","24"," 27.0"," 51.1","  78.1","*","  64.9","*"," 2.03","G","999.9","110010"
"72314013881","2020-04-14","35.2236","-80.9552","221.9","CHARLOTTE DOUGLAS AIRPORT, NC US","  63.7","24","  47.2","24","1015.4","24","988.2","24"," 10.0","24","  5.6","24","  9.9","999.9","  80.1"," ","  54.0"," "," 1.47","G","999.9","000000"
"72314013881","2020-04-15","35.2236","-80.9552","221.9","CHARLOTTE DOUGLAS AIRPORT, NC US","  55.1","24","  35.7","24","1015.0","24","987.7","24"," 10.0","24","  8.2","24"," 15.0"," 22.0","  75.9"," ","  45.0"," "," 0.00","G","999.9","000000"
"72314013881","2020-04-16","35.2236","-80.9552","221.9","CHARLOTTE DOUGLAS AIRPORT, NC US","  52.9","24","  32.8","24","1021.8","24","994.0","24","  9.7","24","  4.2","24","  9.9"," 18.1","  69.1"," ","  36.0"," "," 0.00","G","999.9","000000"
"72314013881","2020-04-17","35.2236","-80.9552","221.9","CHARLOTTE DOUGLAS AIRPORT, NC US","  56.4","24","  37.6","24","1023.4","24","995.7","24"," 10.0","24","  7.1","24"," 21.0"," 26.0","  72.0"," ","  36.0"," "," 0.00","G","999.9","000000"
"72314013881","2020-04-18","35.2236","-80.9552","221.9","CHARLOTTE DOUGLAS AIRPORT, NC US","  63.6","24","  43.3","24","1012.7","23","985.4","24","  9.7","24","  8.9","24"," 15.0"," 24.1","  71.1","*","  57.2","*"," 0.10","G","999.9","010000"
"72314013881","2020-04-19","35.2236","-80.9552","221.9","CHARLOTTE DOUGLAS AIRPORT, NC US","  53.7","24","  36.7","24","1014.1","24","986.8","24"," 10.0","24","  4.1","24","  7.0","999.9","  71.1"," ","  39.9"," "," 0.00","I","999.9","000000"
"72314013881","2020-04-20","35.2236","-80.9552","221.9","CHARLOTTE DOUGLAS AIRPORT, NC US","  58.1","24","  49.2","24","1006.2","18","978.0","24","  7.5","24","  6.1","24"," 14.0"," 21.0","  66.9"," ","  39.9"," "," 0.71","G","999.9","010000"
"72314013881","2020-04-21","35.2236","-80.9552","221.9","CHARLOTTE DOUGLAS AIRPORT, NC US","  61.9","24","  45.8","24","1008.5","24","981.3","24"," 10.0","24","  7.2","24"," 15.9"," 22.9","  77.0"," ","  48.9"," "," 0.40","G","999.9","000000"
"72314013881","2020-04-22","35.2236","-80.9552","221.9","CHARLOTTE DOUGLAS AIRPORT, NC US","  60.6","24","  32.0","24","1015.4","24","988.1","24"," 10.0","24","  4.5","24","  8.9"," 15.0","  77.0"," ","  42.1"," "," 0.00","G","999.9","000000"
"72314013881","2020-04-23","35.2236","-80.9552","221.9","CHARLOTTE DOUGLAS AIRPORT, NC US","  58.7","24","  49.3","24","1015.6","19","987.9","24","  8.6","24","  7.4","24"," 17.1","999.9","  70.0"," ","  42.1"," "," 0.15","G","999.9","010000"
"72314013881","2020-04-24","35.2236","-80.9552","221.9","CHARLOTTE DOUGLAS AIRPORT, NC US","  67.9","24","  57.5","24","1005.6","20","978.5","24","  9.6","24","  8.9","24"," 14.0"," 22.0","  80.1"," ","  54.0"," "," 0.25","G","999.9","010000"
"72314013881","2020-04-25","35.2236","-80.9552","221.9","CHARLOTTE DOUGLAS AIRPORT, NC US","  63.5","24","  52.1","24","1011.3","23","984.4","24"," 10.0","24","  6.7","24"," 11.1","999.9","  80.1"," ","  57.0"," "," 0.00","G","999.9","010000"
"72314013881","2020-04-26","35.2236","-80.9552","221.9","CHARLOTTE DOUGLAS AIRPORT, NC US","  63.0","24","  53.0","24","1008.6","17","981.6","24","  6.8","24","  7.2","24"," 15.9"," 28.0","  73.0"," ","  55.0"," "," 0.91","G","999.9","110110"
"72314013881","2020-04-27","35.2236","-80.9552","221.9","CHARLOTTE DOUGLAS AIRPORT, NC US","  59.7","24","  36.8","24","1016.0","24","988.7","24"," 10.0","24","  7.0","24"," 13.0"," 22.9","  73.9"," ","  48.0"," "," 0.00","G","999.9","000000"
"72314013881","2020-04-28","35.2236","-80.9552","221.9","CHARLOTTE DOUGLAS AIRPORT, NC US","  61.5","24","  39.6","24","1020.8","24","993.3","24","  9.8","24","  3.3","24","  7.0","999.9","  75.9"," ","  44.1"," "," 0.00","G","999.9","000000"
"72314013881","2020-04-29","35.2236","-80.9552","221.9","CHARLOTTE DOUGLAS AIRPORT, NC US","  67.9","24","  52.0","24","1015.3","24","988.2","24","  9.8","24"," 11.0","24"," 22.9"," 32.1","  79.0"," ","  44.1"," "," 0.00","G","999.9","010000"
"72314013881","2020-04-30","35.2236","-80.9552","221.9","CHARLOTTE DOUGLAS AIRPORT, NC US","  61.4","24","  52.7","24","1007.3","18","980.4","24","  8.0","24","  9.5","24"," 21.0"," 28.9","  79.0"," ","  53.1"," "," 2.42","G","999.9","010010"
"72314013881","2020-05-01","35.2236","-80.9552","221.9","CHARLOTTE DOUGLAS AIRPORT, NC US","  58.8","24","  43.2","24","1011.2","24","983.9","24"," 10.0","24","  6.7","24"," 15.9"," 22.9","  70.0"," ","  46.9"," "," 1.82","G","999.9","000000"
"72314013881","2020-05-02","35.2236","-80.9552","221.9","CHARLOTTE DOUGLAS AIRPORT, NC US","  60.9","24","  44.3","24","1019.7","24","992.2","24"," 10.0","24","  4.0","24","  9.9","999.9","  75.9"," ","  43.0"," "," 0.00","G","999.9","000000"
"72314013881","2020-05-03","35.2236","-80.9552","221.9","CHARLOTTE DOUGLAS AIRPORT, NC US","  68.8","24","  51.1","24","1015.9","24","988.7","24"," 10.0","24","  4.9","24"," 12.0"," 17.1","  84.9"," ","  43.0"," "," 0.00","G","999.9","000000"
"72314013881","2020-05-04","35.2236","-80.9552","221.9","CHARLOTTE DOUGLAS AIRPORT, NC US","  75.5","24","  54.3","24","1010.8","24","984.0","24"," 10.0","24","  7.8","24"," 13.0"," 20.0","  84.9"," ","  53.1"," "," 0.00","G","999.9","000000"
"72314013881","2020-05-05","35.2236","-80.9552","221.9","CHARLOTTE DOUGLAS AIRPORT, NC US","  67.4","24","  57.3","24","1011.1","20","984.1","24","  9.5","24","  5.1","24"," 12.0","999.9","  82.9"," ","  60.1"," "," 0.03","G","999.9","010010"
"72314013881","2020-05-06","35.2236","-80.9552","221.9","CHARLOTTE DOUGLAS AIRPORT, NC US","  61.8","24","  51.6","24","1009.4","20","982.0","24","  8.0","24","  5.5","24"," 15.0"," 25.1","  72.0"," ","  54.0"," "," 0.20","G","999.9","010010"
"72314013881","2020-05-07","35.2236","-80.9552","221.9","CHARLOTTE DOUGLAS AIRPORT, NC US","  53.5","24","  35.2","24","1016.2","24","988.7","24"," 10.0","24","  5.9","24","  9.9"," 20.0","  72.0"," ","  37.9"," "," 0.12","G","999.9","000000"
"72314013881","2020-05-08","35.2236","-80.9552","221.9","CHARLOTTE DOUGLAS AIRPORT, NC US","  53.9","24","  42.7","24","1015.0","24","987.6","24","  9.5","24","  4.6","24"," 13.0"," 20.0","  66.9"," ","  37.9"," "," 0.00","G","999.9","010000"
"72314013881","2020-05-09","35.2236","-80.9552","221.9","CHARLOTTE DOUGLAS AIRPORT, NC US","  52.7","24","  34.3","24","1017.2","24","989.6","24"," 10.0","24","  5.9","24"," 13.0"," 19.0","  64.0"," ","  39.9"," "," 0.10","G","999.9","000000"
"72314013881","2020-05-10","35.2236","-80.9552","221.9","CHARLOTTE DOUGLAS AIRPORT, NC US","  55.9","24","  33.7","24","1022.9","24","995.3","24"," 10.0","24","  6.5","24"," 12.0"," 21.0","  70.0"," ","  39.9"," "," 0.00","G","999.9","000000"
"72314013881","2020-05-11","35.2236","-80.9552","221.9","CHARLOTTE DOUGLAS AIRPORT, NC US","  58.6","24","  37.0","24","1017.9","24","990.4","24"," 10.0","24","  7.7","24"," 14.0"," 21.0","  70.0"," ","  44.1"," "," 0.00","G","999.9","000000"
"72314013881","2020-05-12","35.2236","-80.9552","221.9","CHARLOTTE DOUGLAS AIRPORT, NC US","  52.6","24","  32.4","24","1023.2","24","995.4","24"," 10.0","24","  4.1","24","  7.0","999.9","  66.9"," ","  36.0"," "," 0.00","G","999.9","000000"
"72314013881","2020-05-13","35.2236","-80.9552","221.9","CHARLOTTE DOUGLAS AIRPORT, NC US","  59.3","24","  46.0","24","1025.2","24","997.5","24"," 10.0","24","  3.4","24","  6.0","999.9","  70.0","*","  53.1","*"," 0.02","G","999.9","010000"
"72314013881","2020-05-14","35.2236","-80.9552","221.9","CHARLOTTE DOUGLAS AIRPORT, NC US","  66.3","24","  54.0","24","1025.0","24","997.7","24"," 10.0","24","  5.1","24"," 11.1"," 17.1","  80.1"," ","  52.0"," "," 0.00","I","999.9","000000"
"72314013881","2020-05-15","35.2236","-80.9552","221.9","CHARLOTTE DOUGLAS AIRPORT, NC US","  70.7","24","  56.6","24","1021.2","24","994.0","24"," 10.0","24","  6.8","24"," 13.0"," 18.1","  82.0"," ","  52.0"," "," 0.00","G","999.9","000000"
"72314013881","2020-05-16","35.2236","-80.9552","221.9","CHARLOTTE DOUGLAS AIRPORT, NC US","  72.3","24","  57.7","24","1017.6","24","990.5","24"," 10.0","24","  4.5","24","  7.0","999.9","  86.0"," ","  57.9"," "," 0.00","G","999.9","000000"
"72314013881","2020-05-17","35.2236","-80.9552","221.9","CHARLOTTE DOUGLAS AIRPORT, NC US","  74.1","24","  59.8","24","1016.5","24","989.7","24"," 10.0","24","  5.6","24","  9.9"," 15.0","  86.0"," ","  60.1"," "," 0.00","G","999.9","000000"
"72314013881","2020-05-18","35.2236","-80.9552","221.9","CHARLOTTE DOUGLAS AIRPORT, NC US","  71.8","24","  61.4","24","1012.8","24","986.0","24","  9.7","24","  4.8","24","  8.0","999.9","  84.0"," ","  61.0"," "," 0.00","G","999.9","010000"
"72314013881","2020-05-19","35.2236","-80.9552","221.9","CHARLOTTE DOUGLAS AIRPORT, NC US","  66.8","24","  63.3","24","1010.1","14","983.1","24","  6.4","24"," 10.4","24"," 15.9"," 25.1","  72.0","*","  60.1","*"," 0.82","G","999.9","010000"
"72314013881","2020-05-20","35.2236","-80.9552","221.9","CHARLOTTE DOUGLAS AIRPORT, NC US","  55.3","24","  51.3","24","1015.3","15","987.9","24","  6.8","24"," 10.4","24"," 17.1"," 22.9","  69.1"," ","  52.0"," "," 0.83","G","999.9","010000"
"72314013881","2020-05-21","35.2236","-80.9552","221.9","CHARLOTTE DOUGLAS AIRPORT, NC US","  61.3","24","  57.9","24","1016.5","20","989.0","24","  6.5","24","  7.2","24"," 11.1"," 15.9","  69.1"," ","  52.0"," "," 1.48","G","999.9","010000"
"72314013881","2020-05-22","35.2236","-80.9552","221.9","CHARLOTTE DOUGLAS AIRPORT, NC US","  65.0","24","  59.0","24","1018.0","18","991.0","24","  7.2","24","  3.4","24"," 22.9"," 34.0","  82.0"," ","  55.0"," "," 0.16","G","999.9","110010"
"72314013881","2020-05-23","35.2236","-80.9552","221.9","CHARLOTTE DOUGLAS AIRPORT, NC US","  70.8","24","  63.5","24","1017.3","17","990.4","24","  7.9","24","  3.5","24","  8.0","999.9","  86.0"," ","  55.0"," "," 0.70","G","999.9","100000"
"72314013881","2020-05-24","35.2236","-80.9552","221.9","CHARLOTTE DOUGLAS AIRPORT, NC US","  76.6","24","  65.6","24","1017.5","23","990.6","24","  9.8","24","  3.5","24"," 13.0"," 21.0","  91.0"," ","  61.0"," "," 0.00","G","999.9","010010"
"72314013881","2020-05-25","35.2236","-80.9552","221.9","CHARLOTTE DOUGLAS AIRPORT, NC US","  71.7","24","  64.6","24","1019.5","21","992.5","24"," 10.0","24","  5.4","24","  8.9","999.9","  91.0"," ","  66.9"," "," 0.03","G","999.9","000000"
"72314013881","2020-05-26","35.2236","-80.9552","221.9","CHARLOTTE DOUGLAS AIRPORT, NC US","  72.0","24","  63.9","24","1019.7","22","992.7","24","  9.7","24","  6.8","24","  9.9","999.9","  78.1"," ","  66.9"," "," 0.00","G","999.9","010000"
"72314013881","2020-05-27","35.2236","-80.9552","221.9","CHARLOTTE DOUGLAS AIRPORT, NC US","  70.2","24","  63.7","24","1017.7","18","990.5","24","  7.9","24","  9.1","24"," 15.9"," 22.9","  77.0"," ","  68.0"," "," 0.00","G","999.9","010000"
"72314013881","2020-05-28","35.2236","-80.9552","221.9","CHARLOTTE DOUGLAS AIRPORT, NC US","  71.6","24","  66.1","24","1015.5","13","989.2","24","  7.5","24","  4.4","24"," 15.9"," 22.9","  82.9"," ","  64.0"," "," 1.75","G","999.9","010010"
"72314013881","2020-05-29","35.2236","-80.9552","221.9","CHARLOTTE DOUGLAS AIRPORT, NC US","  73.1","24","  67.7","24","1016.6","19","989.9","24","  8.7","24","  4.2","24","  9.9","999.9","  82.9"," ","  64.0"," "," 0.17","G","999.9","010010"
"72314013881","2020-05-30","35.2236","-80.9552","221.9","CHARLOTTE DOUGLAS AIRPORT, NC US","  76.7","24","  65.7","24","1015.3","22","988.5","24","  9.6","24","  4.5","24","  8.9","999.9","  89.1"," ","  68.0"," "," 0.19","G","999.9","010000"
"72314013881","2020-05-31","35.2236","-80.9552","221.9","CHARLOTTE DOUGLAS AIRPORT, NC US","  73.9","24","  55.9","24","1017.3","24","990.3","24"," 10.0","24","  7.0","24"," 12.0"," 20.0","  89.1"," ","  66.9"," "," 0.05","G","999.9","000000"
"72314013881","2020-06-01","35.2236","-80.9552","221.9","CHARLOTTE DOUGLAS AIRPORT, NC US","  69.3","24","  48.2","24","1022.9","24","995.6","24"," 10.0","24","  6.3","24"," 13.0"," 24.1","  79.0"," ","  57.0"," "," 0.00","G","999.9","000000"
"72314013881","2020-06-02","35.2236","-80.9552","221.9","CHARLOTTE DOUGLAS AIRPORT, NC US","  70.9","24","  56.3","24","1021.5","24","994.2","24"," 10.0","24","  5.9","24"," 13.0"," 19.0","  84.0"," ","  57.0"," "," 0.00","G","999.9","000000"
"72314013881","2020-06-03","35.2236","-80.9552","221.9","CHARLOTTE DOUGLAS AIRPORT, NC US","  77.2","24","  63.7","24","1015.3","24","988.4","24"," 10.0","24","  6.6","24","  9.9","999.9","  88.0"," ","  59.0"," "," 0.00","G","999.9","000000"
"72314013881","2020-06-04","35.2236","-80.9552","221.9","CHARLOTTE DOUGLAS AIRPORT, NC US","  80.0","24","  66.7","24","1013.0","24","986.3","24","  9.6","24","  7.2","24"," 21.0"," 28.0","  91.0"," ","  66.0"," "," 0.00","G","999.9","000000"
"72314013881","2020-06-05","35.2236","-80.9552","221.9","CHARLOTTE DOUGLAS AIRPORT, NC US","  76.3","24","  65.8","24","1013.7","24","987.0","24"," 10.0","24","  7.0","24"," 13.0"," 22.9","  91.0"," ","  69.1"," "," 0.00","G","999.9","000010"
"72314013881","2020-06-06","35.2236","-80.9552","221.9","CHARLOTTE DOUGLAS AIRPORT, NC US","  79.1","24","  66.6","24","1013.5","24","986.7","24","  9.4","24","  4.5","24","  9.9","999.9","  91.0"," ","  68.0"," "," 0.00","G","999.9","000000"
"72314013881","2020-06-07","35.2236","-80.9552","221.9","CHARLOTTE DOUGLAS AIRPORT, NC US","  79.9","24","  68.5","24","1013.5","24","986.7","24","  9.3","24","  4.5","24","  8.9","999.9","  91.0"," ","  68.0"," "," 0.00","G","999.9","000000"
"72314013881","2020-06-08","35.2236","-80.9552","221.9","CHARLOTTE DOUGLAS AIRPORT, NC US","  80.6","24","  70.2","24","1014.3","22","987.6","24","  9.6","24","  4.4","24","  9.9","999.9","  91.0"," ","  72.0"," "," 0.32","G","999.9","010000"
"72314013881","2020-06-09","35.2236","-80.9552","221.9","CHARLOTTE DOUGLAS AIRPORT, NC US","  81.3","24","  71.2","24","1014.5","19","987.9","24","  9.7","24","  5.3","24","  8.0","999.9","  90.0"," ","  75.0"," "," 0.00","G","999.9","000000"
"72314013881","2020-06-10","35.2236","-80.9552","221.9","CHARLOTTE DOUGLAS AIRPORT, NC US","  79.6","24","  70.4","24","1014.5","17","987.9","24","  9.2","24","  8.1","24"," 15.0"," 24.1","  90.0"," ","  72.0"," "," 0.34","G","999.9","010010"
"72314013881","2020-06-11","35.2236","-80.9552","221.9","CHARLOTTE DOUGLAS AIRPORT, NC US","  79.8","24","  70.5","24","1016.1","19","989.5","24","  9.9","24","  7.0","24"," 12.0","999.9","  90.0"," ","  72.0"," "," 0.17","G","999.9","010000"
"72314013881","2020-06-12","35.2236","-80.9552","221.9","CHARLOTTE DOUGLAS AIRPORT, NC US","  78.0","24","  59.4","24","1020.2","24","993.3","24"," 10.0","24","  8.7","24"," 13.0"," 22.0","  89.1"," ","  70.0"," "," 0.00","G","999.9","000000"
"72314013881","2020-06-13","35.2236","-80.9552","221.9","CHARLOTTE DOUGLAS AIRPORT, NC US","  73.9","24","  57.2","24","1019.3","24","992.3","24"," 10.0","24","  5.9","24","  9.9"," 15.0","  84.9"," ","  61.0"," "," 0.00","G","999.9","000000"
"72314013881","2020-06-14","35.2236","-80.9552","221.9","CHARLOTTE DOUGLAS AIRPORT, NC US","  74.0","24","  55.0","24","1021.7","24","994.6","24"," 10.0","24","  6.9","24","  9.9"," 18.1","  84.0"," ","  61.0"," "," 0.00","G","999.9","000000"
"72314013881","2020-06-15","35.2236","-80.9552","221.9","CHARLOTTE DOUGLAS AIRPORT, NC US","  67.3","24","  53.9","24","1023.1","23","995.9","24","  9.9","24","  9.5","24"," 15.9"," 21.0","  82.0"," ","  59.0"," "," 0.00","G","999.9","010000"
"72314013881","2020-06-16","35.2236","-80.9552","221.9","CHARLOTTE DOUGLAS AIRPORT, NC US","  58.8","24","  54.9","24","1023.1","17","995.6","24","  6.9","24"," 10.6","24"," 15.0"," 22.0","  72.0"," ","  57.0"," "," 0.20","G","999.9","010000"
"72314013881","2020-06-17","35.2236","-80.9552","221.9","CHARLOTTE DOUGLAS AIRPORT, NC US","  62.6","24","  56.9","24","1018.8","16","991.6","24","  9.5","24","  5.7","24","  9.9","999.9","  73.0"," ","  57.0"," "," 0.45","G","999.9","010000"
"72314013881","2020-06-18","35.2236","-80.9552","221.9","CHARLOTTE DOUGLAS AIRPORT, NC US","  69.4","24","  61.4","24","1017.8","19","990.6","24"," 10.0","24","  3.9","24","  8.0","999.9","  80.1"," ","  59.0"," "," 0.01","G","999.9","010000"
"72314013881","2020-06-19","35.2236","-80.9552","221.9","CHARLOTTE DOUGLAS AIRPORT, NC US","  73.1","24","  64.2","24","1018.5","20","991.5","24","  9.6","24","  4.4","24"," 11.1"," 18.1","  84.2","*","  66.9","*"," 0.02","G","999.9","010010"
"72314013881","2020-06-20","35.2236","-80.9552","221.9","CHARLOTTE DOUGLAS AIRPORT, NC US","  73.9","24","  63.8","24","1017.4","24","990.4","24","  9.8","24","  2.6","24","  7.0","999.9","  86.0"," ","  61.0"," "," 0.01","G","999.9","000000"
"72314013881","2020-06-21","35.2236","-80.9552","221.9","CHARLOTTE DOUGLAS AIRPORT, NC US","  78.2","24","  65.2","24","1015.5","24","988.6","24","  9.2","24","  1.9","24","  6.0","999.9","  91.0"," ","  61.0"," "," 0.00","G","999.9","100000"
"72314013881","2020-06-22","35.2236","-80.9552","221.9","CHARLOTTE DOUGLAS AIRPORT, NC US","  80.5","24","  65.9","24","1015.2","23","988.3","24"," 10.0","24","  5.0","24"," 17.1"," 29.9","  91.0"," ","  64.9"," "," 0.00","G","999.9","010010"
"72314013881","2020-06-23","35.2236","-80.9552","221.9","CHARLOTTE DOUGLAS AIRPORT, NC US","  75.3","24","  66.9","24","1012.0","24","985.4","24","  9.7","24","  7.3","24"," 14.0"," 15.9","  91.0"," ","  69.1"," "," 0.39","G","999.9","010000"
"72314013881","2020-06-24","35.2236","-80.9552","221.9","CHARLOTTE DOUGLAS AIRPORT, NC US","  78.0","24","  66.6","24","1011.6","23","984.6","24","  9.2","24","  4.4","24"," 13.0"," 19.0","  88.0"," ","  69.1"," "," 0.02","G","999.9","010000"
"72314013881","2020-06-25","35.2236","-80.9552","221.9","CHARLOTTE DOUGLAS AIRPORT, NC US","  75.0","24","  66.8","24","1015.2","22","988.3","24"," 10.0","24","  5.4","24","  9.9"," 14.0","  88.0"," ","  70.0"," "," 0.03","G","999.9","010010"
"72314013881","2020-06-26","35.2236","-80.9552","221.9","CHARLOTTE DOUGLAS AIRPORT, NC US","  78.1","24","  62.9","24","1019.1","24","992.2","24","  9.6","24","  3.2","24","  8.9","999.9","  89.1"," ","  64.9"," "," 0.00","H","999.9","110010"
"72314013881","2020-06-27","35.2236","-80.9552","221.9","CHARLOTTE DOUGLAS AIRPORT, NC US","  77.2","24","  65.6","24","1016.4","24","989.5","24","  9.4","24","  5.4","24"," 11.1"," 15.9","  89.1"," ","  64.9"," "," 0.00","G","999.9","000000"
"72314013881","2020-06-28","35.2236","-80.9552","221.9","CHARLOTTE DOUGLAS AIRPORT, NC US","  77.7","24","  65.9","24","1012.9","23","986.1","24","  9.2","24","  5.6","24"," 13.0"," 25.1","  91.9"," ","  66.0"," "," 0.00","G","999.9","010010"
"72314013881","2020-06-29","35.2236","-80.9552","221.9","CHARLOTTE DOUGLAS AIRPORT, NC US","  78.7","24","  68.9","24","1012.9","22","986.1","24","  9.6","24","  4.3","24"," 22.0"," 29.9","  91.9"," ","  69.1"," "," 0.35","G","999.9","010010"
"72314013881","2020-06-30","35.2236","-80.9552","221.9","CHARLOTTE DOUGLAS AIRPORT, NC US","  78.6","24","  69.6","24","1013.0","24","986.2","24","  9.6","24","  3.4","24"," 21.0"," 27.0","  91.0"," ","  72.0"," "," 0.44","G","999.9","010010"
"72314013881","2020-07-01","35.2236","-80.9552","221.9","CHARLOTTE DOUGLAS AIRPORT, NC US","  77.1","24","  69.1","24","1011.7","21","985.0","24","  9.6","24","  2.5","24","  7.0","999.9","  89.1"," ","  72.0"," "," 0.06","G","999.9","010010"
"72314013881","2020-07-02","35.2236","-80.9552","221.9","CHARLOTTE DOUGLAS AIRPORT, NC US","  79.2","24","  68.0","24","1011.6","24","984.9","24"," 10.0","24","  5.6","24","  8.9","999.9","  91.0"," ","  69.1"," "," 0.13","G","999.9","000000"
"72314013881","2020-07-03","35.2236","-80.9552","221.9","CHARLOTTE DOUGLAS AIRPORT, NC US","  82.0","24","  64.7","24","1013.8","24","987.1","24","  9.8","24","  4.0","24","  8.9","999.9","  93.0"," ","  68.0"," "," 0.00","G","999.9","000000"
"72314013881","2020-07-04","35.2236","-80.9552","221.9","CHARLOTTE DOUGLAS AIRPORT, NC US","  82.5","24","  64.8","24","1013.3","24","986.6","24"," 10.0","24","  2.8","24","  8.0","999.9","  95.0"," ","  68.0"," "," 0.00","G","999.9","010010"
"72314013881","2020-07-05","35.2236","-80.9552","221.9","CHARLOTTE DOUGLAS AIRPORT, NC US","  81.5","24","  68.9","24","1014.1","23","987.4","24","  9.0","24","  4.4","24","  8.9","999.9","  95.0"," ","  69.1"," "," 0.00","G","999.9","010010"
"72314013881","2020-07-06","35.2236","-80.9552","221.9","CHARLOTTE DOUGLAS AIRPORT, NC US","  78.9","24","  66.5","24","1016.8","24","990.1","24"," 10.0","24","  4.7","24"," 13.0","999.9","  90.0"," ","  68.0"," "," 0.00","G","999.9","010000"
"72314013881","2020-07-07","35.2236","-80.9552","221.9","CHARLOTTE DOUGLAS AIRPORT, NC US","  77.8","24","  69.4","24","1016.6","20","989.9","24"," 10.0","24","  5.8","24","  9.9","999.9","  88.0"," ","  68.0"," "," 0.03","G","999.9","010000"
"72314013881","2020-07-08","35.2236","-80.9552","221.9","CHARLOTTE DOUGLAS AIRPORT, NC US","  79.2","24","  68.7","24","1013.5","20","986.9","24"," 10.0","24","  7.0","24"," 15.0"," 25.1","  89.1"," ","  72.0"," "," 0.00","G","999.9","010000"
"72314013881","2020-07-09","35.2236","-80.9552","221.9","CHARLOTTE DOUGLAS AIRPORT, NC US","  79.2","24","  69.3","24","1012.5","21","985.8","24"," 10.0","24","  8.0","24"," 15.0"," 20.0","  89.1"," ","  72.0"," "," 0.03","G","999.9","010000"
"72314013881","2020-07-10","35.2236","-80.9552","221.9","CHARLOTTE DOUGLAS AIRPORT, NC US","  83.0","24","  70.0","24","1012.0","24","985.3","24"," 10.0","24","  3.7","24","  9.9"," 15.9","  93.9"," ","  73.0"," "," 0.00","G","999.9","010010"
"72314013881","2020-07-11","35.2236","-80.9552","221.9","CHARLOTTE DOUGLAS AIRPORT, NC US","  80.3","24","  66.5","24","1010.5","23","983.9","24","  9.8","24","  4.4","24"," 11.1"," 21.0","  93.9"," ","  70.0"," "," 0.02","G","999.9","010010"
"72314013881","2020-07-12","35.2236","-80.9552","221.9","CHARLOTTE DOUGLAS AIRPORT, NC US","  80.1","24","  62.3","24","1010.5","24","983.8","24"," 10.0","24","  4.3","24","  8.9","999.9","  93.0"," ","  64.9"," "," 0.00","G","999.9","000000"
"72314013881","2020-07-13","35.2236","-80.9552","221.9","CHARLOTTE DOUGLAS AIRPORT, NC US","  83.1","24","  66.9","24","1010.0","24","983.4","24"," 10.0","24","  1.9","24","  6.0","999.9","  93.9"," ","  64.9"," "," 0.00","G","999.9","010010"
"72314013881","2020-07-14","35.2236","-80.9552","221.9","CHARLOTTE DOUGLAS AIRPORT, NC US","  83.9","24","  66.1","24","1014.1","24","987.4","24"," 10.0","24","  4.9","24","  8.9","999.9","  95.0"," ","  69.1"," "," 0.00","G","999.9","000000"
"72314013881","2020-07-15","35.2236","-80.9552","221.9","CHARLOTTE DOUGLAS AIRPORT, NC US","  84.5","24","  68.5","24","1017.6","23","990.9","24"," 10.0","24","  6.0","24"," 13.0"," 14.0","  95.0"," ","  73.0"," "," 0.00","G","999.9","010010"
"72314013881","2020-07-16","35.2236","-80.9552","221.9","CHARLOTTE DOUGLAS AIRPORT, NC US","  81.8","24","  70.6","24","1020.2","23","993.4","24"," 10.0","24","  6.9","24","  9.9","999.9","  93.9"," ","  73.0"," "," 0.04","G","999.9","010010"
"72314013881","2020-07-17","35.2236","-80.9552","221.9","CHARLOTTE DOUGLAS AIRPORT, NC US","  83.3","24","  70.5","24","1021.0","24","994.1","24"," 10.0","24","  5.3","24"," 13.0"," 17.1","  96.1"," ","  72.0"," "," 0.00","G","999.9","000010"
"72314013881","2020-07-18","35.2236","-80.9552","221.9","CHARLOTTE DOUGLAS AIRPORT, NC US","  81.2","24","  70.9","24","1019.8","21","992.8","24"," 10.0","24","  5.0","24"," 14.0"," 19.0","  96.1"," ","  72.0"," "," 0.12","G","999.9","010010"
"72314013881","2020-07-19","35.2236","-80.9552","221.9","CHARLOTTE DOUGLAS AIRPORT, NC US","  81.1","24","  71.0","24","1017.6","24","990.8","24"," 10.0","24","  3.7","24","  6.0","999.9","  96.1"," ","  72.0"," "," 0.21","G","999.9","000000"
"72314013881","2020-07-20","35.2236","-80.9552","221.9","CHARLOTTE DOUGLAS AIRPORT, NC US","  83.1","24","  70.2","24","1016.4","24","989.5","24"," 10.0","24","  3.0","24"," 15.0"," 21.0","  96.1"," ","  72.0"," "," 0.00","G","999.9","010010"
"72314013881","2020-07-21","35.2236","-80.9552","221.9","CHARLOTTE DOUGLAS AIRPORT, NC US","  81.0","24","  71.7","24","1017.5","22","990.7","24","  9.8","24","  4.4","24"," 20.0"," 36.9","  96.1","*","  71.6","*"," 0.00","G","999.9","010010"
"72314013881","2020-07-22","35.2236","-80.9552","221.9","CHARLOTTE DOUGLAS AIRPORT, NC US","  79.0","24","  69.7","24","1018.9","23","992.0","24","  9.8","24","  4.3","24","  8.9","999.9","  96.1"," ","  70.0"," "," 2.03","G","999.9","010010"
"72314013881","2020-07-23","35.2236","-80.9552","221.9","CHARLOTTE DOUGLAS AIRPORT, NC US","  82.9","24","  70.1","24","1019.5","23","992.6","24"," 10.0","24","  5.4","24"," 11.1"," 17.1","  93.9"," ","  70.0"," "," 0.00","G","999.9","010010"
"72314013881","2020-07-24","35.2236","-80.9552","221.9","CHARLOTTE DOUGLAS AIRPORT, NC US","  78.6","24","  69.4","24","1020.5","19","993.6","24"," 10.0","24","  4.6","24"," 18.1"," 26.0","  93.9"," ","  72.0"," "," 0.00","G","999.9","010010"
"72314013881","2020-07-25","35.2236","-80.9552","221.9","CHARLOTTE DOUGLAS AIRPORT, NC US","  77.7","24","  68.4","24","1020.1","22","993.2","24"," 10.0","24","  3.1","24"," 21.0"," 42.0","  93.9"," ","  69.1"," "," 0.03","G","999.9","010010"
"72314013881","2020-07-26","35.2236","-80.9552","221.9","CHARLOTTE DOUGLAS AIRPORT, NC US","  79.4","24","  68.9","24","1020.1","24","993.1","24"," 10.0","24","  3.7","24","  7.0","999.9","  93.9"," ","  69.1"," "," 0.61","G","999.9","000000"
"72314013881","2020-07-27","35.2236","-80.9552","221.9","CHARLOTTE DOUGLAS AIRPORT, NC US","  82.9","24","  70.2","24","1016.8","24","990.0","24"," 10.0","24","  3.7","24","  8.9","999.9","  93.9"," ","  69.1"," "," 0.00","G","999.9","000000"
"72314013881","2020-07-28","35.2236","-80.9552","221.9","CHARLOTTE DOUGLAS AIRPORT, NC US","  83.3","24","  70.5","24","1014.4","24","987.6","24"," 10.0","24","  2.9","24","  8.0","999.9","  93.9"," ","  73.0"," "," 0.00","G","999.9","000000"
"72314013881","2020-07-29","35.2236","-80.9552","221.9","CHARLOTTE DOUGLAS AIRPORT, NC US","  81.7","24","  71.1","24","1014.8","19","988.0","24","  9.9","24","  3.5","24"," 11.1"," 18.1","  93.9"," ","  72.0"," "," 0.02","G","999.9","010010"
"72314013881","2020-07-30","35.2236","-80.9552","221.9","CHARLOTTE DOUGLAS AIRPORT, NC US","  79.1","24","  71.9","24","1013.4","19","986.9","24"," 10.0","24","  5.2","24"," 14.0"," 22.0","  91.0"," ","  72.0"," "," 0.01","G","999.9","010010"
"72314013881","2020-07-31","35.2236","-80.9552","221.9","CHARLOTTE DOUGLAS AIRPORT, NC US","  82.9","24","  72.6","24","1010.7","20","984.0","24"," 10.0","24","  6.6","24"," 12.0","999.9","  93.9"," ","  73.9"," "," 0.01","G","999.9","010000"
"72314013881","2020-08-01","35.2236","-80.9552","221.9","CHARLOTTE DOUGLAS AIRPORT, NC US","  82.6","24","  69.4","24","1012.8","24","986.2","24"," 10.0","24","  5.3","24"," 12.0","999.9","  93.9"," ","  72.0"," "," 0.00","G","999.9","000000"
"72314013881","2020-08-02","35.2236","-80.9552","221.9","CHARLOTTE DOUGLAS AIRPORT, NC US","  84.2","24","  69.9","24","1014.0","24","987.4","24"," 10.0","24","  7.7","24"," 11.1"," 18.1","  93.9"," ","  72.0"," "," 0.00","G","999.9","000000"
"72314013881","2020-08-03","35.2236","-80.9552","221.9","CHARLOTTE DOUGLAS AIRPORT, NC US","  79.6","24","  69.8","24","1015.5","21","988.8","24"," 10.0","24","  5.8","24"," 25.1","999.9","  93.9"," ","  73.0"," "," 0.00","G","999.9","010010"
"72314013881","2020-08-04","35.2236","-80.9552","221.9","CHARLOTTE DOUGLAS AIRPORT, NC US","  77.0","24","  68.1","24","1013.4","19","986.3","24"," 10.0","24","  5.3","24","  8.9","999.9","  88.0"," ","  69.1"," "," 0.21","G","999.9","010000"
"72314013881","2020-08-05","35.2236","-80.9552","221.9","CHARLOTTE DOUGLAS AIRPORT, NC US","  79.6","24","  67.5","24","1016.0","24","989.2","24"," 10.0","24","  4.4","24"," 13.0"," 15.0","  91.9"," ","  68.0"," "," 0.00","G","999.9","000000"
"72314013881","2020-08-06","35.2236","-80.9552","221.9","CHARLOTTE DOUGLAS AIRPORT, NC US","  80.9","24","  70.0","24","1016.4","19","989.7","24"," 10.0","24","  4.3","24"," 15.9"," 22.9","  91.9"," ","  68.0"," "," 0.01","G","999.9","000000"
"72314013881","2020-08-07","35.2236","-80.9552","221.9","CHARLOTTE DOUGLAS AIRPORT, NC US","  76.8","24","  68.9","24","1018.0","17","991.1","24","  9.8","24","  4.6","24"," 15.0"," 21.0","  91.9"," ","  69.1"," "," 0.46","G","999.9","010010"
"72314013881","2020-08-08","35.2236","-80.9552","221.9","CHARLOTTE DOUGLAS AIRPORT, NC US","  79.0","24","  69.2","24","1019.4","21","992.7","24","  9.7","24","  3.4","24","  6.0","999.9","  91.0"," ","  70.0"," "," 0.00","G","999.9","000000"
"72314013881","2020-08-09","35.2236","-80.9552","221.9","CHARLOTTE DOUGLAS AIRPORT, NC US","  81.9","24","  68.7","24","1019.8","23","992.8","24"," 10.0","24","  3.3","24"," 12.0","999.9","  93.9"," ","  71.1"," "," 0.00","G","999.9","010010"
"72314013881","2020-08-10","35.2236","-80.9552","221.9","CHARLOTTE DOUGLAS AIRPORT, NC US","  80.4","24","  67.3","24","1017.8","24","990.9","24"," 10.0","24","  3.0","24"," 14.0"," 21.0","  93.9"," ","  68.0"," "," 0.00","G","999.9","010010"
"72314013881","2020-08-11","35.2236","-80.9552","221.9","CHARLOTTE DOUGLAS AIRPORT, NC US","  78.6","24","  69.7","24","1015.0","22","988.2","24","  9.5","24","  3.3","24","  8.0","999.9","  93.9"," ","  68.0"," "," 0.04","G","999.9","010010"
"72314013881","2020-08-12","35.2236","-80.9552","221.9","CHARLOTTE DOUGLAS AIRPORT, NC US","  81.0","24","  71.0","24","1015.2","24","988.5","24"," 10.0","24","  3.8","24","  9.9","999.9","  91.0"," ","  73.0"," "," 0.00","G","999.9","010010"
"72314013881","2020-08-13","35.2236","-80.9552","221.9","CHARLOTTE DOUGLAS AIRPORT, NC US","  78.1","24","  70.7","24","1015.7","20","988.8","24","  9.8","24","  5.6","24"," 21.0"," 27.0","  91.0"," ","  72.0"," "," 0.02","G","999.9","010010"
"72314013881","2020-08-14","35.2236","-80.9552","221.9","CHARLOTTE DOUGLAS AIRPORT, NC US","  77.9","24","  70.2","24","1014.4","19","987.7","24"," 10.0","24","  3.0","24","  6.0","999.9","  90.0"," ","  72.0"," "," 0.14","G","999.9","010000"
"72314013881","2020-08-15","35.2236","-80.9552","221.9","CHARLOTTE DOUGLAS AIRPORT, NC US","  78.0","24","  71.4","24","1011.8","13","985.1","24","  8.7","24","  4.1","24"," 17.1"," 21.0","  90.0"," ","  72.0"," "," 0.25","G","999.9","010010"
"72314013881","2020-08-16","35.2236","-80.9552","221.9","CHARLOTTE DOUGLAS AIRPORT, NC US","  73.2","24","  65.2","24","1012.8","20","985.8","24","  9.5","24","  6.8","24"," 12.0","999.9","  86.0"," ","  66.0"," "," 0.98","G","999.9","010010"
"72314013881","2020-08-17","35.2236","-80.9552","221.9","CHARLOTTE DOUGLAS AIRPORT, NC US","  76.4","24","  67.2","24","1014.7","23","987.8","24"," 10.0","24","  4.5","24"," 12.0"," 22.9","  88.0"," ","  66.0"," "," 0.01","G","999.9","010010"
"72314013881","2020-08-18","35.2236","-80.9552","221.9","CHARLOTTE DOUGLAS AIRPORT, NC US","  77.1","24","  64.5","24","1013.8","24","987.0","24","  9.7","24","  2.7","24","  9.9","999.9","  89.1"," ","  63.0"," "," 0.16","G","999.9","000000"
"72314013881","2020-08-19","35.2236","-80.9552","221.9","CHARLOTTE DOUGLAS AIRPORT, NC US","  77.3","24","  66.2","24","1012.4","21","985.5","24"," 10.0","24","  3.8","24","  9.9","999.9","  89.1"," ","  63.0"," "," 0.00","G","999.9","010010"
"72314013881","2020-08-20","35.2236","-80.9552","221.9","CHARLOTTE DOUGLAS AIRPORT, NC US","  75.6","24","  66.9","24","1014.5","24","987.6","24"," 10.0","24","  5.6","24"," 12.0"," 15.0","  89.1"," ","  66.9"," "," 0.09","G","999.9","010000"
"72314013881","2020-08-21","35.2236","-80.9552","221.9","CHARLOTTE DOUGLAS AIRPORT, NC US","  75.9","24","  68.8","24","1014.1","21","987.4","24"," 10.0","24","  6.5","24","  8.9"," 15.9","  84.9"," ","  69.1"," "," 0.00","G","999.9","010000"
"72314013881","2020-08-22","35.2236","-80.9552","221.9","CHARLOTTE DOUGLAS AIRPORT, NC US","  76.5","24","  68.5","24","1014.6","20","987.7","24","  9.9","24","  4.3","24"," 13.0","999.9","  84.9","*","  69.8","*"," 0.48","G","999.9","000000"
"72314013881","2020-08-23","35.2236","-80.9552","221.9","CHARLOTTE DOUGLAS AIRPORT, NC US","  77.0","24","  69.0","24","1018.6","22","991.8","24","  9.9","24","  4.9","24","  9.9","999.9","  87.1"," ","  70.0"," "," 0.00","G","999.9","010010"
"72314013881","2020-08-24","35.2236","-80.9552","221.9","CHARLOTTE DOUGLAS AIRPORT, NC US","  76.3","24","  70.2","24","1020.5","24","993.5","24"," 10.0","24","  3.3","24"," 11.1","999.9","  87.1"," ","  72.0"," "," 0.07","G","999.9","010000"
"72314013881","2020-08-25","35.2236","-80.9552","221.9","CHARLOTTE DOUGLAS AIRPORT, NC US","  76.8","24","  70.7","24","1019.1","20","992.3","24"," 10.0","24","  5.3","24"," 11.1","999.9","  84.9"," ","  72.0"," "," 0.07","G","999.9","010000"
"72314013881","2020-08-26","35.2236","-80.9552","221.9","CHARLOTTE DOUGLAS AIRPORT, NC US","  80.7","24","  68.5","24","1017.9","24","991.0","24"," 10.0","24","  2.9","24","  5.1","999.9","  93.0"," ","  69.1"," "," 0.02","G","999.9","000000"
"72314013881","2020-08-27","35.2236","-80.9552","221.9","CHARLOTTE DOUGLAS AIRPORT, NC US","  81.4","24","  71.5","24","1017.0","24","990.3","24","  9.8","24","  3.8","24","  8.9","999.9","  93.0"," ","  69.1"," "," 0.00","G","999.9","000000"
"72314013881","2020-08-28","35.2236","-80.9552","221.9","CHARLOTTE DOUGLAS AIRPORT, NC US","  82.3","24","  72.4","24","1015.3","24","988.6","24"," 10.0","24","  5.5","24"," 12.0","999.9","  91.9"," ","  73.0"," "," 0.00","G","999.9","010010"
"72314013881","2020-08-29","35.2236","-80.9552","221.9","CHARLOTTE DOUGLAS AIRPORT, NC US","  81.3","24","  71.6","24","1009.4","18","982.6","24","  9.7","24","  9.0","24"," 13.0"," 20.0","  91.9"," ","  75.0"," "," 0.02","G","999.9","010000"
"72314013881","2020-08-30","35.2236","-80.9552","221.9","CHARLOTTE DOUGLAS AIRPORT, NC US","  80.6","24","  67.8","24","1009.3","24","982.7","24"," 10.0","24","  3.2","24","  7.0"," 15.0","  91.0"," ","  70.0"," "," 0.14","G","999.9","000000"
"72314013881","2020-08-31","35.2236","-80.9552","221.9","CHARLOTTE DOUGLAS AIRPORT, NC US","  78.8","24","  69.6","24","1011.7","22","985.1","24","  9.5","24","  5.8","24"," 12.0"," 15.9","  91.0"," ","  70.0"," "," 0.41","G","999.9","010010"
"72314013881","2020-09-01","35.2236","-80.9552","221.9","CHARLOTTE DOUGLAS AIRPORT, NC US","  79.8","24","  72.4","24","1014.5","21","987.7","24","  9.8","24","  3.4","24","  7.0","999.9","  89.1"," ","  73.0"," "," 0.53","G","999.9","000000"
"72314013881","2020-09-02","35.2236","-80.9552","221.9","CHARLOTTE DOUGLAS AIRPORT, NC US","  81.4","24","  72.7","24","1014.0","20","987.6","24","  9.0","24","  5.3","24"," 18.1"," 29.9","  93.0"," ","  71.1"," "," 0.73","G","999.9","010010"
"72314013881","2020-09-03","35.2236","-80.9552","221.9","CHARLOTTE DOUGLAS AIRPORT, NC US","  82.6","24","  72.1","24","1012.9","24","986.2","24","  9.6","24","  4.6","24"," 11.1"," 15.9","  93.0"," ","  71.1"," "," 0.50","G","999.9","000000"
"72314013881","2020-09-04","35.2236","-80.9552","221.9","CHARLOTTE DOUGLAS AIRPORT, NC US","  82.9","24","  70.5","24","1015.0","24","988.3","24","  9.8","24","  3.7","24","  8.0","999.9","  93.0"," ","  72.0"," "," 0.00","G","999.9","000000"
"72314013881","2020-09-05","35.2236","-80.9552","221.9","CHARLOTTE DOUGLAS AIRPORT, NC US","  78.3","24","  63.3","24","1020.8","24","993.9","24"," 10.0","24","  8.4","24"," 15.0"," 20.0","  91.9"," ","  71.1"," "," 0.00","G","999.9","000000"
"72314013881","2020-09-06","35.2236","-80.9552","221.9","CHARLOTTE DOUGLAS AIRPORT, NC US","  72.0","24","  55.3","24","1022.3","24","995.2","24"," 10.0","24","  5.5","24"," 11.1","999.9","  84.0"," ","  59.0"," "," 0.00","G","999.9","000000"
"72314013881","2020-09-07","35.2236","-80.9552","221.9","CHARLOTTE DOUGLAS AIRPORT, NC US","  72.2","24","  57.9","24","1018.3","24","991.2","24"," 10.0","24","  3.0","24","  6.0","999.9","  86.0"," ","  57.9"," "," 0.00","G","999.9","000000"
"72314013881","2020-09-08","35.2236","-80.9552","221.9","CHARLOTTE DOUGLAS AIRPORT, NC US","  73.7","24","  60.9","24","1017.7","24","990.7","24"," 10.0","24","  6.0","24","  8.9"," 22.0","  86.0"," ","  57.9"," "," 0.00","G","999.9","000000"
"72314013881","2020-09-09","35.2236","-80.9552","221.9","CHARLOTTE DOUGLAS AIRPORT, NC US","  75.6","24","  69.8","24","1019.8","19","992.8","24","  9.2","24","  7.3","24"," 11.1"," 18.1","  84.9"," ","  61.0"," "," 0.00","G","999.9","010000"
"72314013881","2020-09-10","35.2236","-80.9552","221.9","CHARLOTTE DOUGLAS AIRPORT, NC US","  77.3","24","  72.1","24","1021.1","19","994.3","24","  9.3","24","  5.4","24","  8.0","999.9","  86.0"," ","  72.0"," "," 0.10","G","999.9","010000"
"72314013881","2020-09-11","35.2236","-80.9552","221.9","CHARLOTTE DOUGLAS AIRPORT, NC US","  80.1","24","  71.7","24","1019.1","24","992.3","24","  9.7","24","  4.1","24"," 11.1","999.9","  91.0"," ","  71.1"," "," 0.00","G","999.9","000000"
"72314013881","2020-09-12","35.2236","-80.9552","221.9","CHARLOTTE DOUGLAS AIRPORT, NC US","  77.5","24","  71.1","24","1018.3","21","991.6","24","  9.7","24","  8.6","24"," 13.0"," 21.0","  91.0"," ","  71.1"," "," 0.00","G","999.9","010000"
"72314013881","2020-09-13","35.2236","-80.9552","221.9","CHARLOTTE DOUGLAS AIRPORT, NC US","  76.5","24","  67.2","24","1018.6","20","991.8","24"," 10.0","24","  6.8","24"," 11.1","999.9","  86.0"," ","  70.0"," "," 0.00","G","999.9","000000"
"72314013881","2020-09-14","35.2236","-80.9552","221.9","CHARLOTTE DOUGLAS AIRPORT, NC US","  77.2","24","  68.7","24","1018.8","24","991.8","24","  9.6","24","  5.5","24"," 12.0"," 19.0","  88.0"," ","  66.9"," "," 0.00","G","999.9","000000"
"72314013881","2020-09-15","35.2236","-80.9552","221.9","CHARLOTTE DOUGLAS AIRPORT, NC US","  73.3","24","  59.8","24","1022.7","24","995.6","24"," 10.0","24","  8.7","24"," 12.0"," 19.0","  88.0"," ","  66.0"," "," 0.00","G","999.9","000000"
"72314013881","2020-09-16","35.2236","-80.9552","221.9","CHARLOTTE DOUGLAS AIRPORT, NC US","  68.1","24","  56.8","24","1021.5","24","994.4","24"," 10.0","24","  7.9","24"," 11.1"," 19.0","  79.0"," ","  57.0"," "," 0.00","G","999.9","000000"
"72314013881","2020-09-17","35.2236","-80.9552","221.9","CHARLOTTE DOUGLAS AIRPORT, NC US","  69.1","24","  65.8","24","1013.9","19","986.5","24","  5.7","24","  7.8","24"," 14.0"," 21.0","  78.1"," ","  57.0"," "," 0.24","G","999.9","010000"
"72314013881","2020-09-18","35.2236","-80.9552","221.9","CHARLOTTE DOUGLAS AIRPORT, NC US","  71.3","24","  64.4","24","1011.8","20","984.0","24","  7.9","24"," 11.2","24"," 15.0"," 22.0","  80.1","*","  66.2","*"," 1.64","G","999.9","010000"
"72314013881","2020-09-19","35.2236","-80.9552","221.9","CHARLOTTE DOUGLAS AIRPORT, NC US","  66.1","24","  51.3","24","1021.2","24","994.0","24","  9.9","24","  8.6","24"," 13.0"," 19.0","  81.0"," ","  61.0"," "," 0.00","G","999.9","000000"
"72314013881","2020-09-20","35.2236","-80.9552","221.9","CHARLOTTE DOUGLAS AIRPORT, NC US","  58.8","24","  44.4","24","1027.0","24","999.3","24"," 10.0","24","  9.7","24"," 14.0"," 21.0","  71.1"," ","  46.9"," "," 0.00","G","999.9","000000"
"72314013881","2020-09-21","35.2236","-80.9552","221.9","CHARLOTTE DOUGLAS AIRPORT, NC US","  58.6","24","  45.2","24","1030.1","24","002.3","24"," 10.0","24","  8.5","24"," 14.0"," 20.0","  71.1"," ","  46.9"," "," 0.00","G","999.9","000000"
"72314013881","2020-09-22","35.2236","-80.9552","221.9","CHARLOTTE DOUGLAS AIRPORT, NC US","  59.0","24","  46.9","24","1025.6","24","997.9","24"," 10.0","24","  3.6","24","  8.0","999.9","  73.0"," ","  43.0"," "," 0.00","G","999.9","000000"
"72314013881","2020-09-23","35.2236","-80.9552","221.9","CHARLOTTE DOUGLAS AIRPORT, NC US","  62.9","24","  52.7","24","1018.6","24","991.2","24","  9.9","24","  2.6","24","  7.0","999.9","  78.1"," ","  43.0"," "," 0.00","G","999.9","000000"
"72314013881","2020-09-24","35.2236","-80.9552","221.9","CHARLOTTE DOUGLAS AIRPORT, NC US","  66.0","24","  59.4","24","1017.3","24","990.1","24","  9.8","24","  2.2","24","  8.0","999.9","  78.1"," ","  48.9"," "," 0.01","G","999.9","010000"
"72314013881","2020-09-25","35.2236","-80.9552","221.9","CHARLOTTE DOUGLAS AIRPORT, NC US","  64.0","24","  61.9","24","1017.1","15","989.6","24","  5.3","24","  6.9","24"," 13.0"," 15.9","  68.0","*","  60.8","*"," 1.24","G","999.9","010000"
"72314013881","2020-09-26","35.2236","-80.9552","221.9","CHARLOTTE DOUGLAS AIRPORT, NC US","  67.0","24","  62.7","24","1016.4","20","989.2","24","  5.7","24","  5.0","24","  8.0","999.9","  75.0"," ","  61.0"," "," 0.21","G","999.9","000000"
"72314013881","2020-09-27","35.2236","-80.9552","221.9","CHARLOTTE DOUGLAS AIRPORT, NC US","  67.4","24","  62.7","24","1015.6","23","988.5","24","  8.5","24","  2.0","24","  7.0","999.9","  77.0"," ","  57.9"," "," 0.00","G","999.9","000000"
"72314013881","2020-09-28","35.2236","-80.9552","221.9","CHARLOTTE DOUGLAS AIRPORT, NC US","  72.2","24","  66.4","24","1013.1","19","986.3","24","  9.0","24","  6.8","24"," 13.0"," 18.1","  82.0"," ","  57.9"," "," 0.00","G","999.9","000000"
"72314013881","2020-09-29","35.2236","-80.9552","221.9","CHARLOTTE DOUGLAS AIRPORT, NC US","  70.9","24","  66.4","24","1009.7","17","982.9","24","  9.7","24","  8.1","24"," 15.0"," 25.1","  82.0"," ","  62.1"," "," 0.00","G","999.9","010000"
"72314013881","2020-09-30","35.2236","-80.9552","221.9","CHARLOTTE DOUGLAS AIRPORT, NC US","  61.6","24","  50.8","24","1013.2","24","986.0","24"," 10.0","24","  4.4","24","  7.0","999.9","  82.0"," ","  48.9"," "," 0.29","G","999.9","010000"
"72314013881","2020-10-01","35.2236","-80.9552","221.9","CHARLOTTE DOUGLAS AIRPORT, NC US","  63.9","24","  54.4","24","1015.0","24","987.8","24"," 10.0","24","  3.2","24","  8.9","999.9","  80.1"," ","  48.9"," "," 0.00","G","999.9","000000"
"72314013881","2020-10-02","35.2236","-80.9552","221.9","CHARLOTTE DOUGLAS AIRPORT, NC US","  63.6","24","  46.2","24","1016.2","24","989.0","24"," 10.0","24","  7.0","24"," 12.0"," 17.1","  80.1"," ","  50.0"," "," 0.00","G","999.9","000000"
"72314013881","2020-10-03","35.2236","-80.9552","221.9","CHARLOTTE DOUGLAS AIRPORT, NC US","  58.4","24","  44.1","24","1021.6","24","994.1","24"," 10.0","24","  5.8","24","  9.9","999.9","  71.1"," ","  46.9"," "," 0.00","G","999.9","000000"
"72314013881","2020-10-04","35.2236","-80.9552","221.9","CHARLOTTE DOUGLAS AIRPORT, NC US","  60.0","24","  47.8","24","1021.8","24","994.3","24"," 10.0","24","  4.8","24","  8.0","999.9","  71.1"," ","  46.9"," "," 0.00","G","999.9","000000"
"72314013881","2020-10-05","35.2236","-80.9552","221.9","CHARLOTTE DOUGLAS AIRPORT, NC US","  61.0","24","  51.5","24","1021.0","24","993.5","24","  9.3","24","  2.3","24","  9.9","999.9","  75.9"," ","  46.9"," "," 0.00","G","999.9","000000"
"72314013881","2020-10-06","35.2236","-80.9552","221.9","CHARLOTTE DOUGLAS AIRPORT, NC US","  64.0","24","  53.5","24","1021.1","24","993.6","24","  9.8","24","  2.8","24","  6.0","999.9","  78.1"," ","  46.9"," "," 0.00","G","999.9","000000"
"72314013881","2020-10-07","35.2236","-80.9552","221.9","CHARLOTTE DOUGLAS AIRPORT, NC US","  67.2","24","  57.5","24","1017.0","24","989.8","24","  9.4","24","  2.6","24","  7.0","999.9","  82.0"," ","  50.0"," "," 0.00","G","999.9","000000"
"72314013881","2020-10-08","35.2236","-80.9552","221.9","CHARLOTTE DOUGLAS AIRPORT, NC US","  69.1","24","  57.9","24","1017.2","24","990.1","24","  9.8","24","  2.0","24","  5.1","999.9","  86.0"," ","  53.1"," "," 0.00","G","999.9","000000"
"72314013881","2020-10-09","35.2236","-80.9552","221.9","CHARLOTTE DOUGLAS AIRPORT, NC US","  66.8","24","  58.7","24","1021.4","24","994.2","24"," 10.0","24","  5.4","24"," 11.1"," 17.1","  86.0"," ","  54.0"," "," 0.00","G","999.9","000000"
"72314013881","2020-10-10","35.2236","-80.9552","221.9","CHARLOTTE DOUGLAS AIRPORT, NC US","  67.7","24","  65.0","24","1019.7","20","992.1","24","  5.0","24","  4.1","24"," 12.0"," 20.0","  75.0"," ","  59.0"," "," 0.06","G","999.9","010000"
"72314013881","2020-10-11","35.2236","-80.9552","221.9","CHARLOTTE DOUGLAS AIRPORT, NC US","  70.8","24","  67.7","24","1012.6","12","985.4","24","  6.4","24","  8.1","24"," 13.0"," 19.0","  80.1"," ","  64.9"," "," 1.98","G","999.9","010000"
"72314013881","2020-10-12","35.2236","-80.9552","221.9","CHARLOTTE DOUGLAS AIRPORT, NC US","  69.4","24","  66.8","24","1011.0","18","984.0","24","  6.8","24","  4.5","24","  8.9","999.9","  80.1"," ","  66.0"," "," 2.31","G","999.9","010000"
"72314013881","2020-10-13","35.2236","-80.9552","221.9","CHARLOTTE DOUGLAS AIRPORT, NC US","  70.2","24","  64.6","24","1013.6","21","986.6","24","  7.0","24","  1.5","24","  8.9","999.9","  82.9"," ","  62.1"," "," 0.06","G","999.9","100000"
"72314013881","2020-10-14","35.2236","-80.9552","221.9","CHARLOTTE DOUGLAS AIRPORT, NC US","  63.7","24","  49.8","24","1018.0","24","990.7","24"," 10.0","24","  4.5","24","  8.9","999.9","  82.9"," ","  48.9"," "," 0.00","G","999.9","000000"
"72314013881","2020-10-15","35.2236","-80.9552","221.9","CHARLOTTE DOUGLAS AIRPORT, NC US","  67.1","24","  60.7","24","1017.0","18","989.9","24","  8.0","24","  4.0","24"," 12.0"," 15.0","  78.1"," ","  48.9"," "," 0.00","G","999.9","100000"
"72314013881","2020-10-16","35.2236","-80.9552","221.9","CHARLOTTE DOUGLAS AIRPORT, NC US","  67.7","24","  59.9","24","1016.8","22","989.4","24","  8.1","24","  5.8","24"," 17.1"," 22.0","  78.1"," ","  55.9"," "," 0.01","G","999.9","000000"
"72314013881","2020-10-17","35.2236","-80.9552","221.9","CHARLOTTE DOUGLAS AIRPORT, NC US","  56.2","24","  39.1","24","1025.1","24","997.4","24"," 10.0","24","  6.8","24"," 11.1"," 22.0","  73.0"," ","  43.0"," "," 0.00","G","999.9","000000"
"72314013881","2020-10-18","35.2236","-80.9552","221.9","CHARLOTTE DOUGLAS AIRPORT, NC US","  56.1","24","  41.6","24","1027.5","24","999.7","24"," 10.0","24","  5.0","24","  7.0","999.9","  69.1"," ","  42.1"," "," 0.00","G","999.9","000000"
"72314013881","2020-10-19","35.2236","-80.9552","221.9","CHARLOTTE DOUGLAS AIRPORT, NC US","  57.7","24","  48.3","24","1025.2","24","997.5","24","  9.9","24","  3.0","24","  6.0","999.9","  75.0"," ","  42.1"," "," 0.00","G","999.9","000000"
"72314013881","2020-10-20","35.2236","-80.9552","221.9","CHARLOTTE DOUGLAS AIRPORT, NC US","  62.5","24","  53.8","24","1023.4","24","995.9","24","  9.7","24","  2.9","24","  5.1","999.9","  79.0"," ","  44.1"," "," 0.00","G","999.9","000000"
"72314013881","2020-10-21","35.2236","-80.9552","221.9","CHARLOTTE DOUGLAS AIRPORT, NC US","  70.6","24","  61.5","24","1023.3","22","996.0","24"," 10.0","24","  3.7","24","  8.9","999.9","  84.0"," ","  48.9"," "," 0.00","G","999.9","000000"
"72314013881","2020-10-22","35.2236","-80.9552","221.9","CHARLOTTE DOUGLAS AIRPORT, NC US","  70.5","24","  62.0","24","1022.7","24","995.5","24","  9.5","24","  3.1","24","  6.0","999.9","  84.0"," ","  57.0"," "," 0.00","G","999.9","000000"
"72314013881","2020-10-23","35.2236","-80.9552","221.9","CHARLOTTE DOUGLAS AIRPORT, NC US","  71.7","24","  62.0","24","1020.6","24","993.4","24","  9.8","24","  3.3","24","  7.0","999.9","  82.9"," ","  57.0"," "," 0.00","G","999.9","000000"
"72314013881","2020-10-24","35.2236","-80.9552","221.9","CHARLOTTE DOUGLAS AIRPORT, NC US","  70.2","24","  61.9","24","1016.2","24","989.1","24","  9.9","24","  3.4","24","  7.0","999.9","  82.9"," ","  57.9"," "," 0.00","G","999.9","000000"
"72314013881","2020-10-25","35.2236","-80.9552","221.9","CHARLOTTE DOUGLAS AIRPORT, NC US","  66.9","24","  63.0","24","1014.9","22","987.9","24","  7.7","24","  4.8","24"," 12.0"," 17.1","  82.9"," ","  55.9"," "," 0.27","G","999.9","010000"
"72314013881","2020-10-26","35.2236","-80.9552","221.9","CHARLOTTE DOUGLAS AIRPORT, NC US","  59.3","24","  54.1","24","1019.8","19","992.3","24","  9.9","24","  5.2","24","  9.9","999.9","  73.0"," ","  53.1"," "," 0.11","G","999.9","000000"
"72314013881","2020-10-27","35.2236","-80.9552","221.9","CHARLOTTE DOUGLAS AIRPORT, NC US","  64.1","24","  59.7","24","1021.0","19","993.8","24","  7.4","24","  2.9","24","  7.0","999.9","  77.0"," ","  53.1"," "," 0.00","G","999.9","100000"
"72314013881","2020-10-28","35.2236","-80.9552","221.9","CHARLOTTE DOUGLAS AIRPORT, NC US","  66.4","24","  63.8","24","1019.5","22","992.5","24","  7.6","24","  2.2","24","  6.0","999.9","  77.0"," ","  55.0"," "," 0.00","G","999.9","010000"
"72314013881","2020-10-29","35.2236","-80.9552","221.9","CHARLOTTE DOUGLAS AIRPORT, NC US","  74.1","24","  68.6","24","1006.5","23","980.1","24","  9.1","24"," 13.9","24"," 31.1"," 46.0","  82.9"," ","  61.0"," "," 0.43","G","999.9","010000"
"72314013881","2020-10-30","35.2236","-80.9552","221.9","CHARLOTTE DOUGLAS AIRPORT, NC US","  64.7","24","  50.6","24","1010.3","24","982.5","24","  9.3","24","  8.9","24"," 20.0"," 32.1","  82.9"," ","  52.0"," "," 1.39","G","999.9","010000"
"72314013881","2020-10-31","35.2236","-80.9552","221.9","CHARLOTTE DOUGLAS AIRPORT, NC US","  51.6","24","  38.8","24","1027.7","24","999.7","24"," 10.0","24","  6.8","24","  9.9"," 17.1","  68.0"," ","  41.0"," "," 0.00","G","999.9","000000"
"72314013881","2020-11-01","35.2236","-80.9552","221.9","CHARLOTTE DOUGLAS AIRPORT, NC US","  55.7","24","  49.7","24","1021.3","21","993.7","24","  7.9","24","  4.6","24","  8.9","999.9","  64.9"," ","  41.0"," "," 0.29","G","999.9","010000"
"72314013881","2020-11-02","35.2236","-80.9552","221.9","CHARLOTTE DOUGLAS AIRPORT, NC US","  48.7","24","  23.3","24","1022.9","24","995.1","24"," 10.0","24","  6.1","24"," 19.0"," 27.0","  64.9"," ","  33.1"," "," 0.11","G","999.9","000000"
"72314013881","2020-11-03","35.2236","-80.9552","221.9","CHARLOTTE DOUGLAS AIRPORT, NC US","  47.6","24","  28.6","24","1025.2","24","997.2","24"," 10.0","24","  2.6","24","  6.0","999.9","  66.9"," ","  30.9"," "," 0.00","G","999.9","000000"
"72314013881","2020-11-04","35.2236","-80.9552","221.9","CHARLOTTE DOUGLAS AIRPORT, NC US","  52.2","24","  37.4","24","1028.8","24","000.8","24"," 10.0","24","  1.5","24","  7.0","999.9","  69.1"," ","  30.9"," "," 0.00","G","999.9","000000"
"72314013881","2020-11-05","35.2236","-80.9552","221.9","CHARLOTTE DOUGLAS AIRPORT, NC US","  54.1","24","  42.0","24","1030.1","24","002.1","24","  9.8","24","  1.9","24","  6.0","999.9","  72.0"," ","  36.0"," "," 0.00","G","999.9","000000"
"72314013881","2020-11-06","35.2236","-80.9552","221.9","CHARLOTTE DOUGLAS AIRPORT, NC US","  60.9","24","  49.6","24","1026.3","24","998.6","24"," 10.0","24","  4.5","24","  8.9"," 15.9","  75.0","*","  51.1","*"," 0.00","G","999.9","000000"
"72314013881","2020-11-07","35.2236","-80.9552","221.9","CHARLOTTE DOUGLAS AIRPORT, NC US","  66.1","24","  56.4","24","1025.5","24","998.0","24"," 10.0","24","  4.6","24","  8.0","999.9","  79.0"," ","  50.0"," "," 0.00","G","999.9","000000"
"72314013881","2020-11-08","35.2236","-80.9552","221.9","CHARLOTTE DOUGLAS AIRPORT, NC US","  66.8","24","  58.4","24","1026.2","24","998.7","24","  9.7","24","  5.8","24","  8.9"," 20.0","  79.0"," ","  55.0"," "," 0.00","G","999.9","000000"
"72314013881","2020-11-09","35.2236","-80.9552","221.9","CHARLOTTE DOUGLAS AIRPORT, NC US","  67.3","24","  59.5","24","1025.9","24","998.4","24","  9.9","24","  6.9","24","  8.9"," 18.1","  79.0"," ","  55.0"," "," 0.00","G","999.9","010000"
"72314013881","2020-11-10","35.2236","-80.9552","221.9","CHARLOTTE DOUGLAS AIRPORT, NC US","  68.5","24","  63.7","24","1021.2","17","994.7","24","  9.8","24","  5.9","24","  8.0","999.9","  75.9"," ","  57.9"," "," 0.00","G","999.9","000000"
"72314013881","2020-11-11","35.2236","-80.9552","221.9","CHARLOTTE DOUGLAS AIRPORT, NC US","  73.3","24","  69.9","24","1015.2","19","988.4","24","  7.6","24","  8.2","24"," 12.0","999.9","  82.0"," ","  64.0"," "," 0.27","G","999.9","010000"
"72314013881","2020-11-12","35.2236","-80.9552","221.9","CHARLOTTE DOUGLAS AIRPORT, NC US","  70.2","24","  68.4","24","1012.1","16","985.0","24","  6.6","24","  7.4","24"," 12.0"," 19.0","  82.0"," ","  64.9"," "," 0.74","G","999.9","110010"
"72314013881","2020-11-13","35.2236","-80.9552","221.9","CHARLOTTE DOUGLAS AIRPORT, NC US","  63.6","24","  58.8","24","1015.7","19","988.6","24","  8.4","24","  4.2","24","  8.9","999.9","  73.0"," ","  55.9"," "," 3.99","G","999.9","010000"
"72314013881","2020-11-14","35.2236","-80.9552","221.9","CHARLOTTE DOUGLAS AIRPORT, NC US","  59.5","24","  43.2","24","1020.9","24","993.4","24"," 10.0","24","  5.9","24","  8.9"," 15.0","  73.0"," ","  48.0"," "," 0.00","G","999.9","000000"
"72314013881","2020-11-15","35.2236","-80.9552","221.9","CHARLOTTE DOUGLAS AIRPORT, NC US","  62.1","24","  55.0","24","1018.1","14","991.1","24","  7.6","24","  7.9","24"," 15.9"," 22.9","  72.0"," ","  48.0"," "," 0.00","G","999.9","100000"
"72314013881","2020-11-16","35.2236","-80.9552","221.9","CHARLOTTE DOUGLAS AIRPORT, NC US","  55.7","24","  33.7","24","1020.1","24","992.3","24"," 10.0","24","  5.1","24","  9.9","999.9","  72.0"," ","  37.0"," "," 0.00","G","999.9","000000"
"72314013881","2020-11-17","35.2236","-80.9552","221.9","CHARLOTTE DOUGLAS AIRPORT, NC US","  49.1","24","  30.0","24","1022.6","24","994.8","24"," 10.0","24","  4.4","24"," 12.0"," 22.9","  64.0","*","  37.0","*"," 0.00","G","999.9","000000"
"72314013881","2020-11-18","35.2236","-80.9552","221.9","CHARLOTTE DOUGLAS AIRPORT, NC US","  45.1","24","  22.4","24","1031.9","24","003.8","24"," 10.0","24","  5.2","24","  8.9"," 21.0","  64.0"," ","  28.0"," "," 0.00","G","999.9","000000"
"72314013881","2020-11-19","35.2236","-80.9552","221.9","CHARLOTTE DOUGLAS AIRPORT, NC US","  44.0","24","  26.9","24","1036.2","24","007.7","24"," 10.0","24","  2.2","24","  6.0","999.9","  57.9"," ","  28.0"," "," 0.00","G","999.9","000000"
"72314013881","2020-11-20","35.2236","-80.9552","221.9","CHARLOTTE DOUGLAS AIRPORT, NC US","  50.1","24","  36.9","24","1033.1","24","004.9","24","  9.9","24","  2.9","24","  9.9"," 15.9","  70.0"," ","  30.0"," "," 0.00","G","999.9","000000"
"72314013881","2020-11-21","35.2236","-80.9552","221.9","CHARLOTTE DOUGLAS AIRPORT, NC US","  55.9","24","  46.4","24","1029.0","24","001.1","24","  9.8","24","  1.4","24","  5.1","999.9","  73.0"," ","  32.0"," "," 0.00","G","999.9","000000"
"72314013881","2020-11-22","35.2236","-80.9552","221.9","CHARLOTTE DOUGLAS AIRPORT, NC US","  54.8","24","  47.9","24","1024.5","24","996.7","24","  9.2","24","  3.2","24","  8.9","999.9","  73.0"," ","  39.0"," "," 0.00","G","999.9","000000"
"72314013881","2020-11-23","35.2236","-80.9552","221.9","CHARLOTTE DOUGLAS AIRPORT, NC US","  56.8","24","  43.9","24","1020.1","22","992.1","24","  8.4","24","  5.3","24"," 11.1"," 15.0","  66.9"," ","  39.0"," "," 0.00","G","999.9","100000"
"72314013881","2020-11-24","35.2236","-80.9552","221.9","CHARLOTTE DOUGLAS AIRPORT, NC US","  46.7","24","  29.6","24","1027.3","24","999.3","24"," 10.0","24","  5.1","24","  8.0","999.9","  64.0"," ","  32.0"," "," 0.00","G","999.9","000000"
"72314013881","2020-11-25","35.2236","-80.9552","221.9","CHARLOTTE DOUGLAS AIRPORT, NC US","  51.0","24","  39.7","24","1025.7","23","998.1","24"," 10.0","24","  4.1","24","  8.0","999.9","  63.0"," ","  32.0"," "," 0.00","G","999.9","000000"
"72314013881","2020-11-26","35.2236","-80.9552","221.9","CHARLOTTE DOUGLAS AIRPORT, NC US","  60.2","24","  56.3","24","1018.7","23","991.3","24","  8.4","24","  4.5","24","  9.9","999.9","  71.1"," ","  43.0"," "," 0.02","G","999.9","010000"
"72314013881","2020-11-27","35.2236","-80.9552","221.9","CHARLOTTE DOUGLAS AIRPORT, NC US","  59.9","24","  55.6","24","1017.7","21","990.4","24","  4.5","24","  2.9","24","  8.0","999.9","  71.1"," ","  54.0"," "," 0.01","G","999.9","100000"
"72314013881","2020-11-28","35.2236","-80.9552","221.9","CHARLOTTE DOUGLAS AIRPORT, NC US","  59.1","24","  48.8","24","1017.5","24","990.0","24","  9.0","24","  2.7","24","  7.0","999.9","  70.0"," ","  53.1"," "," 0.02","G","999.9","010000"
"72314013881","2020-11-29","35.2236","-80.9552","221.9","CHARLOTTE DOUGLAS AIRPORT, NC US","  51.9","24","  41.2","24","1020.0","24","992.3","24","  9.7","24","  3.0","24","  8.9"," 18.1","  70.0"," ","  37.0"," "," 0.04","A","999.9","010000"
"72314013881","2020-11-30","35.2236","-80.9552","221.9","CHARLOTTE DOUGLAS AIRPORT, NC US","  53.8","24","  49.1","24","1004.7","20","977.1","24","  6.6","24","  7.8","24"," 17.1"," 26.0","  64.0"," ","  37.0"," "," 1.02","G","999.9","010000"
"72314013881","2020-12-01","35.2236","-80.9552","221.9","CHARLOTTE DOUGLAS AIRPORT, NC US","  42.0","24","  26.5","24","1011.2","24","983.6","24"," 10.0","24","  6.5","24"," 11.1"," 19.0","  48.0","*","  35.1","*"," 0.20","G","999.9","010000"
"72314013881","2020-12-02","35.2236","-80.9552","221.9","CHARLOTTE DOUGLAS AIRPORT, NC US","  37.3","24","  22.1","24","1022.9","24","994.6","24"," 10.0","24","  4.1","24","  8.0","999.9","  55.0"," ","  21.9"," "," 0.00","G","999.9","000000"
"72314013881","2020-12-03","35.2236","-80.9552","221.9","CHARLOTTE DOUGLAS AIRPORT, NC US","  40.1","24","  25.5","24","1026.8","24","998.6","24","  9.9","24","  3.0","24","  8.0","999.9","  57.9"," ","  21.9"," "," 0.00","G","999.9","000000"
"72314013881","2020-12-04","35.2236","-80.9552","221.9","CHARLOTTE DOUGLAS AIRPORT, NC US","  50.0","24","  38.7","24","1021.4","24","993.5","24"," 10.0","24","  3.9","24","  9.9","999.9","  63.0","*","  41.0","*"," 0.00","G","999.9","010000"
"72314013881","2020-12-05","35.2236","-80.9552","221.9","CHARLOTTE DOUGLAS AIRPORT, NC US","  51.4","24","  41.1","24","1014.6","20","985.8","24","  9.3","24","  7.2","24"," 15.0"," 20.0","  63.0"," ","  39.9"," "," 0.61","G","999.9","010010"
"72314013881","2020-12-06","35.2236","-80.9552","221.9","CHARLOTTE DOUGLAS AIRPORT, NC US","  41.1","24","  32.4","24","1016.3","24","988.4","24","  9.2","24","  3.1","24","  8.9","999.9","  57.0"," ","  27.0"," "," 0.01","G","999.9","000000"
"72314013881","2020-12-07","35.2236","-80.9552","221.9","CHARLOTTE DOUGLAS AIRPORT, NC US","  45.8","24","  39.9","24","1009.0","24","981.3","24","  8.8","24","  3.9","24"," 12.0","999.9","  54.0"," ","  27.0"," "," 0.00","G","999.9","010000"
"72314013881","2020-12-08","35.2236","-80.9552","221.9","CHARLOTTE DOUGLAS AIRPORT, NC US","  38.2","24","  22.7","24","1014.9","24","987.0","24"," 10.0","24","  6.0","24"," 12.0"," 15.9","  53.1"," ","  28.9"," "," 0.00","G","999.9","000000"
"72314013881","2020-12-09","35.2236","-80.9552","221.9","CHARLOTTE DOUGLAS AIRPORT, NC US","  37.3","24","  24.4","24","1016.9","24","988.9","24","  9.9","24","  3.7","24","  7.0","999.9","  57.0"," ","  25.0"," "," 0.00","G","999.9","000000"
"72314013881","2020-12-10","35.2236","-80.9552","221.9","CHARLOTTE DOUGLAS AIRPORT, NC US","  48.6","24","  34.1","24","1018.6","24","990.7","24"," 10.0","24","  3.0","24","  7.0","999.9","  66.9"," ","  25.0"," "," 0.00","G","999.9","000000"
"72314013881","2020-12-11","35.2236","-80.9552","221.9","CHARLOTTE DOUGLAS AIRPORT, NC US","  50.9","24","  39.6","24","1022.2","24","994.4","24","  9.9","24","  3.2","24","  8.0","999.9","  66.9"," ","  32.0"," "," 0.00","G","999.9","000000"
"72314013881","2020-12-12","35.2236","-80.9552","221.9","CHARLOTTE DOUGLAS AIRPORT, NC US","  54.2","24","  45.3","24","1019.5","24","991.8","24","  9.5","24","  4.8","24"," 11.1"," 15.0","  66.9"," ","  34.0"," "," 0.00","G","999.9","000000"
"72314013881","2020-12-13","35.2236","-80.9552","221.9","CHARLOTTE DOUGLAS AIRPORT, NC US","  60.0","24","  50.2","24","1017.3","24","989.9","24"," 10.0","24","  4.8","24","  8.0","999.9","  70.0"," ","  46.0"," "," 0.00","G","999.9","010000"
"72314013881","2020-12-14","35.2236","-80.9552","221.9","CHARLOTTE DOUGLAS AIRPORT, NC US","  56.0","24","  49.2","24","1013.0","19","984.1","24","  7.8","24","  8.2","24"," 15.9"," 22.9","  70.0"," ","  48.9"," "," 0.15","G","999.9","010000"
"72314013881","2020-12-15","35.2236","-80.9552","221.9","CHARLOTTE DOUGLAS AIRPORT, NC US","  41.4","24","  29.8","24","1022.8","24","994.8","24"," 10.0","24","  7.6","24"," 12.0","999.9","  62.1"," ","  33.1"," "," 0.34","G","999.9","000000"
"72314013881","2020-12-16","35.2236","-80.9552","221.9","CHARLOTTE DOUGLAS AIRPORT, NC US","  37.3","24","  32.5","24","1018.1","20","990.1","24","  6.3","24","  8.8","24"," 12.0"," 20.0","  48.0"," ","  33.1"," "," 0.28","G","999.9","010000"
"72314013881","2020-12-17","35.2236","-80.9552","221.9","CHARLOTTE DOUGLAS AIRPORT, NC US","  39.8","24","  37.7","24","1015.3","22","987.1","24","  6.6","24","  2.0","24","  7.0","999.9","  44.1"," ","  34.0"," "," 0.44","G","999.9","110000"
"72314013881","2020-12-18","35.2236","-80.9552","221.9","CHARLOTTE DOUGLAS AIRPORT, NC US","  40.5","24","  30.9","24","1026.0","22","997.1","24","  9.8","24","  4.9","24"," 12.0"," 17.1","  45.0","*","  34.0","*"," 0.00","G","999.9","010000"
"72314013881","2020-12-19","35.2236","-80.9552","221.9","CHARLOTTE DOUGLAS AIRPORT, NC US","  36.9","24","  26.8","24","1029.3","24","000.8","24","  9.9","24","  3.5","24","  8.0","999.9","  48.9"," ","  23.0"," "," 0.00","G","999.9","000000"
"72314013881","2020-12-20","35.2236","-80.9552","221.9","CHARLOTTE DOUGLAS AIRPORT, NC US","  43.1","24","  36.9","24","1020.9","23","992.7","24","  7.6","24","  3.2","24","  7.0","999.9","  48.9","*","  39.0","*"," 0.26","G","999.9","010000"
"72314013881","2020-12-21","35.2236","-80.9552","221.9","CHARLOTTE DOUGLAS AIRPORT, NC US","  48.1","24","  41.4","24","1014.0","18","986.6","24","  5.7","24","  4.9","24"," 11.1"," 19.0","  57.9"," ","  39.0"," "," 0.12","G","999.9","000000"
"72314013881","2020-12-22","35.2236","-80.9552","221.9","CHARLOTTE DOUGLAS AIRPORT, NC US","  49.4","24","  32.8","24","1017.5","24","989.7","24"," 10.0","24","  5.3","24"," 13.0"," 17.1","  62.1"," ","  35.1"," "," 0.00","G","999.9","000000"
"72314013881","2020-12-23","35.2236","-80.9552","221.9","CHARLOTTE DOUGLAS AIRPORT, NC US","  44.6","24","  28.8","24","1026.7","24","998.6","24"," 10.0","24","  4.3","24","  9.9","999.9","  62.1"," ","  28.0"," "," 0.00","G","999.9","000000"
"72314013881","2020-12-24","35.2236","-80.9552","221.9","CHARLOTTE DOUGLAS AIRPORT, NC US","  55.1","24","  49.3","24","1014.4","22","986.6","24","  8.5","24","  7.2","24"," 15.9"," 24.1","  59.0","*","  52.0","*"," 0.01","G","999.9","010000"
"72314013881","2020-12-25","35.2236","-80.9552","221.9","CHARLOTTE DOUGLAS AIRPORT, NC US","  37.2","24","  24.4","24","1009.7","21","980.6","24","  9.4","24"," 10.1","24"," 18.1"," 32.1","  59.0"," ","  28.0"," "," 0.71","G","999.9","010000"
"72314013881","2020-12-26","35.2236","-80.9552","221.9","CHARLOTTE DOUGLAS AIRPORT, NC US","  28.0","24","  12.4","24","1020.4","24","991.9","24"," 10.0","24","  4.2","23","  9.9","999.9","  41.0"," ","  17.1"," "," 0.00","G","999.9","000000"
"72314013881","2020-12-27","35.2236","-80.9552","221.9","CHARLOTTE DOUGLAS AIRPORT, NC US","  36.7","24","  20.7","24","1023.0","24","994.6","24"," 10.0","24","  3.0","24","  7.0","999.9","  53.1"," ","  17.1"," "," 0.00","G","999.9","000000"
"72314013881","2020-12-28","35.2236","-80.9552","221.9","CHARLOTTE DOUGLAS AIRPORT, NC US","  44.5","24","  29.9","24","1024.8","24","996.7","24"," 10.0","24","  5.0","24","  8.9"," 15.0","  62.1"," ","  21.9"," "," 0.00","G","999.9","000000"
"72314013881","2020-12-29","35.2236","-80.9552","221.9","CHARLOTTE DOUGLAS AIRPORT, NC US","  46.2","24","  35.8","24","1028.3","24","000.2","24","  9.7","24","  4.2","24","  9.9"," 17.1","  62.1"," ","  30.9"," "," 0.00","G","999.9","000000"
"72314013881","2020-12-30","35.2236","-80.9552","221.9","CHARLOTTE DOUGLAS AIRPORT, NC US","  41.5","24","  27.6","24","1030.5","23","002.3","24"," 10.0","24","  5.7","24","  9.9"," 15.9","  57.9"," ","  30.9"," "," 0.00","G","999.9","000000"
"72314013881","2020-12-31","35.2236","-80.9552","221.9","CHARLOTTE DOUGLAS AIRPORT, NC US","  45.3","24","  41.4","24","1022.1","23","995.7"," 9","  5.3","24","  2.2","24","  8.0","999.9","  54.0"," ","  37.0"," "," 0.00","G","999.9","110000"
