"STATION","DATE","LATITUDE","LONGITUDE","ELEVATION","NAME","TEMP","TEMP_ATTRIBUTES","DEWP","DEWP_ATTRIBUTES","SLP","SLP_ATTRIBUTES","STP","STP_ATTRIBUTES","VISIB","VISIB_ATTRIBUTES","WDSP","WDSP_ATTRIBUTES","MXSPD","GUST","MAX","MAX_ATTRIBUTES","MIN","MIN_ATTRIBUTES","PRCP","PRCP_ATTRIBUTES","SNDP","FRSHTT"
"72422093820","2020-01-01","38.0408","-84.6058","298.7","LEXINGTON BLUEGRASS AIRPORT, KY US","  41.7","24","  27.1","24","1014.5","23","978.4","24"," 10.0","24","  8.6","24"," 13.0"," 18.1","  50.0"," ","  35.1"," "," 0.00","G","999.9","000000"
"72422093820","2020-01-02","38.0408","-84.6058","298.7","LEXINGTON BLUEGRASS AIRPORT, KY US","  45.0","24","  29.2","24","1011.3","21","975.3","24","  9.7","24"," 10.0","24"," 17.1"," 24.1","  53.6","*","  39.0","*"," 0.00","G","999.9","010000"
"72422093820","2020-01-03","38.0408","-84.6058","298.7","LEXINGTON BLUEGRASS AIRPORT, KY US","  53.9","24","  49.5","24","1007.8","11","972.6","24","  6.7","24","  6.4","24"," 19.0"," 28.0","  55.9"," ","  39.0"," "," 0.45","G","999.9","110000"
"72422093820","2020-01-04","38.0408","-84.6058","298.7","LEXINGTON BLUEGRASS AIRPORT, KY US","  46.7","24","  39.7","24","1011.9","15","975.6","24","  7.7","24","  8.9","24"," 17.1"," 26.0","  55.9"," ","  37.9"," "," 0.43","G","999.9","010000"
"72422093820","2020-01-05","38.0408","-84.6058","298.7","LEXINGTON BLUEGRASS AIRPORT, KY US","  39.3","24","  26.6","24","1022.2","21","985.9","24"," 10.0","24","  9.7","24"," 17.1"," 27.0","  52.0"," ","  30.9"," "," 0.01","G","999.9","000000"
"72422093820","2020-01-06","38.0408","-84.6058","298.7","LEXINGTON BLUEGRASS AIRPORT, KY US","  41.7","24","  26.2","24","1021.4","24","985.1","24"," 10.0","24","  5.1","24","  9.9","999.9","  50.0"," ","  30.9"," "," 0.00","G","999.9","000000"
"72422093820","2020-01-07","38.0408","-84.6058","298.7","LEXINGTON BLUEGRASS AIRPORT, KY US","  41.8","24","  23.2","24","1017.5","24","981.4","24"," 10.0","24","  7.1","24"," 14.0"," 24.1","  51.1"," ","  32.0"," "," 0.00","G","999.9","010000"
"72422093820","2020-01-08","38.0408","-84.6058","298.7","LEXINGTON BLUEGRASS AIRPORT, KY US","  41.5","24","  19.1","24","1024.9","24","988.6","24"," 10.0","24","  8.9","24"," 12.0"," 20.0","  51.1"," ","  36.0"," "," 0.00","G","999.9","000000"
"72422093820","2020-01-09","38.0408","-84.6058","298.7","LEXINGTON BLUEGRASS AIRPORT, KY US","  44.2","24","  18.2","24","1029.4","24","993.0","24"," 10.0","24","  8.1","24"," 17.1"," 26.0","  61.0"," ","  32.0"," "," 0.00","G","999.9","000000"
"72422093820","2020-01-10","38.0408","-84.6058","298.7","LEXINGTON BLUEGRASS AIRPORT, KY US","  60.9","24","  40.4","24","1024.2","24","988.5","24"," 10.0","24"," 15.8","24"," 21.0"," 33.0","  66.9","*","  57.0","*"," 0.00","G","999.9","010000"
"72422093820","2020-01-11","38.0408","-84.6058","298.7","LEXINGTON BLUEGRASS AIRPORT, KY US","  65.1","24","  53.5","24","1012.6","24","977.6","24","  9.3","24"," 14.9","24"," 29.9"," 49.9","  75.0"," ","  57.0"," "," 0.01","G","999.9","010000"
"72422093820","2020-01-12","38.0408","-84.6058","298.7","LEXINGTON BLUEGRASS AIRPORT, KY US","  48.1","24","  40.5","24","1019.0","14","984.2","24","  9.0","24","  9.0","24"," 22.9"," 33.0","  75.0"," ","  41.0"," "," 0.95","G","999.9","010000"
"72422093820","2020-01-13","38.0408","-84.6058","298.7","LEXINGTON BLUEGRASS AIRPORT, KY US","  43.0","24","  36.0","24","1026.6","21","990.1","24","  9.2","24","  3.5","24","  7.0","999.9","  51.1"," ","  35.1"," "," 0.00","G","999.9","000000"
"72422093820","2020-01-14","38.0408","-84.6058","298.7","LEXINGTON BLUEGRASS AIRPORT, KY US","  51.4","24","  43.8","24","1022.8","18","986.4","24","  8.3","24","  6.4","24"," 12.0","999.9","  55.9"," ","  35.1"," "," 0.08","G","999.9","010000"
"72422093820","2020-01-15","38.0408","-84.6058","298.7","LEXINGTON BLUEGRASS AIRPORT, KY US","  51.7","24","  46.4","24","1020.5"," 8","984.2","24","  5.0","24","  6.2","24"," 18.1"," 28.0","  69.1"," ","  37.0"," "," 0.01","G","999.9","110000"
"72422093820","2020-01-16","38.0408","-84.6058","298.7","LEXINGTON BLUEGRASS AIRPORT, KY US","  46.3","24","  34.8","24","1029.4","23","992.2","24","  9.9","24","  8.7","24"," 17.1"," 22.9","  69.1"," ","  37.0"," "," 0.02","G","999.9","000000"
"72422093820","2020-01-17","38.0408","-84.6058","298.7","LEXINGTON BLUEGRASS AIRPORT, KY US","  31.7","24","  17.4","24","1038.7","24","001.5","24"," 10.0","24","  9.4","24"," 13.0"," 20.0","  50.0"," ","  26.1"," "," 0.00","G","999.9","000000"
"72422093820","2020-01-18","38.0408","-84.6058","298.7","LEXINGTON BLUEGRASS AIRPORT, KY US","  45.9","24","  31.1","24","1020.5","22","984.0","24","  9.1","24"," 14.6","24"," 22.0"," 39.0","  54.0"," ","  26.1"," "," 0.00","G","999.9","010000"
"72422093820","2020-01-19","38.0408","-84.6058","298.7","LEXINGTON BLUEGRASS AIRPORT, KY US","  31.6","24","  19.1","24","1021.2","22","984.7","24"," 10.0","24"," 12.9","24"," 19.0"," 29.9","  54.0"," ","  21.0"," "," 0.33","G","999.9","000000"
"72422093820","2020-01-20","38.0408","-84.6058","298.7","LEXINGTON BLUEGRASS AIRPORT, KY US","  19.9","24","   9.9","24","1032.8","15","995.8","24","  8.5","24","  6.7","24"," 11.1","999.9","  36.0"," ","  16.0"," "," 0.00","G","999.9","001000"
"72422093820","2020-01-21","38.0408","-84.6058","298.7","LEXINGTON BLUEGRASS AIRPORT, KY US","  27.2","24","  12.1","24","1035.9","22","998.4","24"," 10.0","24","  5.8","24"," 11.1","999.9","  34.0"," ","  16.0"," "," 0.00","G","999.9","000000"
"72422093820","2020-01-22","38.0408","-84.6058","298.7","LEXINGTON BLUEGRASS AIRPORT, KY US","  27.9","24","  13.0","24","1030.7","24","993.5","24"," 10.0","24","  3.9","24","  8.9","999.9","  43.0"," ","  16.0"," "," 0.00","G","999.9","000000"
"72422093820","2020-01-23","38.0408","-84.6058","298.7","LEXINGTON BLUEGRASS AIRPORT, KY US","  40.3","24","  20.2","24","1023.0","24","986.6","24","  9.7","24","  5.4","24","  9.9","999.9","  50.0","*","  35.1","*"," 0.00","G","999.9","010000"
"72422093820","2020-01-24","38.0408","-84.6058","298.7","LEXINGTON BLUEGRASS AIRPORT, KY US","  45.7","24","  39.8","24","1013.7","19","977.6","24","  7.9","24","  6.9","24"," 13.0"," 15.9","  52.0"," ","  34.0"," "," 0.63","G","999.9","010000"
"72422093820","2020-01-25","38.0408","-84.6058","298.7","LEXINGTON BLUEGRASS AIRPORT, KY US","  38.6","24","  32.5","24","1014.7","16","978.8","24","  9.8","24"," 10.1","24"," 15.0"," 24.1","  52.0"," ","  35.1"," "," 0.42","G","999.9","010000"
"72422093820","2020-01-26","38.0408","-84.6058","298.7","LEXINGTON BLUEGRASS AIRPORT, KY US","  37.8","24","  29.1","24","1016.6","19","980.8","24","  9.0","24","  8.6","24"," 12.0"," 21.0","  45.0","*","  33.8","*"," 0.01","G","999.9","011000"
"72422093820","2020-01-27","38.0408","-84.6058","298.7","LEXINGTON BLUEGRASS AIRPORT, KY US","  42.2","24","  33.6","24","1013.4","17","977.1","24","  8.9","24","  5.8","24","  9.9","999.9","  48.9"," ","  34.0"," "," 0.04","G","999.9","010000"
"72422093820","2020-01-28","38.0408","-84.6058","298.7","LEXINGTON BLUEGRASS AIRPORT, KY US","  34.7","24","  27.5","24","1018.2","21","981.9","24","  8.3","24","  3.1","24","  7.0","999.9","  48.9"," ","  30.0"," "," 0.00","I","999.9","000000"
"72422093820","2020-01-29","38.0408","-84.6058","298.7","LEXINGTON BLUEGRASS AIRPORT, KY US","  34.3","24","  27.1","24","1019.8","24","983.3","24"," 10.0","24","  5.9","24","  9.9","999.9","  37.9"," ","  30.0"," "," 0.00","G","999.9","000000"
"72422093820","2020-01-30","38.0408","-84.6058","298.7","LEXINGTON BLUEGRASS AIRPORT, KY US","  34.7","24","  27.5","24","1021.4","24","984.9","24","  9.5","24","  4.0","24","  7.0","999.9","  44.1"," ","  28.9"," "," 0.00","G","999.9","001000"
"72422093820","2020-01-31","38.0408","-84.6058","298.7","LEXINGTON BLUEGRASS AIRPORT, KY US","  37.4","24","  31.7","24","1021.0","20","984.6","24","  8.0","24","  3.2","24","  7.0","999.9","  44.1"," ","  28.9"," "," 0.00","G","999.9","010000"
"72422093820","2020-02-01","38.0408","-84.6058","298.7","LEXINGTON BLUEGRASS AIRPORT, KY US","  38.0","24","  35.6","24","1016.8","17","980.6","24","  5.9","24","  5.2","24"," 12.0"," 17.1","  41.0"," ","  34.0"," "," 0.34","G","999.9","110000"
"72422093820","2020-02-02","38.0408","-84.6058","298.7","LEXINGTON BLUEGRASS AIRPORT, KY US","  41.8","24","  31.6","24","1010.8","24","974.8","24"," 10.0","24"," 11.0","24"," 18.1"," 32.1","  61.0"," ","  30.9"," "," 0.01","G","999.9","000000"
"72422093820","2020-02-03","38.0408","-84.6058","298.7","LEXINGTON BLUEGRASS AIRPORT, KY US","  52.9","24","  36.1","24","1011.3","24","975.7","24"," 10.0","24","  9.8","24"," 14.0"," 20.0","  66.0"," ","  30.9"," "," 0.00","G","999.9","000000"
"72422093820","2020-02-04","38.0408","-84.6058","298.7","LEXINGTON BLUEGRASS AIRPORT, KY US","  56.8","24","  47.4","24","1010.5","20","975.3","24","  8.9","24"," 11.2","24"," 18.1"," 25.1","  66.0"," ","  44.1"," "," 0.08","G","999.9","010000"
"72422093820","2020-02-05","38.0408","-84.6058","298.7","LEXINGTON BLUEGRASS AIRPORT, KY US","  38.6","24","  37.2","24","1012.8","16","976.4","24","  6.5","24"," 10.8","24"," 15.0"," 28.9","  62.1"," ","  33.1"," "," 0.51","G","999.9","011000"
"72422093820","2020-02-06","38.0408","-84.6058","298.7","LEXINGTON BLUEGRASS AIRPORT, KY US","  36.0","24","  35.1","24"," 999.5","13","964.5","24","  4.8","24","  6.6","24"," 11.1"," 15.9","  37.9"," ","  32.0"," "," 0.20","G","999.9","110000"
"72422093820","2020-02-07","38.0408","-84.6058","298.7","LEXINGTON BLUEGRASS AIRPORT, KY US","  29.0","24","  25.3","24","1003.6","17","966.8","24","  5.6","24","  8.9","24"," 13.0"," 21.0","  37.0"," ","  26.1"," "," 0.19","G","  1.2","101000"
"72422093820","2020-02-08","38.0408","-84.6058","298.7","LEXINGTON BLUEGRASS AIRPORT, KY US","  29.8","24","  25.2","24","1020.1","21","983.5","24","  9.0","24","  7.1","24"," 11.1","999.9","  37.0"," ","  24.1"," "," 0.02","G","  1.2","001000"
"72422093820","2020-02-09","38.0408","-84.6058","298.7","LEXINGTON BLUEGRASS AIRPORT, KY US","  32.2","24","  25.9","24","1027.0","24","990.4","24","  9.3","24","  6.8","24"," 15.0"," 25.1","  48.9"," ","  21.0"," "," 0.01","G","  1.2","000000"
"72422093820","2020-02-10","38.0408","-84.6058","298.7","LEXINGTON BLUEGRASS AIRPORT, KY US","  47.7","24","  42.0","24","1018.3","17","982.1","24","  6.3","24"," 10.9","24"," 18.1"," 28.0","  50.0","*","  46.0","*"," 0.49","G","999.9","010000"
"72422093820","2020-02-11","38.0408","-84.6058","298.7","LEXINGTON BLUEGRASS AIRPORT, KY US","  39.5","24","  37.6","24","1018.5","18","982.0","24","  5.9","24","  6.0","24","  9.9","999.9","  50.0"," ","  36.0"," "," 0.81","G","999.9","110000"
"72422093820","2020-02-12","38.0408","-84.6058","298.7","LEXINGTON BLUEGRASS AIRPORT, KY US","  35.4","24","  31.9","24","1019.7","23","983.2","24","  6.3","24","  5.7","24"," 14.0"," 18.1","  41.0"," ","  30.0"," "," 0.20","G","999.9","010000"
"72422093820","2020-02-13","38.0408","-84.6058","298.7","LEXINGTON BLUEGRASS AIRPORT, KY US","  36.0","24","  33.6","24","1012.1","15","974.8","24","  7.0","24","  8.2","24"," 15.0"," 25.1","  37.9"," ","  30.0"," "," 1.29","G","999.9","010000"
"72422093820","2020-02-14","38.0408","-84.6058","298.7","LEXINGTON BLUEGRASS AIRPORT, KY US","  21.0","24","  11.8","24","1030.9","22","993.9","24","  9.0","24","  7.9","24"," 13.0"," 21.0","  37.9"," ","  15.1"," "," 0.06","G","999.9","001000"
"72422093820","2020-02-15","38.0408","-84.6058","298.7","LEXINGTON BLUEGRASS AIRPORT, KY US","  25.0","24","  12.4","24","1031.4","24","994.0","24"," 10.0","24","  6.3","24"," 13.0"," 19.0","  46.0"," ","  12.0"," "," 0.00","G","999.9","000000"
"72422093820","2020-02-16","38.0408","-84.6058","298.7","LEXINGTON BLUEGRASS AIRPORT, KY US","  42.3","24","  26.9","24","1020.9","24","984.6","24"," 10.0","24","  5.7","24"," 11.1","999.9","  48.9","*","  37.9","*"," 0.00","G","999.9","000000"
"72422093820","2020-02-17","38.0408","-84.6058","298.7","LEXINGTON BLUEGRASS AIRPORT, KY US","  41.5","24","  30.9","24","1019.4","24","983.3","24"," 10.0","24","  6.9","24"," 12.0","999.9","  55.0"," ","  30.9"," "," 0.00","G","999.9","000000"
"72422093820","2020-02-18","38.0408","-84.6058","298.7","LEXINGTON BLUEGRASS AIRPORT, KY US","  50.7","24","  44.9","24","1016.5","19","980.4","24","  7.2","24","  8.7","24"," 18.1"," 26.0","  55.9"," ","  30.9"," "," 0.14","G","999.9","010000"
"72422093820","2020-02-19","38.0408","-84.6058","298.7","LEXINGTON BLUEGRASS AIRPORT, KY US","  35.9","24","  28.0","24","1029.4","23","993.0","24","  7.9","24","  6.7","24"," 11.1","999.9","  55.9"," ","  25.0"," "," 0.15","G","999.9","000000"
"72422093820","2020-02-20","38.0408","-84.6058","298.7","LEXINGTON BLUEGRASS AIRPORT, KY US","  33.4","24","  20.8","24","1032.1","24","995.2","24"," 10.0","24","  9.2","24"," 12.0"," 19.0","  45.0"," ","  25.0"," "," 0.00","G","999.9","000000"
"72422093820","2020-02-21","38.0408","-84.6058","298.7","LEXINGTON BLUEGRASS AIRPORT, KY US","  24.3","24","  11.0","24","1036.8","24","999.4","24"," 10.0","24","  4.8","24"," 12.0","999.9","  39.9"," ","  15.1"," "," 0.00","G","999.9","000000"
"72422093820","2020-02-22","38.0408","-84.6058","298.7","LEXINGTON BLUEGRASS AIRPORT, KY US","  31.6","24","  12.3","24","1031.8","24","994.7","24"," 10.0","24","  5.7","24","  9.9"," 17.1","  48.9"," ","  15.1"," "," 0.00","G","999.9","000000"
"72422093820","2020-02-23","38.0408","-84.6058","298.7","LEXINGTON BLUEGRASS AIRPORT, KY US","  40.1","24","  16.8","24","1023.3","24","986.9","24"," 10.0","24","  8.3","24"," 14.0"," 20.0","  55.9"," ","  17.1"," "," 0.00","G","999.9","000000"
"72422093820","2020-02-24","38.0408","-84.6058","298.7","LEXINGTON BLUEGRASS AIRPORT, KY US","  43.3","24","  34.3","24","1016.2","20","979.6","24","  9.3","24","  7.9","24"," 12.0"," 18.1","  55.9"," ","  28.0"," "," 0.02","G","999.9","010000"
"72422093820","2020-02-25","38.0408","-84.6058","298.7","LEXINGTON BLUEGRASS AIRPORT, KY US","  48.1","24","  45.9","24","1006.2","12","970.9","24","  8.4","24","  8.7","24"," 14.0"," 21.0","  52.0"," ","  39.9"," "," 0.62","G","999.9","010000"
"72422093820","2020-02-26","38.0408","-84.6058","298.7","LEXINGTON BLUEGRASS AIRPORT, KY US","  42.5","24","  40.2","24","1010.9","11","975.5","24","  8.6","24","  7.9","24"," 15.9"," 25.1","  52.0"," ","  32.0"," "," 0.02","G","999.9","011000"
"72422093820","2020-02-27","38.0408","-84.6058","298.7","LEXINGTON BLUEGRASS AIRPORT, KY US","  29.5","24","  20.0","24","1019.9","17","982.9","24","  9.2","24"," 11.2","24"," 15.9"," 31.1","  46.0"," ","  25.0"," "," 0.17","G","999.9","001000"
"72422093820","2020-02-28","38.0408","-84.6058","298.7","LEXINGTON BLUEGRASS AIRPORT, KY US","  33.7","24","  20.4","24","1018.1","22","981.5","24"," 10.0","24","  8.9","24"," 15.9"," 26.0","  39.9"," ","  25.0"," "," 0.00","G","  1.2","001000"
"72422093820","2020-02-29","38.0408","-84.6058","298.7","LEXINGTON BLUEGRASS AIRPORT, KY US","  28.6","24","  17.4","24","1023.0","20","985.4","24","  8.7","24","  7.3","24"," 12.0"," 18.1","  39.9"," ","  17.1"," "," 0.03","G","999.9","001000"
"72422093820","2020-03-01","38.0408","-84.6058","298.7","LEXINGTON BLUEGRASS AIRPORT, KY US","  38.8","24","  19.5","24","1022.0","24","985.4","24"," 10.0","24","  8.5","24"," 15.0"," 22.9","  63.0"," ","  17.1"," "," 0.02","G","  1.2","000000"
"72422093820","2020-03-02","38.0408","-84.6058","298.7","LEXINGTON BLUEGRASS AIRPORT, KY US","  51.7","24","  41.1","24","1012.8","18","976.6","24","  8.3","24"," 11.0","24"," 18.1"," 32.1","  55.9","*","  46.4","*"," 0.00","G","999.9","010000"
"72422093820","2020-03-03","38.0408","-84.6058","298.7","LEXINGTON BLUEGRASS AIRPORT, KY US","  52.9","24","  46.4","18","1005.7","18","970.6","24","  9.6","24"," 11.7","24"," 22.9"," 35.9","  57.9"," ","  46.9"," "," 1.03","G","999.9","010000"
"72422093820","2020-03-04","38.0408","-84.6058","298.7","LEXINGTON BLUEGRASS AIRPORT, KY US","  47.6","24","  31.2","24","1013.4","24","977.8","24"," 10.0","24","  8.6","24"," 20.0"," 28.9","  63.0"," ","  30.9"," "," 0.02","G","999.9","000000"
"72422093820","2020-03-05","38.0408","-84.6058","298.7","LEXINGTON BLUEGRASS AIRPORT, KY US","  46.8","24","  29.0","24","1017.9","24","982.0","24"," 10.0","24","  8.2","24"," 12.0"," 18.1","  63.0"," ","  30.9"," "," 0.00","G","999.9","000000"
"72422093820","2020-03-06","38.0408","-84.6058","298.7","LEXINGTON BLUEGRASS AIRPORT, KY US","  41.4","24","  27.5","24","1019.0","21","983.3","24"," 10.0","24"," 11.8","24"," 18.1"," 33.0","  60.1"," ","  35.1"," "," 0.00","G","999.9","011000"
"72422093820","2020-03-07","38.0408","-84.6058","298.7","LEXINGTON BLUEGRASS AIRPORT, KY US","  36.4","24","  23.7","24","1032.9","22","996.0","24"," 10.0","24","  6.2","24"," 14.0"," 19.0","  50.0"," ","  28.9"," "," 0.00","G","999.9","000000"
"72422093820","2020-03-08","38.0408","-84.6058","298.7","LEXINGTON BLUEGRASS AIRPORT, KY US","  43.8","24","  23.9","24","1031.6","24","995.0","24"," 10.0","24","  7.0","24"," 15.9"," 21.0","  64.0"," ","  28.9"," "," 0.00","G","999.9","000000"
"72422093820","2020-03-09","38.0408","-84.6058","298.7","LEXINGTON BLUEGRASS AIRPORT, KY US","  53.8","24","  32.4","24","1028.0","24","992.0","24","  9.9","24"," 11.8","24"," 19.0"," 27.0","  64.9"," ","  30.0"," "," 0.00","G","999.9","010000"
"72422093820","2020-03-10","38.0408","-84.6058","298.7","LEXINGTON BLUEGRASS AIRPORT, KY US","  56.3","24","  48.6","24","1020.6","22","985.0","24","  9.3","24"," 13.0","24"," 21.0"," 31.1","  64.9"," ","  44.1"," "," 0.03","G","999.9","010000"
"72422093820","2020-03-11","38.0408","-84.6058","298.7","LEXINGTON BLUEGRASS AIRPORT, KY US","  49.1","24","  45.3","24","1019.1","15","984.0","24","  6.3","24","  5.0","24","  9.9","999.9","  55.9","*","  44.6","*"," 0.27","G","999.9","000000"
"72422093820","2020-03-12","38.0408","-84.6058","298.7","LEXINGTON BLUEGRASS AIRPORT, KY US","  52.7","24","  47.5","24","1014.0","20","977.7","24","  8.9","24","  5.0","24"," 13.0"," 19.0","  68.0"," ","  41.0"," "," 0.00","G","999.9","010010"
"72422093820","2020-03-13","38.0408","-84.6058","298.7","LEXINGTON BLUEGRASS AIRPORT, KY US","  55.3","24","  45.5","24","1017.7","19","980.4","24","  9.4","24"," 10.0","24"," 15.0"," 26.0","  68.0"," ","  41.0"," "," 1.18","G","999.9","010000"
"72422093820","2020-03-14","38.0408","-84.6058","298.7","LEXINGTON BLUEGRASS AIRPORT, KY US","  41.6","24","  28.5","24","1028.4","22","991.9","24","  8.9","24","  8.4","24"," 14.0"," 22.9","  61.0"," ","  37.0"," "," 0.03","G","999.9","010000"
"72422093820","2020-03-15","38.0408","-84.6058","298.7","LEXINGTON BLUEGRASS AIRPORT, KY US","  36.6","24","  33.2","24","1030.6","21","993.5","24","  9.4","24"," 10.2","24"," 13.0"," 21.0","  44.1"," ","  34.0"," "," 0.56","G","999.9","010000"
"72422093820","2020-03-16","38.0408","-84.6058","298.7","LEXINGTON BLUEGRASS AIRPORT, KY US","  40.2","24","  34.7","24","1028.1","20","991.5","24"," 10.0","24","  4.9","24","  8.0","999.9","  46.0"," ","  34.0"," "," 0.01","G","999.9","010000"
"72422093820","2020-03-17","38.0408","-84.6058","298.7","LEXINGTON BLUEGRASS AIRPORT, KY US","  44.9","24","  41.6","24","1023.8","18","987.4","24","  8.6","24","  3.5","24","  8.0","999.9","  51.1"," ","  37.9"," "," 0.06","G","999.9","010000"
"72422093820","2020-03-18","38.0408","-84.6058","298.7","LEXINGTON BLUEGRASS AIRPORT, KY US","  48.4","24","  45.6","24","1023.4","19","987.3","24","  8.3","24","  7.6","24"," 17.1"," 26.0","  62.6","*","  39.0","*"," 0.05","G","999.9","010000"
"72422093820","2020-03-19","38.0408","-84.6058","298.7","LEXINGTON BLUEGRASS AIRPORT, KY US","  63.4","24","  61.3","24","1018.1"," 9","983.6","24","  8.0","24","  9.1","24"," 20.0"," 27.0","  70.0","*","  60.1","*"," 0.44","G","999.9","010000"
"72422093820","2020-03-20","38.0408","-84.6058","298.7","LEXINGTON BLUEGRASS AIRPORT, KY US","  67.3","24","  59.9","24","1016.6","24","981.3","24","  9.7","24"," 13.4","24"," 20.0"," 29.9","  71.1"," ","  55.9"," "," 0.24","G","999.9","010000"
"72422093820","2020-03-21","38.0408","-84.6058","298.7","LEXINGTON BLUEGRASS AIRPORT, KY US","  39.3","24","  34.1","24","1028.3","22","992.2","24","  9.3","24","  8.8","24"," 14.0"," 22.9","  55.9","*","  34.0","*"," 0.15","G","999.9","010000"
"72422093820","2020-03-22","38.0408","-84.6058","298.7","LEXINGTON BLUEGRASS AIRPORT, KY US","  37.5","24","  30.0","24","1029.4","24","993.0","24"," 10.0","24","  8.4","24"," 13.0"," 20.0","  51.1"," ","  28.9"," "," 0.00","G","999.9","000000"
"72422093820","2020-03-23","38.0408","-84.6058","298.7","LEXINGTON BLUEGRASS AIRPORT, KY US","  47.7","24","  43.9","24","1020.5","19","984.2","24","  8.0","24","  6.7","24"," 12.0"," 15.9","  52.0","*","  45.0","*"," 0.16","G","999.9","010000"
"72422093820","2020-03-24","38.0408","-84.6058","298.7","LEXINGTON BLUEGRASS AIRPORT, KY US","  45.9","24","  41.6","24","1018.4","19","982.3","24","  8.7","24","  5.9","24"," 14.0","999.9","  55.0"," ","  39.0"," "," 0.02","G","999.9","010000"
"72422093820","2020-03-25","38.0408","-84.6058","298.7","LEXINGTON BLUEGRASS AIRPORT, KY US","  47.8","24","  43.2","24","1012.9","20","977.3","24","  6.8","24","  7.3","23"," 17.1"," 24.1","  60.1"," ","  39.0"," "," 0.21","G","999.9","010000"
"72422093820","2020-03-26","38.0408","-84.6058","298.7","LEXINGTON BLUEGRASS AIRPORT, KY US","  55.7","24","  45.3","24","1013.0","24","977.5","24"," 10.0","24","  7.8","24"," 15.0"," 21.0","  73.0"," ","  39.9"," "," 0.00","G","999.9","000000"
"72422093820","2020-03-27","38.0408","-84.6058","298.7","LEXINGTON BLUEGRASS AIRPORT, KY US","  66.7","24","  55.0","24","1008.8","24","973.9","24"," 10.0","24","  7.2","24"," 12.0"," 15.9","  78.1"," ","  42.1"," "," 0.00","G","999.9","000000"
"72422093820","2020-03-28","38.0408","-84.6058","298.7","LEXINGTON BLUEGRASS AIRPORT, KY US","  70.9","24","  62.0","24","1009.4","24","974.7","24"," 10.0","24","  9.9","24"," 18.1"," 27.0","  78.1"," ","  54.0"," "," 0.00","G","999.9","000000"
"72422093820","2020-03-29","38.0408","-84.6058","298.7","LEXINGTON BLUEGRASS AIRPORT, KY US","  66.3","24","  52.9","24","1010.3","22","975.1","24","  9.6","24"," 15.7","24"," 28.0"," 39.0","  78.1"," ","  62.1"," "," 0.57","G","999.9","110010"
"72422093820","2020-03-30","38.0408","-84.6058","298.7","LEXINGTON BLUEGRASS AIRPORT, KY US","  55.1","24","  35.6","24","1019.3","24","983.8","24"," 10.0","24"," 10.0","24"," 14.0"," 25.1","  68.0"," ","  45.0"," "," 0.05","G","999.9","000000"
"72422093820","2020-03-31","38.0408","-84.6058","298.7","LEXINGTON BLUEGRASS AIRPORT, KY US","  45.9","24","  36.0","24","1015.1","21","978.8","24","  9.7","24","  6.6","24"," 12.0"," 19.0","  63.0"," ","  42.1"," "," 0.00","G","999.9","010000"
"72422093820","2020-04-01","38.0408","-84.6058","298.7","LEXINGTON BLUEGRASS AIRPORT, KY US","  43.9","24","  37.4","24","1014.9","19","978.5","24","  9.9","24","  7.5","24"," 12.0"," 15.9","  53.1"," ","  39.0"," "," 0.16","G","999.9","000000"
"72422093820","2020-04-02","38.0408","-84.6058","298.7","LEXINGTON BLUEGRASS AIRPORT, KY US","  47.1","24","  37.3","24","1020.2","24","984.1","24","  9.9","24","  2.6","24","  8.0","999.9","  60.1"," ","  34.0"," "," 0.00","G","999.9","000000"
"72422093820","2020-04-03","38.0408","-84.6058","298.7","LEXINGTON BLUEGRASS AIRPORT, KY US","  51.8","24","  37.4","24","1018.8","24","983.0","24"," 10.0","24","  1.6","24","  6.0","999.9","  66.9"," ","  34.0"," "," 0.00","G","999.9","000000"
"72422093820","2020-04-04","38.0408","-84.6058","298.7","LEXINGTON BLUEGRASS AIRPORT, KY US","  56.5","24","  41.5","24","1016.5","24","981.0","24"," 10.0","24","  1.9","24","  5.1","999.9","  71.1"," ","  34.0"," "," 0.00","G","999.9","000000"
"72422093820","2020-04-05","38.0408","-84.6058","298.7","LEXINGTON BLUEGRASS AIRPORT, KY US","  59.8","24","  49.9","24","1016.9","24","981.5","24","  9.2","24","  4.4","24","  8.9","999.9","  71.1"," ","  39.9"," "," 0.03","G","999.9","010000"
"72422093820","2020-04-06","38.0408","-84.6058","298.7","LEXINGTON BLUEGRASS AIRPORT, KY US","  56.9","24","  50.2","24","1018.7","24","983.4","24","  9.1","24","  4.3","24","  8.0","999.9","  71.1"," ","  46.9"," "," 0.00","I","999.9","000000"
"72422093820","2020-04-07","38.0408","-84.6058","298.7","LEXINGTON BLUEGRASS AIRPORT, KY US","  63.9","24","  55.0","24","1013.7","24","978.5","24"," 10.0","24","  7.5","24"," 15.0"," 22.9","  75.9"," ","  46.9"," "," 0.00","G","999.9","000000"
"72422093820","2020-04-08","38.0408","-84.6058","298.7","LEXINGTON BLUEGRASS AIRPORT, KY US","  69.0","24","  61.0","24","1006.7","20","972.3","24"," 10.0","24","  9.9","24"," 17.1"," 26.0","  78.1"," ","  54.0"," "," 0.00","G","999.9","010010"
"72422093820","2020-04-09","38.0408","-84.6058","298.7","LEXINGTON BLUEGRASS AIRPORT, KY US","  56.4","24","  42.3","24","1006.4","22","971.1","24","  9.7","24"," 12.7","24"," 22.9"," 39.0","  78.1"," ","  48.9"," "," 0.41","G","999.9","010010"
"72422093820","2020-04-10","38.0408","-84.6058","298.7","LEXINGTON BLUEGRASS AIRPORT, KY US","  41.1","24","  27.4","24","1015.4","23","979.1","24","  9.8","24","  9.8","24"," 19.0"," 31.1","  60.1"," ","  30.9"," "," 0.02","G","999.9","010000"
"72422093820","2020-04-11","38.0408","-84.6058","298.7","LEXINGTON BLUEGRASS AIRPORT, KY US","  44.9","24","  28.3","24","1017.5","24","981.5","24"," 10.0","24","  5.2","24"," 11.1"," 15.0","  61.0"," ","  30.9"," "," 0.01","A","999.9","000000"
"72422093820","2020-04-12","38.0408","-84.6058","298.7","LEXINGTON BLUEGRASS AIRPORT, KY US","  55.3","24","  39.1","24","1011.8","21","975.6","24","  9.3","24","  8.6","24"," 18.1"," 29.9","  60.1","*","  53.1","*"," 0.82","B","999.9","010000"
"72422093820","2020-04-13","38.0408","-84.6058","298.7","LEXINGTON BLUEGRASS AIRPORT, KY US","  52.1","24","  47.7","24","1008.0","18","969.4","24","  8.6","24"," 11.0","20"," 24.1"," 35.0","  62.1"," ","  41.0"," "," 1.93","G","999.9","010010"
"72422093820","2020-04-14","38.0408","-84.6058","298.7","LEXINGTON BLUEGRASS AIRPORT, KY US","  38.9","24","  28.9","24","1023.0","24","986.7","24"," 10.0","24","  4.6","24"," 11.1"," 17.1","  42.1","*","  34.0","*"," 1.06","G","999.9","010000"
"72422093820","2020-04-15","38.0408","-84.6058","298.7","LEXINGTON BLUEGRASS AIRPORT, KY US","  38.8","24","  26.1","24","1020.3","24","984.0","24"," 10.0","24","  7.3","24"," 19.0"," 27.0","  54.0"," ","  25.0"," "," 0.00","G","999.9","000000"
"72422093820","2020-04-16","38.0408","-84.6058","298.7","LEXINGTON BLUEGRASS AIRPORT, KY US","  39.4","24","  25.6","24","1025.3","24","988.9","24"," 10.0","24","  4.5","24","  9.9"," 15.0","  54.0"," ","  25.0"," "," 0.00","G","999.9","000000"
"72422093820","2020-04-17","38.0408","-84.6058","298.7","LEXINGTON BLUEGRASS AIRPORT, KY US","  48.4","24","  33.3","24","1020.1","24","984.1","24"," 10.0","24","  7.7","24"," 17.1"," 24.1","  61.0"," ","  25.0"," "," 0.00","G","999.9","010000"
"72422093820","2020-04-18","38.0408","-84.6058","298.7","LEXINGTON BLUEGRASS AIRPORT, KY US","  43.8","24","  36.5","24","1017.4","19","981.1","24","  8.5","24","  7.6","24"," 14.0"," 22.0","  61.0"," ","  35.1"," "," 0.33","G","999.9","010000"
"72422093820","2020-04-19","38.0408","-84.6058","298.7","LEXINGTON BLUEGRASS AIRPORT, KY US","  46.2","24","  35.7","24","1013.1","24","977.3","24"," 10.0","24","  5.2","24","  8.9","999.9","  59.0"," ","  35.1"," "," 0.07","G","999.9","010000"
"72422093820","2020-04-20","38.0408","-84.6058","298.7","LEXINGTON BLUEGRASS AIRPORT, KY US","  53.2","24","  39.3","24","1007.5","24","972.2","24"," 10.0","24","  4.8","23","  9.9"," 17.1","  64.9"," ","  37.0"," "," 0.00","G","999.9","000000"
"72422093820","2020-04-21","38.0408","-84.6058","298.7","LEXINGTON BLUEGRASS AIRPORT, KY US","  55.7","24","  36.9","24","1008.8","24","973.5","24"," 10.0","24"," 11.3","24"," 22.0"," 35.9","  64.9"," ","  42.1"," "," 0.00","G","999.9","010000"
"72422093820","2020-04-22","38.0408","-84.6058","298.7","LEXINGTON BLUEGRASS AIRPORT, KY US","  49.4","24","  29.4","24","1017.3","24","981.6","24"," 10.0","24","  4.5","24"," 12.0"," 20.0","  66.9"," ","  30.9"," "," 0.00","G","999.9","000000"
"72422093820","2020-04-23","38.0408","-84.6058","298.7","LEXINGTON BLUEGRASS AIRPORT, KY US","  54.8","24","  46.9","24","1011.0","17","973.9","24","  7.6","24","  6.5","24"," 11.1"," 18.1","  61.0","*","  51.1","*"," 0.04","G","999.9","010000"
"72422093820","2020-04-24","38.0408","-84.6058","298.7","LEXINGTON BLUEGRASS AIRPORT, KY US","  55.6","24","  52.5","24","1006.1","16","971.0","24","  8.5","24","  5.9","24","  9.9","999.9","  64.0"," ","  51.1"," "," 0.81","G","999.9","010000"
"72422093820","2020-04-25","38.0408","-84.6058","298.7","LEXINGTON BLUEGRASS AIRPORT, KY US","  55.3","24","  50.5","24","1010.2","24","974.9","24","  9.6","24","  5.2","24"," 12.0"," 19.0","  64.9"," ","  45.0"," "," 0.04","G","999.9","010000"
"72422093820","2020-04-26","38.0408","-84.6058","298.7","LEXINGTON BLUEGRASS AIRPORT, KY US","  50.1","24","  49.0","24","1009.7","14","973.3","24","  6.7","24","  8.4","24"," 15.9"," 25.1","  64.9"," ","  44.1"," "," 0.57","G","999.9","010000"
"72422093820","2020-04-27","38.0408","-84.6058","298.7","LEXINGTON BLUEGRASS AIRPORT, KY US","  47.9","24","  38.8","24","1022.0","19","986.0","24","  6.6","24","  2.1","24","  8.0","999.9","  63.0"," ","  32.0"," "," 0.18","G","999.9","100000"
"72422093820","2020-04-28","38.0408","-84.6058","298.7","LEXINGTON BLUEGRASS AIRPORT, KY US","  58.7","24","  43.6","24","1017.9","24","982.4","24"," 10.0","24","  9.0","24"," 17.1"," 26.0","  70.0","*","  51.1","*"," 0.00","G","999.9","000000"
"72422093820","2020-04-29","38.0408","-84.6058","298.7","LEXINGTON BLUEGRASS AIRPORT, KY US","  60.4","24","  49.2","24","1006.9","23","971.8","24","  9.1","24"," 11.5","24"," 25.1"," 39.0","  71.1"," ","  50.0"," "," 0.01","G","999.9","010000"
"72422093820","2020-04-30","38.0408","-84.6058","298.7","LEXINGTON BLUEGRASS AIRPORT, KY US","  48.2","24","  46.0","24","1006.4"," 7","971.6","24","  9.2","24"," 10.1","24"," 15.0"," 25.1","  51.1","*","  46.0","*"," 0.57","G","999.9","010000"
"72422093820","2020-05-01","38.0408","-84.6058","298.7","LEXINGTON BLUEGRASS AIRPORT, KY US","  50.4","24","  41.9","24","1015.1","24","979.1","24"," 10.0","24","  6.6","24","  9.9"," 18.1","  66.0"," ","  42.1"," "," 0.01","G","999.9","000000"
"72422093820","2020-05-02","38.0408","-84.6058","298.7","LEXINGTON BLUEGRASS AIRPORT, KY US","  61.8","24","  48.3","24","1017.8","24","982.3","24"," 10.0","24","  8.9","24"," 18.1"," 25.1","  79.0"," ","  42.1"," "," 0.01","G","999.9","010000"
"72422093820","2020-05-03","38.0408","-84.6058","298.7","LEXINGTON BLUEGRASS AIRPORT, KY US","  68.9","24","  57.7","24","1013.4","22","978.1","24"," 10.0","24","  9.3","24"," 17.1"," 26.0","  79.0"," ","  48.9"," "," 0.12","A","999.9","010000"
"72422093820","2020-05-04","38.0408","-84.6058","298.7","LEXINGTON BLUEGRASS AIRPORT, KY US","  60.8","24","  49.8","24","1015.2","24","980.0","24","  9.7","24","  4.5","24","  9.9","999.9","  77.0"," ","  46.0"," "," 0.00","H","999.9","010000"
"72422093820","2020-05-05","38.0408","-84.6058","298.7","LEXINGTON BLUEGRASS AIRPORT, KY US","  53.5","24","  46.8","24","1011.0","18","975.3","24","  7.5","24","  8.9","24"," 17.1"," 22.9","  73.0"," ","  46.0"," "," 0.42","G","999.9","010010"
"72422093820","2020-05-06","38.0408","-84.6058","298.7","LEXINGTON BLUEGRASS AIRPORT, KY US","  47.6","24","  39.6","24","1015.1","17","979.0","24","  9.5","24","  7.5","24"," 14.0"," 22.0","  57.9"," ","  41.0"," "," 0.01","G","999.9","000000"
"72422093820","2020-05-07","38.0408","-84.6058","298.7","LEXINGTON BLUEGRASS AIRPORT, KY US","  50.8","24","  34.2","24","1018.1","24","982.3","24"," 10.0","24","  6.9","24"," 14.0"," 26.0","  64.9"," ","  33.1"," "," 0.00","G","999.9","000000"
"72422093820","2020-05-08","38.0408","-84.6058","298.7","LEXINGTON BLUEGRASS AIRPORT, KY US","  50.4","24","  42.6","24","1013.1","23","977.4","24","  8.7","24","  8.1","24"," 19.0"," 28.9","  64.9"," ","  33.1"," "," 0.00","G","999.9","010000"
"72422093820","2020-05-09","38.0408","-84.6058","298.7","LEXINGTON BLUEGRASS AIRPORT, KY US","  41.6","24","  24.9","24","1022.3","24","986.1","24"," 10.0","24","  6.2","24"," 12.0"," 20.0","  54.0"," ","  28.9"," "," 0.68","G","999.9","000000"
"72422093820","2020-05-10","38.0408","-84.6058","298.7","LEXINGTON BLUEGRASS AIRPORT, KY US","  49.7","24","  33.9","24","1021.2","23","985.0","24"," 10.0","24","  8.5","24"," 24.1"," 34.0","  66.0"," ","  28.9"," "," 0.00","G","999.9","010010"
"72422093820","2020-05-11","38.0408","-84.6058","298.7","LEXINGTON BLUEGRASS AIRPORT, KY US","  44.7","24","  32.5","24","1022.1","24","986.1","24"," 10.0","24","  7.9","24"," 15.9"," 28.9","  66.0"," ","  35.1"," "," 0.00","G","999.9","000000"
"72422093820","2020-05-12","38.0408","-84.6058","298.7","LEXINGTON BLUEGRASS AIRPORT, KY US","  47.3","24","  35.2","24","1024.6","24","988.4","24"," 10.0","24","  3.2","24","  8.9","999.9","  60.1"," ","  35.1"," "," 0.00","G","999.9","000000"
"72422093820","2020-05-13","38.0408","-84.6058","298.7","LEXINGTON BLUEGRASS AIRPORT, KY US","  50.6","24","  43.8","24","1024.8","20","988.8","24","  9.0","24","  5.0","24"," 14.0"," 21.0","  60.1"," ","  35.1"," "," 0.03","G","999.9","010000"
"72422093820","2020-05-14","38.0408","-84.6058","298.7","LEXINGTON BLUEGRASS AIRPORT, KY US","  62.5","24","  54.8","24","1020.5","24","985.1","24"," 10.0","24","  9.7","24"," 17.1"," 28.9","  80.1"," ","  48.0"," "," 0.10","G","999.9","010000"
"72422093820","2020-05-15","38.0408","-84.6058","298.7","LEXINGTON BLUEGRASS AIRPORT, KY US","  69.5","24","  57.7","24","1016.0","24","981.0","24"," 10.0","24","  9.7","24"," 13.0"," 22.0","  80.1"," ","  53.1"," "," 0.00","G","999.9","000000"
"72422093820","2020-05-16","38.0408","-84.6058","298.7","LEXINGTON BLUEGRASS AIRPORT, KY US","  69.5","24","  63.8","24","1016.0","23","981.1","24","  8.9","24","  3.0","24","  7.0","999.9","  82.0"," ","  62.1"," "," 0.17","G","999.9","010000"
"72422093820","2020-05-17","38.0408","-84.6058","298.7","LEXINGTON BLUEGRASS AIRPORT, KY US","  71.7","24","  62.4","24","1013.8","24","978.9","24"," 10.0","24","  7.4","24"," 13.0"," 19.0","  82.0"," ","  63.0"," "," 0.03","G","999.9","010000"
"72422093820","2020-05-18","38.0408","-84.6058","298.7","LEXINGTON BLUEGRASS AIRPORT, KY US","  69.5","24","  63.4","24","1008.6","19","973.7","24","  9.2","24","  8.6","24"," 19.0"," 32.1","  81.0"," ","  60.1"," "," 0.00","G","999.9","010010"
"72422093820","2020-05-19","38.0408","-84.6058","298.7","LEXINGTON BLUEGRASS AIRPORT, KY US","  59.6","24","  58.1","24","1008.3","11","972.9","24","  7.1","24","  4.0","24"," 12.0","999.9","  75.0"," ","  57.0"," "," 2.53","G","999.9","010010"
"72422093820","2020-05-20","38.0408","-84.6058","298.7","LEXINGTON BLUEGRASS AIRPORT, KY US","  56.7","24","  52.1","24","1014.3","16","979.2","24","  9.9","24"," 11.8","24"," 18.1"," 22.9","  64.9"," ","  53.1"," "," 0.07","G","999.9","010000"
"72422093820","2020-05-21","38.0408","-84.6058","298.7","LEXINGTON BLUEGRASS AIRPORT, KY US","  57.9","24","  52.3","24","1017.0","20","981.7","24"," 10.0","24","  8.6","24"," 15.9"," 22.9","  69.1"," ","  52.0"," "," 0.00","G","999.9","000000"
"72422093820","2020-05-22","38.0408","-84.6058","298.7","LEXINGTON BLUEGRASS AIRPORT, KY US","  64.9","24","  58.6","24","1016.5","24","981.2","24"," 10.0","24","  3.6","24","  6.0","999.9","  75.9"," ","  52.0"," "," 0.00","G","999.9","010000"
"72422093820","2020-05-23","38.0408","-84.6058","298.7","LEXINGTON BLUEGRASS AIRPORT, KY US","  70.2","24","  64.2","24","1015.6","21","980.7","24","  9.6","24","  4.8","24","  8.0"," 15.0","  81.0"," ","  57.0"," "," 0.00","G","999.9","010000"
"72422093820","2020-05-24","38.0408","-84.6058","298.7","LEXINGTON BLUEGRASS AIRPORT, KY US","  71.7","24","  65.8","24","1016.6","20","981.6","24","  9.4","24","  6.4","24"," 20.0"," 36.9","  82.9"," ","  63.0"," "," 0.80","G","999.9","010010"
"72422093820","2020-05-25","38.0408","-84.6058","298.7","LEXINGTON BLUEGRASS AIRPORT, KY US","  73.9","24","  65.1","24","1016.7","23","981.9","24"," 10.0","24","  5.6","24"," 22.0"," 32.1","  84.9"," ","  63.0"," "," 0.13","G","999.9","000000"
"72422093820","2020-05-26","38.0408","-84.6058","298.7","LEXINGTON BLUEGRASS AIRPORT, KY US","  73.7","24","  66.0","24","1017.1","24","982.2","24"," 10.0","24","  4.7","24"," 13.0"," 22.9","  84.9"," ","  64.0"," "," 0.00","G","999.9","000000"
"72422093820","2020-05-27","38.0408","-84.6058","298.7","LEXINGTON BLUEGRASS AIRPORT, KY US","  73.5","24","  65.3","24","1015.7","24","980.9","24"," 10.0","24","  5.2","24","  8.9","999.9","  84.9"," ","  64.9"," "," 0.00","G","999.9","010000"
"72422093820","2020-05-28","38.0408","-84.6058","298.7","LEXINGTON BLUEGRASS AIRPORT, KY US","  71.7","24","  64.4","24","1013.9","21","979.3","24"," 10.0","24","  6.3","24"," 12.0"," 18.1","  81.0"," ","  64.9"," "," 0.02","G","999.9","010000"
"72422093820","2020-05-29","38.0408","-84.6058","298.7","LEXINGTON BLUEGRASS AIRPORT, KY US","  69.3","24","  62.4","24","1014.5","24","979.6","24","  9.8","24","  8.9","24"," 18.1"," 31.1","  81.0"," ","  63.0"," "," 0.02","G","999.9","010000"
"72422093820","2020-05-30","38.0408","-84.6058","298.7","LEXINGTON BLUEGRASS AIRPORT, KY US","  65.8","24","  59.3","24","1018.5","18","983.1","24","  7.4","24","  4.4","24"," 11.1"," 17.1","  79.0"," ","  57.0"," "," 0.11","G","999.9","100000"
"72422093820","2020-05-31","38.0408","-84.6058","298.7","LEXINGTON BLUEGRASS AIRPORT, KY US","  62.6","24","  46.8","24","1022.7","24","987.3","24"," 10.0","24","  7.2","24"," 13.0"," 18.1","  75.9"," ","  52.0"," "," 0.00","G","999.9","000000"
"72422093820","2020-06-01","38.0408","-84.6058","298.7","LEXINGTON BLUEGRASS AIRPORT, KY US","  62.2","24","  42.5","24","1025.0","24","989.4","24"," 10.0","24","  5.6","24","  8.0","999.9","  75.9"," ","  46.9"," "," 0.00","G","999.9","000000"
"72422093820","2020-06-02","38.0408","-84.6058","298.7","LEXINGTON BLUEGRASS AIRPORT, KY US","  71.9","24","  53.3","24","1019.3","24","984.2","24"," 10.0","24","  6.9","24"," 14.0"," 22.0","  84.9"," ","  46.9"," "," 0.00","G","999.9","000000"
"72422093820","2020-06-03","38.0408","-84.6058","298.7","LEXINGTON BLUEGRASS AIRPORT, KY US","  75.3","24","  61.8","24","1014.3","24","979.5","24"," 10.0","24","  8.7","24"," 13.0"," 22.9","  86.0"," ","  59.0"," "," 0.00","G","999.9","000000"
"72422093820","2020-06-04","38.0408","-84.6058","298.7","LEXINGTON BLUEGRASS AIRPORT, KY US","  73.9","24","  66.3","24","1010.9","24","976.2","24","  9.7","24","  7.4","24"," 21.0"," 35.0","  86.0"," ","  64.0"," "," 0.00","G","999.9","010010"
"72422093820","2020-06-05","38.0408","-84.6058","298.7","LEXINGTON BLUEGRASS AIRPORT, KY US","  72.8","24","  68.2","24","1011.5","18","976.9","24","  8.0","24","  4.1","24","  8.0","999.9","  84.9","*","  66.2","*"," 0.37","G","999.9","010000"
"72422093820","2020-06-06","38.0408","-84.6058","298.7","LEXINGTON BLUEGRASS AIRPORT, KY US","  77.1","24","  67.8","24","1014.7","24","980.0","24","  9.4","24","  3.5","24","  7.0","999.9","  89.1"," ","  66.0"," "," 0.03","G","999.9","000000"
"72422093820","2020-06-07","38.0408","-84.6058","298.7","LEXINGTON BLUEGRASS AIRPORT, KY US","  75.2","24","  59.4","24","1015.5","24","980.8","24"," 10.0","24","  6.5","24"," 12.0"," 15.9","  89.1"," ","  63.0"," "," 0.00","G","999.9","000000"
"72422093820","2020-06-08","38.0408","-84.6058","298.7","LEXINGTON BLUEGRASS AIRPORT, KY US","  73.9","24","  54.8","24","1014.9","24","980.1","24"," 10.0","24","  7.8","24"," 11.1","999.9","  86.0"," ","  61.0"," "," 0.00","G","999.9","000000"
"72422093820","2020-06-09","38.0408","-84.6058","298.7","LEXINGTON BLUEGRASS AIRPORT, KY US","  77.5","24","  65.5","24","1011.1","23","976.6","24","  9.4","24"," 10.1","24"," 18.1"," 28.0","  86.0"," ","  61.0"," "," 0.00","G","999.9","010000"
"72422093820","2020-06-10","38.0408","-84.6058","298.7","LEXINGTON BLUEGRASS AIRPORT, KY US","  78.4","24","  70.3","24","1008.3","23","973.8","24"," 10.0","24"," 11.3","24"," 21.0"," 32.1","  90.0"," ","  71.1"," "," 0.12","G","999.9","010000"
"72422093820","2020-06-11","38.0408","-84.6058","298.7","LEXINGTON BLUEGRASS AIRPORT, KY US","  70.9","24","  55.4","24","1017.7","24","982.8","24"," 10.0","24","  8.3","24"," 18.1"," 28.0","  90.0"," ","  57.9"," "," 0.00","G","999.9","000000"
"72422093820","2020-06-12","38.0408","-84.6058","298.7","LEXINGTON BLUEGRASS AIRPORT, KY US","  70.1","24","  51.7","24","1023.6","24","988.4","24"," 10.0","24","  3.7","24","  8.9"," 14.0","  84.9"," ","  53.1"," "," 0.00","G","999.9","000000"
"72422093820","2020-06-13","38.0408","-84.6058","298.7","LEXINGTON BLUEGRASS AIRPORT, KY US","  71.0","24","  53.6","24","1021.0","24","986.1","24"," 10.0","24","  4.9","23"," 15.9"," 20.0","  84.9"," ","  53.1"," "," 0.00","G","999.9","000000"
"72422093820","2020-06-14","38.0408","-84.6058","298.7","LEXINGTON BLUEGRASS AIRPORT, KY US","  65.4","24","  56.1","24","1022.0","22","986.9","24"," 10.0","24","  7.0","24"," 13.0"," 18.1","  82.9"," ","  54.0"," "," 0.00","G","999.9","010010"
"72422093820","2020-06-15","38.0408","-84.6058","298.7","LEXINGTON BLUEGRASS AIRPORT, KY US","  63.2","24","  52.8","24","1024.2","24","988.8","24"," 10.0","24","  6.2","24"," 14.0"," 15.9","  77.0"," ","  50.0"," "," 0.01","G","999.9","000000"
"72422093820","2020-06-16","38.0408","-84.6058","298.7","LEXINGTON BLUEGRASS AIRPORT, KY US","  67.0","24","  54.0","24","1024.8","24","989.4","24"," 10.0","24","  8.6","24"," 14.0"," 22.0","  79.0"," ","  50.0"," "," 0.00","G","999.9","000000"
"72422093820","2020-06-17","38.0408","-84.6058","298.7","LEXINGTON BLUEGRASS AIRPORT, KY US","  68.4","24","  55.2","24","1021.2","24","986.0","24"," 10.0","24","  7.1","24"," 15.0"," 22.0","  80.1"," ","  55.0"," "," 0.00","G","999.9","000000"
"72422093820","2020-06-18","38.0408","-84.6058","298.7","LEXINGTON BLUEGRASS AIRPORT, KY US","  70.2","24","  60.5","24","1017.7","23","982.7","24","  9.2","24","  3.6","24"," 11.1","999.9","  82.0"," ","  55.9"," "," 0.00","G","999.9","110010"
"72422093820","2020-06-19","38.0408","-84.6058","298.7","LEXINGTON BLUEGRASS AIRPORT, KY US","  70.2","24","  64.0","24","1017.4","23","982.4","24","  8.5","24","  4.5","24","  9.9"," 17.1","  84.9"," ","  59.0"," "," 1.16","G","999.9","010010"
"72422093820","2020-06-20","38.0408","-84.6058","298.7","LEXINGTON BLUEGRASS AIRPORT, KY US","  75.0","24","  64.7","24","1017.0","24","982.2","24"," 10.0","24","  3.8","24","  8.9","999.9","  87.1"," ","  61.0"," "," 0.04","G","999.9","000000"
"72422093820","2020-06-21","38.0408","-84.6058","298.7","LEXINGTON BLUEGRASS AIRPORT, KY US","  75.0","24","  65.5","24","1014.1","22","979.4","24","  9.8","24","  5.4","24"," 12.0"," 22.9","  87.1"," ","  64.0"," "," 0.00","G","999.9","010000"
"72422093820","2020-06-22","38.0408","-84.6058","298.7","LEXINGTON BLUEGRASS AIRPORT, KY US","  72.9","24","  67.3","24","1013.2","18","978.7","24","  7.8","24","  7.4","24"," 12.0"," 15.9","  86.0"," ","  66.9"," "," 0.63","G","999.9","010000"
"72422093820","2020-06-23","38.0408","-84.6058","298.7","LEXINGTON BLUEGRASS AIRPORT, KY US","  73.8","24","  66.6","24","1008.9","22","974.2","24","  9.7","24","  9.9","24"," 15.0"," 27.0","  84.0"," ","  66.9"," "," 0.15","G","999.9","010000"
"72422093820","2020-06-24","38.0408","-84.6058","298.7","LEXINGTON BLUEGRASS AIRPORT, KY US","  70.0","24","  59.6","24","1012.1","24","977.3","24"," 10.0","24","  5.5","24","  8.0"," 15.9","  81.0"," ","  61.0"," "," 0.07","G","999.9","000000"
"72422093820","2020-06-25","38.0408","-84.6058","298.7","LEXINGTON BLUEGRASS AIRPORT, KY US","  71.2","24","  57.8","24","1015.4","24","980.4","24"," 10.0","24","  3.5","24","  8.9","999.9","  82.9"," ","  57.9"," "," 0.01","G","999.9","000000"
"72422093820","2020-06-26","38.0408","-84.6058","298.7","LEXINGTON BLUEGRASS AIRPORT, KY US","  74.3","24","  61.2","24","1018.6","24","983.6","24"," 10.0","24","  6.9","24"," 13.0"," 19.0","  86.0"," ","  57.9"," "," 0.00","G","999.9","000000"
"72422093820","2020-06-27","38.0408","-84.6058","298.7","LEXINGTON BLUEGRASS AIRPORT, KY US","  72.7","24","  67.8","24","1015.3","16","980.3","24","  8.9","24","  8.5","24"," 14.0"," 25.1","  86.0"," ","  63.0"," "," 0.00","G","999.9","010000"
"72422093820","2020-06-28","38.0408","-84.6058","298.7","LEXINGTON BLUEGRASS AIRPORT, KY US","  70.4","24","  68.2","24","1011.7","19","976.9","24","  9.9","24","  7.6","24"," 14.0"," 24.1","  77.0"," ","  66.9"," "," 0.30","G","999.9","010000"
"72422093820","2020-06-29","38.0408","-84.6058","298.7","LEXINGTON BLUEGRASS AIRPORT, KY US","  74.2","24","  70.4","24","1013.9","16","979.0","24","  9.8","24","  5.2","24","  9.9","999.9","  86.0"," ","  66.9"," "," 0.06","G","999.9","010000"
"72422093820","2020-06-30","38.0408","-84.6058","298.7","LEXINGTON BLUEGRASS AIRPORT, KY US","  74.0","24","  68.5","24","1014.4","24","979.7","24"," 10.0","24","  4.8","24","  8.9","999.9","  86.0"," ","  66.9"," "," 0.02","G","999.9","010000"
"72422093820","2020-07-01","38.0408","-84.6058","298.7","LEXINGTON BLUEGRASS AIRPORT, KY US","  76.0","24","  69.9","24","1012.4","22","977.9","24","  9.8","24","  3.4","24","  9.9","999.9","  84.9"," ","  66.9"," "," 0.01","G","999.9","010000"
"72422093820","2020-07-02","38.0408","-84.6058","298.7","LEXINGTON BLUEGRASS AIRPORT, KY US","  77.9","24","  66.5","24","1014.1","24","979.5","24","  9.8","24","  4.9","24"," 12.0"," 15.9","  89.1"," ","  66.9"," "," 0.02","G","999.9","000000"
"72422093820","2020-07-03","38.0408","-84.6058","298.7","LEXINGTON BLUEGRASS AIRPORT, KY US","  77.3","24","  63.8","24","1015.5","24","980.8","24"," 10.0","24","  3.5","24"," 11.1"," 15.0","  91.0"," ","  63.0"," "," 0.00","G","999.9","010000"
"72422093820","2020-07-04","38.0408","-84.6058","298.7","LEXINGTON BLUEGRASS AIRPORT, KY US","  79.7","24","  64.1","24","1014.5","24","979.9","24","  9.9","24","  2.7","24","  8.9","999.9","  91.9"," ","  63.0"," "," 0.00","G","999.9","000000"
"72422093820","2020-07-05","38.0408","-84.6058","298.7","LEXINGTON BLUEGRASS AIRPORT, KY US","  79.6","24","  66.4","24","1013.8","23","979.4","24","  8.1","24","  3.5","24","  8.0"," 20.0","  93.0"," ","  66.0"," "," 0.00","G","999.9","010000"
"72422093820","2020-07-06","38.0408","-84.6058","298.7","LEXINGTON BLUEGRASS AIRPORT, KY US","  78.7","24","  69.8","24","1015.6","19","980.8","24","  9.7","24","  3.5","24"," 17.1"," 22.9","  93.0"," ","  66.0"," "," 0.51","G","999.9","010010"
"72422093820","2020-07-07","38.0408","-84.6058","298.7","LEXINGTON BLUEGRASS AIRPORT, KY US","  78.0","24","  67.4","24","1015.5","24","981.0","24"," 10.0","24","  3.9","24"," 12.0"," 18.1","  91.9"," ","  66.9"," "," 0.00","G","999.9","010010"
"72422093820","2020-07-08","38.0408","-84.6058","298.7","LEXINGTON BLUEGRASS AIRPORT, KY US","  78.9","24","  69.3","24","1013.9","22","979.5","24","  9.6","24","  2.6","24"," 15.0"," 25.1","  91.0"," ","  66.9"," "," 0.00","G","999.9","010010"
"72422093820","2020-07-09","38.0408","-84.6058","298.7","LEXINGTON BLUEGRASS AIRPORT, KY US","  78.3","24","  71.5","24","1012.7","22","978.2","24","  8.7","24","  2.7","24"," 17.1"," 27.0","  91.0"," ","  66.9"," "," 0.42","G","999.9","010010"
"72422093820","2020-07-10","38.0408","-84.6058","298.7","LEXINGTON BLUEGRASS AIRPORT, KY US","  79.5","24","  71.0","24","1011.3","24","976.8","24"," 10.0","24","  7.0","24"," 15.9"," 26.0","  89.1"," ","  69.1"," "," 0.02","G","999.9","000000"
"72422093820","2020-07-11","38.0408","-84.6058","298.7","LEXINGTON BLUEGRASS AIRPORT, KY US","  75.9","24","  64.0","24","1012.6","24","978.0","24"," 10.0","24","  5.7","24"," 13.0"," 19.0","  89.1"," ","  64.9"," "," 0.00","G","999.9","000000"
"72422093820","2020-07-12","38.0408","-84.6058","298.7","LEXINGTON BLUEGRASS AIRPORT, KY US","  72.5","24","  64.9","24","1010.6","24","976.2","24","  9.6","24","  6.7","24"," 20.0"," 34.0","  86.0"," ","  64.0"," "," 0.47","G","999.9","010010"
"72422093820","2020-07-13","38.0408","-84.6058","298.7","LEXINGTON BLUEGRASS AIRPORT, KY US","  72.7","24","  62.5","24","1012.8","24","978.0","24","  9.4","24","  4.4","24","  9.9","999.9","  84.9"," ","  59.0"," "," 0.00","G","999.9","000000"
"72422093820","2020-07-14","38.0408","-84.6058","298.7","LEXINGTON BLUEGRASS AIRPORT, KY US","  73.6","24","  59.9","24","1016.2","24","981.4","24"," 10.0","24","  2.3","24","  8.9","999.9","  87.1"," ","  59.0"," "," 0.00","G","999.9","010000"
"72422093820","2020-07-15","38.0408","-84.6058","298.7","LEXINGTON BLUEGRASS AIRPORT, KY US","  77.3","24","  62.4","24","1017.6","24","982.8","24"," 10.0","24","  3.7","24","  8.9"," 15.9","  91.0"," ","  59.0"," "," 0.00","G","999.9","000000"
"72422093820","2020-07-16","38.0408","-84.6058","298.7","LEXINGTON BLUEGRASS AIRPORT, KY US","  79.4","24","  69.9","24","1016.1","22","981.7","24","  9.7","24","  8.2","24"," 15.0"," 20.0","  91.0"," ","  63.0"," "," 0.00","G","999.9","010010"
"72422093820","2020-07-17","38.0408","-84.6058","298.7","LEXINGTON BLUEGRASS AIRPORT, KY US","  75.4","24","  71.5","24","1020.2","19","985.7","24","  9.6","24","  3.7","24","  7.0","999.9","  84.9"," ","  69.1"," "," 0.33","G","999.9","010010"
"72422093820","2020-07-18","38.0408","-84.6058","298.7","LEXINGTON BLUEGRASS AIRPORT, KY US","  78.3","24","  71.6","24","1019.6","24","984.7","24","  9.4","24","  4.3","24"," 11.1"," 17.1","  90.0"," ","  69.1"," "," 0.00","G","999.9","000000"
"72422093820","2020-07-19","38.0408","-84.6058","298.7","LEXINGTON BLUEGRASS AIRPORT, KY US","  82.0","24","  71.4","24","1016.5","24","981.9","24"," 10.0","24","  7.4","24"," 15.0"," 22.9","  91.9"," ","  69.1"," "," 0.00","G","999.9","000000"
"72422093820","2020-07-20","38.0408","-84.6058","298.7","LEXINGTON BLUEGRASS AIRPORT, KY US","  80.1","24","  72.0","24","1015.7","24","981.1","24"," 10.0","24","  5.2","24"," 12.0","999.9","  91.9"," ","  72.0"," "," 0.00","G","999.9","000000"
"72422093820","2020-07-21","38.0408","-84.6058","298.7","LEXINGTON BLUEGRASS AIRPORT, KY US","  79.2","24","  70.5","24","1016.6","24","982.0","24","  9.8","24","  3.9","24","  8.0","999.9","  91.9"," ","  69.1"," "," 0.00","G","999.9","000000"
"72422093820","2020-07-22","38.0408","-84.6058","298.7","LEXINGTON BLUEGRASS AIRPORT, KY US","  79.6","24","  70.3","24","1017.1","24","982.5","24"," 10.0","24","  6.2","24"," 12.0"," 18.1","  91.9"," ","  69.1"," "," 0.00","G","999.9","010010"
"72422093820","2020-07-23","38.0408","-84.6058","298.7","LEXINGTON BLUEGRASS AIRPORT, KY US","  76.1","24","  70.8","24","1018.4","19","983.9","24","  9.8","24","  6.3","24"," 13.0"," 22.0","  89.1"," ","  69.1"," "," 0.00","G","999.9","010000"
"72422093820","2020-07-24","38.0408","-84.6058","298.7","LEXINGTON BLUEGRASS AIRPORT, KY US","  78.7","24","  68.9","24","1019.3","23","984.6","24","  9.8","24","  4.3","24","  8.9"," 15.0","  91.0"," ","  68.0"," "," 0.04","G","999.9","000000"
"72422093820","2020-07-25","38.0408","-84.6058","298.7","LEXINGTON BLUEGRASS AIRPORT, KY US","  78.7","24","  67.1","24","1019.6","24","984.8","24"," 10.0","24","  3.9","24","  6.0","999.9","  93.0"," ","  66.9"," "," 0.00","G","999.9","000000"
"72422093820","2020-07-26","38.0408","-84.6058","298.7","LEXINGTON BLUEGRASS AIRPORT, KY US","  79.4","24","  70.1","24","1019.3","22","984.6","24","  9.7","24","  4.4","24","  9.9"," 15.9","  93.0"," ","  66.9"," "," 0.00","G","999.9","010000"
"72422093820","2020-07-27","38.0408","-84.6058","298.7","LEXINGTON BLUEGRASS AIRPORT, KY US","  78.8","24","  69.8","24","1016.6","24","981.9","24"," 10.0","24","  7.7","24"," 15.9"," 25.1","  91.9"," ","  69.1"," "," 0.12","G","999.9","010000"
"72422093820","2020-07-28","38.0408","-84.6058","298.7","LEXINGTON BLUEGRASS AIRPORT, KY US","  77.0","24","  70.2","24","1014.6","20","980.0","24","  8.9","24","  2.9","24","  8.9"," 14.0","  91.9"," ","  69.1"," "," 0.43","G","999.9","010010"
"72422093820","2020-07-29","38.0408","-84.6058","298.7","LEXINGTON BLUEGRASS AIRPORT, KY US","  79.8","24","  69.4","24","1014.4","24","979.9","24"," 10.0","24","  3.6","24","  9.9","999.9","  90.0"," ","  70.0"," "," 0.33","G","999.9","000000"
"72422093820","2020-07-30","38.0408","-84.6058","298.7","LEXINGTON BLUEGRASS AIRPORT, KY US","  77.2","24","  72.8","24","1012.3","20","977.5","24","  9.0","24","  4.2","24"," 15.0"," 26.0","  90.0"," ","  70.0"," "," 0.00","G","999.9","010000"
"72422093820","2020-07-31","38.0408","-84.6058","298.7","LEXINGTON BLUEGRASS AIRPORT, KY US","  72.8","24","  71.2","17","1010.3"," 9","975.1","24","  7.3","24","  3.4","24","  8.0","999.9","  81.0"," ","  68.0"," "," 1.26","G","999.9","110000"
"72422093820","2020-08-01","38.0408","-84.6058","298.7","LEXINGTON BLUEGRASS AIRPORT, KY US","  74.3","24","  71.5","22","1010.0","18","975.4","24","  9.3","24","  7.5","24"," 17.1"," 34.0","  84.0"," ","  68.0"," "," 0.55","G","999.9","010000"
"72422093820","2020-08-02","38.0408","-84.6058","298.7","LEXINGTON BLUEGRASS AIRPORT, KY US","  71.2","24","  65.5","24","1013.0","16","977.7","24","  9.4","24"," 10.9","24"," 15.0"," 25.1","  84.0"," ","  64.9"," "," 0.14","G","999.9","010000"
"72422093820","2020-08-03","38.0408","-84.6058","298.7","LEXINGTON BLUEGRASS AIRPORT, KY US","  72.5","24","  63.9","24","1015.3","24","980.4","24","  9.7","24","  4.5","24","  8.0","999.9","  84.0"," ","  62.1"," "," 0.00","G","999.9","010010"
"72422093820","2020-08-04","38.0408","-84.6058","298.7","LEXINGTON BLUEGRASS AIRPORT, KY US","  68.0","24","  64.8","21","1014.8","13","979.5","24","  6.7","24","  3.6","24","  7.0","999.9","  84.0"," ","  61.0"," "," 0.08","G","999.9","110000"
"72422093820","2020-08-05","38.0408","-84.6058","298.7","LEXINGTON BLUEGRASS AIRPORT, KY US","  68.4","24","  59.9","24","1018.2","24","983.0","24","  9.9","24","  3.8","24","  7.0","999.9","  80.1"," ","  57.0"," "," 0.00","G","999.9","000000"
"72422093820","2020-08-06","38.0408","-84.6058","298.7","LEXINGTON BLUEGRASS AIRPORT, KY US","  70.3","24","  61.2","24","1017.8","24","982.8","24"," 10.0","24","  6.0","24","  9.9","999.9","  82.9"," ","  57.0"," "," 0.00","G","999.9","000000"
"72422093820","2020-08-07","38.0408","-84.6058","298.7","LEXINGTON BLUEGRASS AIRPORT, KY US","  72.3","24","  61.6","24","1018.8","24","983.8","24"," 10.0","24","  5.1","24","  8.0","999.9","  84.0"," ","  60.1"," "," 0.00","G","999.9","000000"
"72422093820","2020-08-08","38.0408","-84.6058","298.7","LEXINGTON BLUEGRASS AIRPORT, KY US","  72.5","24","  61.1","24","1020.9","24","985.9","24","  9.8","24","  2.8","24","  7.0","999.9","  84.9"," ","  59.0"," "," 0.00","G","999.9","000000"
"72422093820","2020-08-09","38.0408","-84.6058","298.7","LEXINGTON BLUEGRASS AIRPORT, KY US","  74.6","24","  63.0","24","1020.5","24","985.5","24","  9.7","24","  2.5","24","  7.0","999.9","  88.0","*","  60.1","*"," 0.00","G","999.9","000000"
"72422093820","2020-08-10","38.0408","-84.6058","298.7","LEXINGTON BLUEGRASS AIRPORT, KY US","  73.0","24","  69.4","24","1017.4","21","982.9","24","  9.3","24","  4.9","24","  9.9"," 21.0","  89.1"," ","  60.1"," "," 0.00","G","999.9","010010"
"72422093820","2020-08-11","38.0408","-84.6058","298.7","LEXINGTON BLUEGRASS AIRPORT, KY US","  74.3","24","  69.6","21","1015.3","23","980.6","24"," 10.0","24","  4.8","24"," 13.0"," 34.0","  86.0"," ","  66.9"," "," 0.65","G","999.9","010000"
"72422093820","2020-08-12","38.0408","-84.6058","298.7","LEXINGTON BLUEGRASS AIRPORT, KY US","  77.2","24","  70.1","24","1016.5","24","981.7","24","  9.4","24","  1.5","24","  6.0","999.9","  87.1"," ","  66.9"," "," 0.01","G","999.9","000000"
"72422093820","2020-08-13","38.0408","-84.6058","298.7","LEXINGTON BLUEGRASS AIRPORT, KY US","  78.9","24","  70.1","24","1016.3","24","981.7","24","  9.6","24","  3.5","24","  7.0","999.9","  89.1"," ","  66.9"," "," 0.00","G","999.9","000000"
"72422093820","2020-08-14","38.0408","-84.6058","298.7","LEXINGTON BLUEGRASS AIRPORT, KY US","  75.6","24","  69.8","24","1014.2","24","979.7","24","  9.1","24","  5.1","24","  8.9","999.9","  89.1"," ","  68.0"," "," 0.00","G","999.9","010000"
"72422093820","2020-08-15","38.0408","-84.6058","298.7","LEXINGTON BLUEGRASS AIRPORT, KY US","  74.8","24","  69.0","24","1012.6","18","977.9","24","  8.9","24","  5.4","24"," 13.0","999.9","  86.0"," ","  69.1"," "," 0.05","G","999.9","000000"
"72422093820","2020-08-16","38.0408","-84.6058","298.7","LEXINGTON BLUEGRASS AIRPORT, KY US","  75.3","24","  67.8","24","1013.5","24","978.8","24","  9.6","24","  3.6","24"," 15.9"," 21.0","  87.1"," ","  63.0"," "," 0.00","G","999.9","010000"
"72422093820","2020-08-17","38.0408","-84.6058","298.7","LEXINGTON BLUEGRASS AIRPORT, KY US","  72.6","24","  62.4","24","1016.2","24","981.4","24"," 10.0","24","  3.5","24","  8.0","999.9","  87.1"," ","  60.1"," "," 0.15","G","999.9","000000"
"72422093820","2020-08-18","38.0408","-84.6058","298.7","LEXINGTON BLUEGRASS AIRPORT, KY US","  70.8","24","  63.6","24","1014.4","21","979.4","24"," 10.0","24","  5.3","24"," 14.0"," 28.9","  84.9"," ","  60.1"," "," 0.00","G","999.9","010010"
"72422093820","2020-08-19","38.0408","-84.6058","298.7","LEXINGTON BLUEGRASS AIRPORT, KY US","  69.0","24","  61.7","24","1015.4","18","980.1","24","  9.4","24","  7.6","24"," 13.0"," 18.1","  84.9"," ","  61.0"," "," 0.39","G","999.9","000000"
"72422093820","2020-08-20","38.0408","-84.6058","298.7","LEXINGTON BLUEGRASS AIRPORT, KY US","  68.9","24","  56.7","24","1015.6","24","980.7","24"," 10.0","24","  7.1","24","  9.9"," 17.1","  82.0"," ","  57.0"," "," 0.00","G","999.9","000000"
"72422093820","2020-08-21","38.0408","-84.6058","298.7","LEXINGTON BLUEGRASS AIRPORT, KY US","  71.3","24","  65.0","24","1013.8","20","978.9","24"," 10.0","24","  3.5","24","  9.9","999.9","  82.0"," ","  57.0"," "," 0.00","G","999.9","010010"
"72422093820","2020-08-22","38.0408","-84.6058","298.7","LEXINGTON BLUEGRASS AIRPORT, KY US","  72.6","24","  68.1","24","1013.8","21","979.0","24","  9.5","24","  2.7","24"," 12.0"," 19.0","  82.9"," ","  64.0"," "," 0.01","G","999.9","010000"
"72422093820","2020-08-23","38.0408","-84.6058","298.7","LEXINGTON BLUEGRASS AIRPORT, KY US","  71.9","24","  67.2","24","1016.5","23","981.7","24","  9.5","24","  4.5","24","  8.0","999.9","  82.9"," ","  64.0"," "," 0.07","G","999.9","010000"
"72422093820","2020-08-24","38.0408","-84.6058","298.7","LEXINGTON BLUEGRASS AIRPORT, KY US","  75.5","24","  67.5","24","1018.7","24","983.8","24","  9.9","24","  4.2","24","  8.0"," 15.0","  87.1"," ","  64.0"," "," 0.28","G","999.9","000000"
"72422093820","2020-08-25","38.0408","-84.6058","298.7","LEXINGTON BLUEGRASS AIRPORT, KY US","  77.0","24","  67.9","24","1018.5","24","983.6","24","  9.7","24","  3.7","24","  6.0","999.9","  89.1"," ","  64.9"," "," 0.00","G","999.9","000000"
"72422093820","2020-08-26","38.0408","-84.6058","298.7","LEXINGTON BLUEGRASS AIRPORT, KY US","  77.8","24","  69.8","24","1018.2","24","983.5","24","  9.4","24","  3.6","24","  8.0","999.9","  89.1"," ","  64.9"," "," 0.00","G","999.9","000000"
"72422093820","2020-08-27","38.0408","-84.6058","298.7","LEXINGTON BLUEGRASS AIRPORT, KY US","  77.4","24","  71.5","24","1016.2","24","981.5","24"," 10.0","24","  6.1","24"," 11.1","999.9","  89.1"," ","  68.0"," "," 0.00","G","999.9","000000"
"72422093820","2020-08-28","38.0408","-84.6058","298.7","LEXINGTON BLUEGRASS AIRPORT, KY US","  78.5","24","  71.1","24","1012.6","24","978.0","24"," 10.0","24","  7.8","24"," 19.0"," 27.0","  88.0"," ","  72.0"," "," 0.00","G","999.9","010000"
"72422093820","2020-08-29","38.0408","-84.6058","298.7","LEXINGTON BLUEGRASS AIRPORT, KY US","  73.4","24","  70.7","24","1007.4","16","972.9","24","  8.1","24","  7.2","24","  9.9"," 15.0","  82.0","*","  69.8","*"," 0.87","G","999.9","010000"
"72422093820","2020-08-30","38.0408","-84.6058","298.7","LEXINGTON BLUEGRASS AIRPORT, KY US","  71.9","24","  61.5","24","1011.1","24","976.4","24"," 10.0","24","  5.5","24","  8.9"," 15.9","  82.9"," ","  61.0"," "," 0.13","G","999.9","000000"
"72422093820","2020-08-31","38.0408","-84.6058","298.7","LEXINGTON BLUEGRASS AIRPORT, KY US","  70.4","20","  64.6","15","1010.5","15","975.8","20","  8.8","20","  4.5","19","  8.9","999.9","  80.1"," ","  61.0"," "," 0.45","G","999.9","010010"
"72422093820","2020-09-01","38.0408","-84.6058","298.7","LEXINGTON BLUEGRASS AIRPORT, KY US","  74.3","24","  71.2","24","1012.5","10","978.4","24","  6.5","24","  5.0","24","  9.9"," 15.0","  84.9"," ","  64.0"," "," 0.79","G","999.9","110000"
"72422093820","2020-09-02","38.0408","-84.6058","298.7","LEXINGTON BLUEGRASS AIRPORT, KY US","  76.0","24","  71.6","24","1011.8","23","977.1","24","  9.1","24","  8.0","24"," 17.1"," 28.9","  84.9"," ","  68.0"," "," 0.45","G","999.9","010000"
"72422093820","2020-09-03","38.0408","-84.6058","298.7","LEXINGTON BLUEGRASS AIRPORT, KY US","  75.7","24","  71.8","24","1011.1","19","976.6","24","  8.8","24","  7.8","24"," 15.0"," 25.1","  84.0"," ","  71.1"," "," 0.60","G","999.9","010000"
"72422093820","2020-09-04","38.0408","-84.6058","298.7","LEXINGTON BLUEGRASS AIRPORT, KY US","  73.7","24","  66.1","24","1016.6","22","981.5","24","  9.5","24","  6.4","24"," 11.1"," 19.0","  82.0"," ","  69.1"," "," 0.16","G","999.9","000000"
"72422093820","2020-09-05","38.0408","-84.6058","298.7","LEXINGTON BLUEGRASS AIRPORT, KY US","  66.0","24","  53.0","24","1024.7","24","989.3","24"," 10.0","24","  2.7","24","  5.1","999.9","  80.1"," ","  51.1"," "," 0.00","G","999.9","000000"
"72422093820","2020-09-06","38.0408","-84.6058","298.7","LEXINGTON BLUEGRASS AIRPORT, KY US","  67.7","24","  56.6","24","1022.7","24","987.4","24"," 10.0","24","  2.9","24","  8.0","999.9","  81.0"," ","  51.1"," "," 0.00","G","999.9","000000"
"72422093820","2020-09-07","38.0408","-84.6058","298.7","LEXINGTON BLUEGRASS AIRPORT, KY US","  72.1","24","  60.8","24","1015.9","24","980.9","24"," 10.0","24","  8.0","24"," 13.0"," 18.1","  82.9"," ","  55.0"," "," 0.00","G","999.9","000000"
"72422093820","2020-09-08","38.0408","-84.6058","298.7","LEXINGTON BLUEGRASS AIRPORT, KY US","  73.4","24","  63.6","24","1016.5","24","981.6","24"," 10.0","24","  5.3","24","  8.9","999.9","  86.0"," ","  62.1"," "," 0.00","G","999.9","000000"
"72422093820","2020-09-09","38.0408","-84.6058","298.7","LEXINGTON BLUEGRASS AIRPORT, KY US","  73.9","24","  64.0","24","1020.1","24","985.1","24"," 10.0","24","  2.2","24","  8.0","999.9","  86.0"," ","  62.1"," "," 0.00","G","999.9","000000"
"72422093820","2020-09-10","38.0408","-84.6058","298.7","LEXINGTON BLUEGRASS AIRPORT, KY US","  74.7","24","  66.6","24","1022.1","24","987.1","24","  9.9","24","  3.2","24"," 11.1","999.9","  87.1"," ","  62.1"," "," 0.00","G","999.9","000000"
"72422093820","2020-09-11","38.0408","-84.6058","298.7","LEXINGTON BLUEGRASS AIRPORT, KY US","  72.1","24","  68.6","24","1021.5","22","986.6","24","  8.1","24","  6.6","24"," 12.0","999.9","  87.1"," ","  64.0"," "," 0.00","G","999.9","000000"
"72422093820","2020-09-12","38.0408","-84.6058","298.7","LEXINGTON BLUEGRASS AIRPORT, KY US","  70.8","24","  67.3","24","1017.6","21","982.7","24","  7.8","24","  6.4","24"," 12.0","999.9","  82.0"," ","  64.0"," "," 0.00","G","999.9","000000"
"72422093820","2020-09-13","38.0408","-84.6058","298.7","LEXINGTON BLUEGRASS AIRPORT, KY US","  72.4","24","  70.8","24","1016.4","12","981.5","24","  8.4","24","  4.3","24"," 12.0"," 18.1","  82.0"," ","  64.0"," "," 2.45","G","999.9","010010"
"72422093820","2020-09-14","38.0408","-84.6058","298.7","LEXINGTON BLUEGRASS AIRPORT, KY US","  67.6","20","  64.0","20","1022.2","18","986.8","20","  9.1","20","  5.2","20"," 12.0","999.9","  77.0"," ","  62.1"," "," 0.16","G","999.9","100000"
"72422093820","2020-09-15","38.0408","-84.6058","298.7","LEXINGTON BLUEGRASS AIRPORT, KY US","  63.6","24","  55.6","24","1023.7","20","988.5","24"," 10.0","24","  7.9","24","  8.9","999.9","  75.9"," ","  54.0"," "," 0.00","G","999.9","000000"
"72422093820","2020-09-16","38.0408","-84.6058","298.7","LEXINGTON BLUEGRASS AIRPORT, KY US","  64.5","24","  59.7","24","1019.2","22","983.8","24"," 10.0","24","  2.5","24","  7.0","999.9","  78.1"," ","  54.0"," "," 0.00","G","999.9","000000"
"72422093820","2020-09-17","38.0408","-84.6058","298.7","LEXINGTON BLUEGRASS AIRPORT, KY US","  67.6","24","  61.4","24","1015.3","21","980.3","24","  8.1","24","  4.9","24","  9.9"," 18.1","  78.1"," ","  54.0"," "," 0.00","G","999.9","000000"
"72422093820","2020-09-18","38.0408","-84.6058","298.7","LEXINGTON BLUEGRASS AIRPORT, KY US","  61.9","24","  51.7","24","1018.5","24","983.3","24"," 10.0","24","  9.7","24"," 15.0"," 19.0","  77.0"," ","  55.0"," "," 0.00","G","999.9","000000"
"72422093820","2020-09-19","38.0408","-84.6058","298.7","LEXINGTON BLUEGRASS AIRPORT, KY US","  55.2","24","  43.3","24","1024.7","24","988.9","24"," 10.0","24","  7.9","24"," 11.1"," 15.0","  69.1"," ","  42.1"," "," 0.00","G","999.9","000000"
"72422093820","2020-09-20","38.0408","-84.6058","298.7","LEXINGTON BLUEGRASS AIRPORT, KY US","  57.0","24","  44.9","24","1026.8","24","991.0","24"," 10.0","24","  8.1","24"," 15.9"," 22.9","  71.1"," ","  42.1"," "," 0.00","G","999.9","000000"
"72422093820","2020-09-21","38.0408","-84.6058","298.7","LEXINGTON BLUEGRASS AIRPORT, KY US","  59.4","24","  45.9","24","1028.3","24","992.5","24"," 10.0","24","  5.9","24","  8.9","999.9","  72.0"," ","  44.1"," "," 0.00","G","999.9","000000"
"72422093820","2020-09-22","38.0408","-84.6058","298.7","LEXINGTON BLUEGRASS AIRPORT, KY US","  58.4","24","  48.6","24","1024.6","24","989.0","24"," 10.0","24","  3.7","24","  7.0","999.9","  72.0"," ","  44.1"," "," 0.00","G","999.9","000000"
"72422093820","2020-09-23","38.0408","-84.6058","298.7","LEXINGTON BLUEGRASS AIRPORT, KY US","  60.7","24","  53.8","24","1019.8","24","984.4","24","  9.9","24","  1.7","24","  6.0","999.9","  72.0"," ","  44.1"," "," 0.00","G","999.9","000000"
"72422093820","2020-09-24","38.0408","-84.6058","298.7","LEXINGTON BLUEGRASS AIRPORT, KY US","  63.1","24","  56.7","24","1016.9","24","981.6","24","  9.7","24","  2.8","24","  8.0","999.9","  73.0"," ","  48.9"," "," 0.00","G","999.9","000000"
"72422093820","2020-09-25","38.0408","-84.6058","298.7","LEXINGTON BLUEGRASS AIRPORT, KY US","  64.5","24","  58.2","24","1015.2","24","980.0","24"," 10.0","24","  3.2","24","  6.0","999.9","  75.9"," ","  55.0"," "," 0.00","G","999.9","010000"
"72422093820","2020-09-26","38.0408","-84.6058","298.7","LEXINGTON BLUEGRASS AIRPORT, KY US","  66.7","24","  62.1","24","1015.4","20","980.6","24","  8.1","24","  4.7","24"," 12.0","999.9","  75.9"," ","  55.0"," "," 0.00","G","999.9","100000"
"72422093820","2020-09-27","38.0408","-84.6058","298.7","LEXINGTON BLUEGRASS AIRPORT, KY US","  66.7","24","  60.8","24","1012.7","23","977.9","24","  9.1","24","  6.6","24"," 11.1"," 17.1","  79.0"," ","  59.0"," "," 0.00","G","999.9","100000"
"72422093820","2020-09-28","38.0408","-84.6058","298.7","LEXINGTON BLUEGRASS AIRPORT, KY US","  64.7","24","  61.1","24","1008.9","20","973.7","24","  9.1","24","  7.8","24"," 18.1"," 27.0","  73.9","*","  55.4","*"," 0.00","G","999.9","010000"
"72422093820","2020-09-29","38.0408","-84.6058","298.7","LEXINGTON BLUEGRASS AIRPORT, KY US","  53.6","24","  51.0","24","1013.0","16","977.8","24","  6.1","24","  4.2","24"," 12.0"," 20.0","  75.0"," ","  48.9"," "," 0.24","G","999.9","110000"
"72422093820","2020-09-30","38.0408","-84.6058","298.7","LEXINGTON BLUEGRASS AIRPORT, KY US","  54.9","24","  46.0","24","1011.6","24","976.2","24"," 10.0","24"," 10.9","24"," 22.0"," 31.1","  72.0"," ","  44.1"," "," 0.31","G","999.9","000000"
"72422093820","2020-10-01","38.0408","-84.6058","298.7","LEXINGTON BLUEGRASS AIRPORT, KY US","  59.7","24","  41.8","24","1015.3","24","980.0","24"," 10.0","24","  6.9","24"," 12.0"," 19.0","  72.0"," ","  44.1"," "," 0.00","G","999.9","010000"
"72422093820","2020-10-02","38.0408","-84.6058","298.7","LEXINGTON BLUEGRASS AIRPORT, KY US","  50.3","24","  39.5","24","1020.6","24","984.8","24"," 10.0","24","  3.9","24","  7.0","999.9","  66.9"," ","  37.9"," "," 0.00","G","999.9","000000"
"72422093820","2020-10-03","38.0408","-84.6058","298.7","LEXINGTON BLUEGRASS AIRPORT, KY US","  52.0","24","  40.9","24","1022.4","24","986.5","24"," 10.0","24","  2.7","24","  7.0","999.9","  64.9"," ","  37.9"," "," 0.00","G","999.9","000000"
"72422093820","2020-10-04","38.0408","-84.6058","298.7","LEXINGTON BLUEGRASS AIRPORT, KY US","  55.7","24","  45.9","24","1020.1","22","984.4","24"," 10.0","24","  6.0","24"," 14.0"," 19.0","  68.0"," ","  39.0"," "," 0.00","G","999.9","010000"
"72422093820","2020-10-05","38.0408","-84.6058","298.7","LEXINGTON BLUEGRASS AIRPORT, KY US","  48.8","24","  40.2","24","1023.8","19","988.1","24","  7.5","24","  2.6","24"," 11.1","999.9","  68.0"," ","  34.0"," "," 0.04","G","999.9","100000"
"72422093820","2020-10-06","38.0408","-84.6058","298.7","LEXINGTON BLUEGRASS AIRPORT, KY US","  52.4","24","  40.3","24","1020.0","24","984.2","24"," 10.0","24","  5.4","24"," 11.1","999.9","  70.0"," ","  34.0"," "," 0.00","G","999.9","000000"
"72422093820","2020-10-07","38.0408","-84.6058","298.7","LEXINGTON BLUEGRASS AIRPORT, KY US","  62.2","24","  46.4","24","1016.1","24","980.7","24"," 10.0","24","  8.9","24"," 14.0"," 21.0","  80.1"," ","  37.0"," "," 0.00","G","999.9","000000"
"72422093820","2020-10-08","38.0408","-84.6058","298.7","LEXINGTON BLUEGRASS AIRPORT, KY US","  65.1","24","  47.8","24","1018.9","24","983.6","24"," 10.0","24","  5.8","24","  9.9","999.9","  80.1"," ","  51.1"," "," 0.00","G","999.9","000000"
"72422093820","2020-10-09","38.0408","-84.6058","298.7","LEXINGTON BLUEGRASS AIRPORT, KY US","  64.4","24","  50.7","24","1019.7","24","984.4","24"," 10.0","24","  5.9","24"," 13.0"," 18.1","  77.0"," ","  53.1"," "," 0.00","G","999.9","000000"
"72422093820","2020-10-10","38.0408","-84.6058","298.7","LEXINGTON BLUEGRASS AIRPORT, KY US","  65.5","24","  60.4","24","1016.1","21","981.2","24"," 10.0","24","  5.9","24","  9.9","999.9","  77.0"," ","  54.0"," "," 0.00","G","999.9","010000"
"72422093820","2020-10-11","38.0408","-84.6058","298.7","LEXINGTON BLUEGRASS AIRPORT, KY US","  64.9","24","  62.2","24","1012.2","17","976.9","24","  9.6","24","  8.5","24"," 14.0"," 19.0","  68.0","*","  62.6","*"," 0.06","G","999.9","010000"
"72422093820","2020-10-12","38.0408","-84.6058","298.7","LEXINGTON BLUEGRASS AIRPORT, KY US","  66.1","24","  62.5","24","1010.2","18","975.5","24","  7.5","24","  5.7","24"," 12.0"," 18.1","  75.0"," ","  63.0"," "," 0.01","G","999.9","010000"
"72422093820","2020-10-13","38.0408","-84.6058","298.7","LEXINGTON BLUEGRASS AIRPORT, KY US","  56.7","24","  46.5","24","1018.5","22","982.5","24","  9.7","24","  4.8","24"," 17.1"," 28.9","  75.0"," ","  39.9"," "," 0.06","G","999.9","010000"
"72422093820","2020-10-14","38.0408","-84.6058","298.7","LEXINGTON BLUEGRASS AIRPORT, KY US","  57.3","24","  42.2","24","1017.9","24","982.3","24"," 10.0","24","  6.6","24"," 11.1"," 18.1","  75.0"," ","  39.9"," "," 0.00","G","999.9","000000"
"72422093820","2020-10-15","38.0408","-84.6058","298.7","LEXINGTON BLUEGRASS AIRPORT, KY US","  61.5","24","  49.6","24","1012.8","24","977.6","24"," 10.0","24","  9.6","24"," 15.9"," 27.0","  75.0"," ","  44.1"," "," 0.00","G","999.9","010000"
"72422093820","2020-10-16","38.0408","-84.6058","298.7","LEXINGTON BLUEGRASS AIRPORT, KY US","  48.8","24","  34.8","24","1023.0","24","986.9","24","  9.8","24","  5.6","24"," 11.1"," 17.1","  68.0"," ","  37.0"," "," 0.00","G","999.9","010000"
"72422093820","2020-10-17","38.0408","-84.6058","298.7","LEXINGTON BLUEGRASS AIRPORT, KY US","  45.1","24","  27.3","24","1026.2","24","989.9","24"," 10.0","24","  4.5","24","  7.0"," 15.9","  60.1"," ","  30.9"," "," 0.00","G","999.9","000000"
"72422093820","2020-10-18","38.0408","-84.6058","298.7","LEXINGTON BLUEGRASS AIRPORT, KY US","  50.2","24","  37.4","24","1023.1","24","987.1","24"," 10.0","24","  7.6","24"," 13.0"," 18.1","  60.1"," ","  30.9"," "," 0.00","G","999.9","010000"
"72422093820","2020-10-19","38.0408","-84.6058","298.7","LEXINGTON BLUEGRASS AIRPORT, KY US","  57.2","24","  53.3","24","1021.0","24","985.4","24","  9.1","24","  4.4","24"," 11.1"," 21.0","  63.0"," ","  44.1"," "," 0.03","G","999.9","010000"
"72422093820","2020-10-20","38.0408","-84.6058","298.7","LEXINGTON BLUEGRASS AIRPORT, KY US","  63.8","24","  60.4","24","1020.1","20","984.8","24","  7.5","24","  7.4","24"," 14.0"," 21.0","  71.1","*","  59.0","*"," 2.14","G","999.9","010010"
"72422093820","2020-10-21","38.0408","-84.6058","298.7","LEXINGTON BLUEGRASS AIRPORT, KY US","  66.6","24","  58.5","24","1021.4","24","986.0","24"," 10.0","24","  6.9","24"," 12.0"," 18.1","  75.9","*","  59.0","*"," 0.17","G","999.9","000000"
"72422093820","2020-10-22","38.0408","-84.6058","298.7","LEXINGTON BLUEGRASS AIRPORT, KY US","  67.1","23","  58.2","23","1021.0","23","985.8","23"," 10.0","23","  6.3","23"," 11.1","999.9","  79.0"," ","  57.0"," "," 0.00","G","999.9","000000"
"72422093820","2020-10-23","38.0408","-84.6058","298.7","LEXINGTON BLUEGRASS AIRPORT, KY US","  67.1","24","  58.8","24","1017.7","23","982.6","24","  9.8","24","  8.3","24"," 15.0"," 28.0","  79.0"," ","  57.0"," "," 0.00","G","999.9","010010"
"72422093820","2020-10-24","38.0408","-84.6058","298.7","LEXINGTON BLUEGRASS AIRPORT, KY US","  51.3","24","  47.4","24","1019.0","16","983.6","24","  8.3","24","  8.8","24"," 13.0"," 21.0","  78.1"," ","  45.0"," "," 0.37","G","999.9","010010"
"72422093820","2020-10-25","38.0408","-84.6058","298.7","LEXINGTON BLUEGRASS AIRPORT, KY US","  47.7","24","  44.3","24","1017.8","21","982.0","24","  9.5","24","  8.5","24"," 12.0","999.9","  53.1"," ","  45.0"," "," 0.01","G","999.9","010000"
"72422093820","2020-10-26","38.0408","-84.6058","298.7","LEXINGTON BLUEGRASS AIRPORT, KY US","  50.9","24","  47.7","24","1019.7","16","983.4","24","  8.9","24","  3.4","24","  8.9","999.9","  53.1"," ","  46.0"," "," 0.00","G","999.9","010000"
"72422093820","2020-10-27","38.0408","-84.6058","298.7","LEXINGTON BLUEGRASS AIRPORT, KY US","  51.6","24","  47.0","24","1023.1","15","987.0","24","  8.5","24","  5.3","24","  8.9","999.9","  62.1","*","  46.4","*"," 0.01","G","999.9","000000"
"72422093820","2020-10-28","38.0408","-84.6058","298.7","LEXINGTON BLUEGRASS AIRPORT, KY US","  55.0","24","  50.9","24","1018.4","22","982.9","24","  8.4","24","  3.8","24","  8.0","999.9","  64.0"," ","  46.9"," "," 0.00","G","999.9","010000"
"72422093820","2020-10-29","38.0408","-84.6058","298.7","LEXINGTON BLUEGRASS AIRPORT, KY US","  55.3","24","  53.7","24","1003.9","15","969.9","24","  5.8","24","  8.6","24"," 15.9"," 20.0","  64.0"," ","  48.0"," "," 0.86","G","999.9","010000"
"72422093820","2020-10-30","38.0408","-84.6058","298.7","LEXINGTON BLUEGRASS AIRPORT, KY US","  44.9","24","  39.1","24","1019.5","20","982.4","24","  8.1","24","  8.0","24"," 13.0"," 19.0","  60.1"," ","  39.9"," "," 0.59","G","999.9","010000"
"72422093820","2020-10-31","38.0408","-84.6058","298.7","LEXINGTON BLUEGRASS AIRPORT, KY US","  42.8","24","  34.2","24","1027.3","24","990.9","24"," 10.0","24","  4.6","24","  8.9","999.9","  57.0"," ","  32.0"," "," 0.00","G","999.9","000000"
"72422093820","2020-11-01","38.0408","-84.6058","298.7","LEXINGTON BLUEGRASS AIRPORT, KY US","  51.0","24","  34.4","24","1019.9","24","984.1","24"," 10.0","24"," 13.6","24"," 24.1"," 34.0","  57.0"," ","  32.0"," "," 0.00","G","999.9","000000"
"72422093820","2020-11-02","38.0408","-84.6058","298.7","LEXINGTON BLUEGRASS AIRPORT, KY US","  36.0","24","  19.6","24","1029.3","24","992.7","24"," 10.0","24","  5.2","24","  9.9"," 17.1","  55.0"," ","  24.1"," "," 0.00","G","999.9","000000"
"72422093820","2020-11-03","38.0408","-84.6058","298.7","LEXINGTON BLUEGRASS AIRPORT, KY US","  43.4","24","  25.0","24","1025.3","24","988.9","24"," 10.0","24","  7.4","24","  8.9","999.9","  61.0"," ","  24.1"," "," 0.00","G","999.9","000000"
"72422093820","2020-11-04","38.0408","-84.6058","298.7","LEXINGTON BLUEGRASS AIRPORT, KY US","  52.6","24","  35.3","24","1026.5","24","990.5","24"," 10.0","24","  7.3","24"," 11.1"," 17.1","  68.0"," ","  33.1"," "," 0.00","G","999.9","000000"
"72422093820","2020-11-05","38.0408","-84.6058","298.7","LEXINGTON BLUEGRASS AIRPORT, KY US","  54.9","24","  39.0","24","1027.3","24","991.3","24"," 10.0","24","  7.1","24"," 11.1","999.9","  68.0"," ","  42.1"," "," 0.00","G","999.9","000000"
"72422093820","2020-11-06","38.0408","-84.6058","298.7","LEXINGTON BLUEGRASS AIRPORT, KY US","  52.9","24","  40.6","24","1026.3","24","990.3","24"," 10.0","24","  3.8","24","  7.0","999.9","  69.1"," ","  37.9"," "," 0.00","G","999.9","000000"
"72422093820","2020-11-07","38.0408","-84.6058","298.7","LEXINGTON BLUEGRASS AIRPORT, KY US","  54.4","24","  42.0","24","1025.2","24","989.3","24","  9.9","24","  3.0","24","  7.0","999.9","  72.0"," ","  37.9"," "," 0.00","G","999.9","000000"
"72422093820","2020-11-08","38.0408","-84.6058","298.7","LEXINGTON BLUEGRASS AIRPORT, KY US","  61.5","24","  48.2","24","1025.0","24","989.3","24"," 10.0","24","  4.9","24","  8.0","999.9","  77.0"," ","  39.9"," "," 0.00","G","999.9","000000"
"72422093820","2020-11-09","38.0408","-84.6058","298.7","LEXINGTON BLUEGRASS AIRPORT, KY US","  65.0","24","  50.7","24","1023.3","24","987.9","24"," 10.0","24","  5.4","24","  9.9","999.9","  78.1"," ","  50.0"," "," 0.00","G","999.9","000000"
"72422093820","2020-11-10","38.0408","-84.6058","298.7","LEXINGTON BLUEGRASS AIRPORT, KY US","  66.0","24","  53.8","24","1017.6","24","982.4","24"," 10.0","24","  8.1","24"," 17.1"," 22.0","  78.1"," ","  52.0"," "," 0.00","G","999.9","010000"
"72422093820","2020-11-11","38.0408","-84.6058","298.7","LEXINGTON BLUEGRASS AIRPORT, KY US","  60.9","24","  56.6","24","1013.7","19","978.5","24","  8.9","24","  7.2","24"," 12.0"," 22.0","  77.0"," ","  53.1"," "," 0.56","G","999.9","010000"
"72422093820","2020-11-12","38.0408","-84.6058","298.7","LEXINGTON BLUEGRASS AIRPORT, KY US","  44.3","24","  36.6","24","1019.0","24","983.1","24","  9.0","24","  7.5","24"," 12.0","999.9","  68.0"," ","  33.1"," "," 0.01","G","999.9","000000"
"72422093820","2020-11-13","38.0408","-84.6058","298.7","LEXINGTON BLUEGRASS AIRPORT, KY US","  45.3","24","  35.5","24","1019.2","24","983.1","24","  9.8","24","  3.9","24","  8.0"," 18.1","  57.9"," ","  33.1"," "," 0.00","G","999.9","000000"
"72422093820","2020-11-14","38.0408","-84.6058","298.7","LEXINGTON BLUEGRASS AIRPORT, KY US","  43.9","24","  32.6","24","1021.1","24","985.0","24"," 10.0","24","  4.6","24","  9.9","999.9","  57.9"," ","  30.9"," "," 0.00","G","999.9","000000"
"72422093820","2020-11-15","38.0408","-84.6058","298.7","LEXINGTON BLUEGRASS AIRPORT, KY US","  56.2","24","  39.4","24","1010.9","23","974.8","24","  9.6","24"," 16.4","24"," 27.0"," 47.0","  60.1","*","  46.0","*"," 0.06","G","999.9","010000"
"72422093820","2020-11-16","38.0408","-84.6058","298.7","LEXINGTON BLUEGRASS AIRPORT, KY US","  42.7","24","  26.9","24","1022.6","24","986.5","24"," 10.0","24","  8.0","24"," 11.1"," 18.1","  60.1"," ","  30.9"," "," 0.13","G","999.9","000000"
"72422093820","2020-11-17","38.0408","-84.6058","298.7","LEXINGTON BLUEGRASS AIRPORT, KY US","  42.6","24","  25.2","24","1025.8","24","989.3","24"," 10.0","24","  9.7","24"," 14.0"," 22.0","  54.0"," ","  30.9"," "," 0.00","G","999.9","000000"
"72422093820","2020-11-18","38.0408","-84.6058","298.7","LEXINGTON BLUEGRASS AIRPORT, KY US","  34.8","24","  20.3","24","1035.7","24","998.7","24"," 10.0","24","  3.4","24","  8.0","999.9","  46.9"," ","  24.1"," "," 0.00","G","999.9","000000"
"72422093820","2020-11-19","38.0408","-84.6058","298.7","LEXINGTON BLUEGRASS AIRPORT, KY US","  47.0","24","  23.0","24","1030.1","24","993.6","24"," 10.0","24"," 10.3","24"," 15.9"," 28.0","  64.0"," ","  24.1"," "," 0.00","G","999.9","000000"
"72422093820","2020-11-20","38.0408","-84.6058","298.7","LEXINGTON BLUEGRASS AIRPORT, KY US","  52.8","24","  34.7","24","1028.5","23","992.4","24"," 10.0","24"," 10.6","24"," 19.0"," 26.0","  64.0"," ","  37.9"," "," 0.00","G","999.9","000000"
"72422093820","2020-11-21","38.0408","-84.6058","298.7","LEXINGTON BLUEGRASS AIRPORT, KY US","  54.4","24","  48.5","24","1029.1","19","993.1","24","  8.1","24","  5.6","24","  9.9","999.9","  64.0"," ","  43.0"," "," 0.00","G","999.9","000000"
"72422093820","2020-11-22","38.0408","-84.6058","298.7","LEXINGTON BLUEGRASS AIRPORT, KY US","  51.5","24","  48.7","24","1021.8","16","985.4","24","  6.0","24","  9.7","24"," 20.0"," 27.0","  57.0"," ","  44.1"," "," 0.00","G","999.9","010000"
"72422093820","2020-11-23","38.0408","-84.6058","298.7","LEXINGTON BLUEGRASS AIRPORT, KY US","  39.8","24","  34.3","24","1026.1","18","989.5","24"," 10.0","24","  6.0","24"," 17.1"," 25.1","  55.9"," ","  32.0"," "," 0.20","G","999.9","000000"
"72422093820","2020-11-24","38.0408","-84.6058","298.7","LEXINGTON BLUEGRASS AIRPORT, KY US","  42.1","24","  33.1","24","1025.2","24","988.8","24"," 10.0","24","  5.1","24","  9.9","999.9","  53.1"," ","  32.0"," "," 0.00","G","999.9","000000"
"72422093820","2020-11-25","38.0408","-84.6058","298.7","LEXINGTON BLUEGRASS AIRPORT, KY US","  52.2","24","  42.0","24","1015.4","24","979.8","24","  9.2","24"," 11.5","24"," 20.0"," 34.0","  60.1"," ","  33.1"," "," 0.01","G","999.9","010000"
"72422093820","2020-11-26","38.0408","-84.6058","298.7","LEXINGTON BLUEGRASS AIRPORT, KY US","  50.9","24","  45.6","24","1016.6","23","980.7","24","  9.7","24","  8.1","24"," 15.0"," 22.9","  60.1"," ","  46.0"," "," 0.36","G","999.9","010000"
"72422093820","2020-11-27","38.0408","-84.6058","298.7","LEXINGTON BLUEGRASS AIRPORT, KY US","  49.4","24","  40.9","24","1019.8","24","983.9","24"," 10.0","24","  3.4","24","  7.0","999.9","  55.9"," ","  46.0"," "," 0.00","G","999.9","000000"
"72422093820","2020-11-28","38.0408","-84.6058","298.7","LEXINGTON BLUEGRASS AIRPORT, KY US","  42.9","24","  34.5","24","1021.4","22","985.3","24","  9.7","24","  3.0","24","  8.0","999.9","  55.9"," ","  37.0"," "," 0.00","G","999.9","000000"
"72422093820","2020-11-29","38.0408","-84.6058","298.7","LEXINGTON BLUEGRASS AIRPORT, KY US","  39.8","24","  31.9","24","1019.4","24","983.2","24","  9.8","24","  4.0","24","  7.0","999.9","  54.0"," ","  28.0"," "," 0.00","G","999.9","000000"
"72422093820","2020-11-30","38.0408","-84.6058","298.7","LEXINGTON BLUEGRASS AIRPORT, KY US","  38.3","24","  35.5","24","1008.4","15","972.4","24","  5.7","24","  8.1","24"," 15.9"," 24.1","  54.0"," ","  28.0"," "," 0.74","G","  1.2","011000"
"72422093820","2020-12-01","38.0408","-84.6058","298.7","LEXINGTON BLUEGRASS AIRPORT, KY US","  28.5","24","  23.8","24","1017.5","12","979.0","24","  6.2","24"," 11.0","24"," 14.0"," 25.1","  45.0"," ","  26.1"," "," 0.28","G","  1.2","001000"
"72422093820","2020-12-02","38.0408","-84.6058","298.7","LEXINGTON BLUEGRASS AIRPORT, KY US","  27.2","24","  20.7","24","1026.6","24","989.5","24"," 10.0","15","  4.8","24","  7.0","999.9","  39.9"," ","  18.0"," "," 0.04","G","999.9","000000"
"72422093820","2020-12-03","38.0408","-84.6058","298.7","LEXINGTON BLUEGRASS AIRPORT, KY US","  31.0","24","  24.6","24","1026.6","24","989.7","24"," 10.0","24","  3.9","24","  6.0","999.9","  42.1"," ","  18.0"," "," 0.00","G","  1.2","000000"
"72422093820","2020-12-04","38.0408","-84.6058","298.7","LEXINGTON BLUEGRASS AIRPORT, KY US","  41.8","24","  36.6","24","1019.0","14","981.9","24","  7.9","24","  3.9","24"," 11.1","999.9","  43.0","*","  37.9","*"," 0.00","G","999.9","010000"
"72422093820","2020-12-05","38.0408","-84.6058","298.7","LEXINGTON BLUEGRASS AIRPORT, KY US","  37.9","24","  32.9","24","1018.3","20","982.1","24","  7.5","24","  5.3","24","  9.9","999.9","  45.0"," ","  30.0"," "," 0.04","G","999.9","010000"
"72422093820","2020-12-06","38.0408","-84.6058","298.7","LEXINGTON BLUEGRASS AIRPORT, KY US","  34.0","24","  28.9","24","1017.1","21","980.6","24","  8.3","24","  3.1","24","  8.0","999.9","  46.9"," ","  24.1"," "," 0.00","G","999.9","000000"
"72422093820","2020-12-07","38.0408","-84.6058","298.7","LEXINGTON BLUEGRASS AIRPORT, KY US","  33.4","24","  27.9","24","1014.5","22","978.1","24","  9.7","24","  7.0","24","  8.9","999.9","  46.9"," ","  24.1"," "," 0.02","G","999.9","010000"
"72422093820","2020-12-08","38.0408","-84.6058","298.7","LEXINGTON BLUEGRASS AIRPORT, KY US","  29.1","24","  20.4","24","1020.8","24","984.1","24"," 10.0","24","  3.6","24","  9.9","999.9","  34.0"," ","  24.1"," "," 0.00","G","999.9","000000"
"72422093820","2020-12-09","38.0408","-84.6058","298.7","LEXINGTON BLUEGRASS AIRPORT, KY US","  37.5","24","  28.2","24","1016.2","24","980.0","24","  9.7","24","  8.4","24"," 14.0"," 19.0","  54.0"," ","  24.1"," "," 0.00","G","999.9","000000"
"72422093820","2020-12-10","38.0408","-84.6058","298.7","LEXINGTON BLUEGRASS AIRPORT, KY US","  43.6","24","  33.5","24","1017.5","24","981.5","24"," 10.0","24","  5.3","24"," 11.1","999.9","  60.1"," ","  28.0"," "," 0.00","G","999.9","000000"
"72422093820","2020-12-11","38.0408","-84.6058","298.7","LEXINGTON BLUEGRASS AIRPORT, KY US","  50.9","24","  36.5","24","1017.1","24","981.4","24"," 10.0","24","  8.1","24"," 12.0"," 18.1","  64.9"," ","  28.9"," "," 0.00","G","999.9","000000"
"72422093820","2020-12-12","38.0408","-84.6058","298.7","LEXINGTON BLUEGRASS AIRPORT, KY US","  54.0","24","  44.7","24","1012.1","19","976.3","24","  9.7","24"," 11.0","24"," 15.9"," 31.1","  64.9"," ","  42.1"," "," 0.00","G","999.9","010000"
"72422093820","2020-12-13","38.0408","-84.6058","298.7","LEXINGTON BLUEGRASS AIRPORT, KY US","  40.8","24","  35.6","24","1018.3","22","982.6","24","  8.7","24","  4.3","24","  9.9"," 17.1","  60.1"," ","  33.1"," "," 0.06","G","999.9","000000"
"72422093820","2020-12-14","38.0408","-84.6058","298.7","LEXINGTON BLUEGRASS AIRPORT, KY US","  36.9","24","  32.8","24","1020.9","16","983.1","24","  8.1","24","  7.1","24"," 14.0","999.9","  44.1"," ","  28.9"," "," 0.27","G","999.9","010000"
"72422093820","2020-12-15","38.0408","-84.6058","298.7","LEXINGTON BLUEGRASS AIRPORT, KY US","  27.8","24","  19.6","24","1025.5","24","988.8","24","  9.9","24","  7.7","24"," 14.0"," 19.0","  39.0"," ","  19.9"," "," 0.22","G","999.9","000000"
"72422093820","2020-12-16","38.0408","-84.6058","298.7","LEXINGTON BLUEGRASS AIRPORT, KY US","  34.0","24","  28.5","24","1016.0","18","978.7","24","  8.2","24","  5.9","24"," 11.1","999.9","  39.0"," ","  19.9"," "," 0.07","G","999.9","011000"
"72422093820","2020-12-17","38.0408","-84.6058","298.7","LEXINGTON BLUEGRASS AIRPORT, KY US","  31.2","24","  28.2","24","1018.0","15","981.6","24","  6.3","24","  6.7","24","  9.9"," 17.1","  39.0"," ","  28.9"," "," 0.18","G","999.9","001000"
"72422093820","2020-12-18","38.0408","-84.6058","298.7","LEXINGTON BLUEGRASS AIRPORT, KY US","  30.2","24","  24.8","24","1028.5","21","991.6","24","  6.4","24","  3.4","24","  8.9","999.9","  37.9"," ","  21.9"," "," 0.00","G","999.9","000000"
"72422093820","2020-12-19","38.0408","-84.6058","298.7","LEXINGTON BLUEGRASS AIRPORT, KY US","  34.6","24","  25.4","24","1024.9","24","988.2","24"," 10.0","24","  7.6","24"," 11.1","999.9","  45.0"," ","  21.9"," "," 0.00","G","999.9","000000"
"72422093820","2020-12-20","38.0408","-84.6058","298.7","LEXINGTON BLUEGRASS AIRPORT, KY US","  39.6","24","  35.8","24","1017.4","15","981.1","24","  8.0","24","  7.0","24"," 14.0"," 24.1","  45.0"," ","  28.0"," "," 0.52","G","999.9","010000"
"72422093820","2020-12-21","38.0408","-84.6058","298.7","LEXINGTON BLUEGRASS AIRPORT, KY US","  37.7","24","  33.8","24","1012.5","22","976.4","24","  7.5","24"," 10.6","24"," 18.1"," 28.9","  48.0"," ","  30.9"," "," 0.41","G","999.9","000000"
"72422093820","2020-12-22","38.0408","-84.6058","298.7","LEXINGTON BLUEGRASS AIRPORT, KY US","  40.1","24","  26.9","24","1019.9","24","983.6","24"," 10.0","24","  8.4","24"," 14.0"," 31.1","  48.0"," ","  30.9"," "," 0.00","G","999.9","000000"
"72422093820","2020-12-23","38.0408","-84.6058","298.7","LEXINGTON BLUEGRASS AIRPORT, KY US","  41.3","24","  25.4","24","1019.8","24","983.5","24"," 10.0","24"," 10.6","24"," 21.0"," 29.9","  57.9"," ","  30.9"," "," 0.00","G","999.9","000000"
"72422093820","2020-12-24","38.0408","-84.6058","298.7","LEXINGTON BLUEGRASS AIRPORT, KY US","  39.3","24","  31.6","24","1008.6","18","972.8","24","  7.5","24"," 14.4","24"," 26.0"," 41.0","  57.9"," ","  23.0"," "," 0.37","G","  1.2","111000"
"72422093820","2020-12-25","38.0408","-84.6058","298.7","LEXINGTON BLUEGRASS AIRPORT, KY US","  16.8","24","   9.6","24","1014.6","18","977.2","24","  7.3","24","  9.2","24"," 15.9"," 24.1","  24.1","*","  12.0","*"," 0.09","G","  1.2","001000"
"72422093820","2020-12-26","38.0408","-84.6058","298.7","LEXINGTON BLUEGRASS AIRPORT, KY US","  18.6","24","   9.2","24","1019.9","23","982.8","24"," 10.0","24","  9.1","24"," 13.0"," 20.0","  36.0"," ","   9.0"," "," 0.01","G","  1.2","000000"
"72422093820","2020-12-27","38.0408","-84.6058","298.7","LEXINGTON BLUEGRASS AIRPORT, KY US","  36.5","24","  24.9","24","1017.7","24","981.3","24"," 10.0","24","  9.1","24"," 15.0"," 22.0","  53.1","*","  28.0","*"," 0.00","G","  1.2","000000"
"72422093820","2020-12-28","38.0408","-84.6058","298.7","LEXINGTON BLUEGRASS AIRPORT, KY US","  44.6","24","  30.4","24","1020.3","23","984.0","24"," 10.0","24"," 11.4","24"," 17.1"," 29.9","  54.0"," ","  28.9"," "," 0.00","G","999.9","000000"
"72422093820","2020-12-29","38.0408","-84.6058","298.7","LEXINGTON BLUEGRASS AIRPORT, KY US","  30.6","24","  22.3","24","1032.3","23","995.5","24"," 10.0","24","  6.4","24"," 13.0"," 17.1","  50.0"," ","  23.0"," "," 0.00","G","999.9","000000"
"72422093820","2020-12-30","38.0408","-84.6058","298.7","LEXINGTON BLUEGRASS AIRPORT, KY US","  44.5","24","  32.4","24","1021.1","24","984.8","24"," 10.0","24"," 12.7","24"," 20.0"," 31.1","  60.1"," ","  23.0"," "," 0.00","G","999.9","010000"
"72422093820","2020-12-31","38.0408","-84.6058","298.7","LEXINGTON BLUEGRASS AIRPORT, KY US","  37.1","24","  34.7","24","1021.4","18","981.7"," 9","  5.4","24","  8.0","24"," 13.0"," 24.1","  60.1"," ","  32.0"," "," 0.84","G","999.9","011000"
