"STATION","DATE","LATITUDE","LONGITUDE","ELEVATION","NAME","TEMP","TEMP_ATTRIBUTES","DEWP","DEWP_ATTRIBUTES","SLP","SLP_ATTRIBUTES","STP","STP_ATTRIBUTES","VISIB","VISIB_ATTRIBUTES","WDSP","WDSP_ATTRIBUTES","MXSPD","GUST","MAX","MAX_ATTRIBUTES","MIN","MIN_ATTRIBUTES","PRCP","PRCP_ATTRIBUTES","SNDP","FRSHTT"
"27373099999","2019-01-01","57.6666666","46.6333333","175.0","SAKUN JA, RS","  18.9"," 8","  16.3"," 8","1021.4"," 8","998.7"," 8","  5.4"," 8","  8.0"," 8","  9.7","999.9","  22.5","*","  16.9","*"," 0.03","F"," 10.6","001000"
"27373099999","2019-01-02","57.6666666","46.6333333","175.0","SAKUN JA, RS","  19.6"," 8","  16.3"," 8","1016.7"," 8","994.1"," 8"," 13.2"," 8"," 10.2"," 8"," 11.7","999.9","  22.8","*","  16.0"," "," 0.00","F"," 10.6","001000"
"27373099999","2019-01-03","57.6666666","46.6333333","175.0","SAKUN JA, RS","  22.5"," 8","  20.0"," 8","1021.1"," 8","998.5"," 8","  3.9"," 8","  8.3"," 8","  9.7","999.9","  23.9","*","  21.0"," "," 0.08","F"," 10.6","001000"
"27373099999","2019-01-04","57.6666666","46.6333333","175.0","SAKUN JA, RS","  19.0"," 8","  15.6"," 8","1018.2"," 8","995.5"," 8","  3.9"," 8","  6.1"," 8","  7.8","999.9","  22.5","*","  16.0","*"," 0.12","F"," 10.6","001000"
"27373099999","2019-01-05","57.6666666","46.6333333","175.0","SAKUN JA, RS","  16.1"," 8","  13.1"," 8","1011.8"," 8","989.2"," 8"," 10.9"," 8","  4.6"," 8","  5.8","999.9","  17.2"," ","  14.2","*"," 0.05","F"," 11.0","001000"
"27373099999","2019-01-06","57.6666666","46.6333333","175.0","SAKUN JA, RS","   6.1"," 8","   3.4"," 8","1015.9"," 8","992.7"," 8","  8.5"," 8","  4.6"," 8","  5.8","999.9","  12.4","*","  -0.8","*"," 0.09","F"," 11.4","001000"
"27373099999","2019-01-07","57.6666666","46.6333333","175.0","SAKUN JA, RS","   4.8"," 8","   1.9"," 8","1018.5"," 8","995.2"," 8"," 10.1"," 8","  4.9"," 8","  7.8","999.9","   9.7","*","  -5.3"," "," 0.01","F"," 11.4","001000"
"27373099999","2019-01-08","57.6666666","46.6333333","175.0","SAKUN JA, RS","  12.3"," 8","   9.8"," 8","1010.6"," 8","987.8"," 8","  6.2"," 8","  7.0"," 8","  9.7"," 15.5","  13.8"," ","   9.0"," "," 0.02","F"," 11.4","001000"
"27373099999","2019-01-09","57.6666666","46.6333333","175.0","SAKUN JA, RS","  13.3"," 8","  11.4"," 8","1016.5"," 8","993.5"," 8","  6.2"," 8","  5.6"," 8","  5.8","999.9","  14.9"," ","  11.5"," "," 0.00","F"," 11.4","001000"
"27373099999","2019-01-10","57.6666666","46.6333333","175.0","SAKUN JA, RS","   9.8"," 8","   8.1"," 8","1022.1"," 8","998.9"," 8"," 13.2"," 8","  6.8"," 8","  7.8","999.9","  16.2","*","   2.3"," "," 0.01","F"," 11.4","001000"
"27373099999","2019-01-11","57.6666666","46.6333333","175.0","SAKUN JA, RS","  15.0"," 8","  13.3"," 8","1013.9"," 8","991.2"," 8"," 10.1"," 8","  7.0"," 8","  9.7","999.9","  17.4"," ","  11.5"," "," 0.01","F"," 11.4","001000"
"27373099999","2019-01-12","57.6666666","46.6333333","175.0","SAKUN JA, RS","  13.7"," 8","  11.2"," 8"," 997.7"," 8","975.3"," 8","  6.2"," 8","  8.3"," 8","  9.7","999.9","  15.4"," ","  12.6","*"," 0.02","F"," 11.8","001000"
"27373099999","2019-01-13","57.6666666","46.6333333","175.0","SAKUN JA, RS","  11.9"," 8","   9.2"," 8"," 994.5"," 8","972.1"," 8","  6.2"," 8","  9.2"," 8"," 11.7","999.9","  14.5","*","   9.3"," "," 0.06","F"," 11.8","001000"
"27373099999","2019-01-14","57.6666666","46.6333333","175.0","SAKUN JA, RS","  17.6"," 8","  14.7"," 8"," 999.3"," 8","977.0"," 8","  8.5"," 8","  9.0"," 8","  9.7","999.9","  21.0","*","  11.7"," "," 0.02","F"," 12.2","001000"
"27373099999","2019-01-15","57.6666666","46.6333333","175.0","SAKUN JA, RS","  22.6"," 8","  20.2"," 8","1000.1"," 8","977.8"," 8"," 10.1"," 8"," 10.4"," 8"," 11.7","999.9","  24.8","*","  19.8"," "," 0.09","F"," 12.2","001000"
"27373099999","2019-01-16","57.6666666","46.6333333","175.0","SAKUN JA, RS","  24.6"," 8","  22.6"," 8"," 997.9"," 8","975.9"," 8","  2.5"," 8","  4.6"," 8","  5.8","999.9","  26.8"," ","  21.6"," "," 0.27","F"," 12.6","001000"
"27373099999","2019-01-17","57.6666666","46.6333333","175.0","SAKUN JA, RS","  19.5"," 8","  16.0"," 8","1001.5"," 8","979.3"," 8","  6.2"," 8"," 10.2"," 8"," 13.6","999.9","  21.7","*","  16.7"," "," 0.05","F"," 13.8","001000"
"27373099999","2019-01-18","57.6666666","46.6333333","175.0","SAKUN JA, RS","  27.6"," 8","  24.0"," 8"," 998.0"," 8","976.2"," 8","  8.5"," 8"," 12.4"," 8"," 13.6","999.9","  31.1","*","  19.8"," "," 0.13","F"," 14.2","001000"
"27373099999","2019-01-19","57.6666666","46.6333333","175.0","SAKUN JA, RS","  21.7"," 8","  18.5"," 8","1003.6"," 8","981.4"," 8"," 10.7"," 8","  8.7"," 8"," 13.6","999.9","  31.1"," ","  12.2","*"," 0.17","F"," 14.6","001000"
"27373099999","2019-01-20","57.6666666","46.6333333","175.0","SAKUN JA, RS","  13.6"," 8","  10.3"," 8","1009.6"," 8","986.9"," 8"," 13.2"," 8","  7.5"," 8","  9.7","999.9","  16.9","*","   6.1","*"," 0.00","F","999.9","001000"
"27373099999","2019-01-21","57.6666666","46.6333333","175.0","SAKUN JA, RS","  16.5"," 8","  13.6"," 8","1005.7"," 8","983.2"," 8","  4.7"," 8","  8.3"," 8"," 11.7","999.9","  21.2"," ","   3.2","*"," 0.05","F"," 14.6","001000"
"27373099999","2019-01-22","57.6666666","46.6333333","175.0","SAKUN JA, RS","  -1.7"," 8","  -4.2"," 8","1011.1"," 8","987.6"," 8"," 10.9"," 8","  3.6"," 8","  5.8","999.9","   2.3"," ","  -8.5","*"," 0.00","F"," 14.6","000000"
"27373099999","2019-01-23","57.6666666","46.6333333","175.0","SAKUN JA, RS","  -3.7"," 8","  -6.3"," 8","1020.5"," 8","996.7"," 8"," 13.2"," 8","  4.6"," 8","  7.8","999.9","  -1.5","*","  -9.0"," "," 0.00","F"," 14.6","001000"
"27373099999","2019-01-24","57.6666666","46.6333333","175.0","SAKUN JA, RS","   0.9"," 8","  -2.1"," 8","1019.7"," 8","996.1"," 8"," 13.2"," 8","  7.0"," 8","  9.7","999.9","   4.1","*","  -3.1"," "," 0.01","F"," 14.6","001000"
"27373099999","2019-01-25","57.6666666","46.6333333","175.0","SAKUN JA, RS","  -1.3"," 8","  -4.7"," 8","1019.8"," 8","996.1"," 8"," 10.9"," 8","  4.6"," 8","  7.8","999.9","   3.6"," ","  -5.4"," "," 0.04","F"," 14.6","001000"
"27373099999","2019-01-26","57.6666666","46.6333333","175.0","SAKUN JA, RS","   0.0"," 8","  -2.7"," 8","1030.0"," 8","006.1"," 8"," 10.9"," 8","  5.6"," 8"," 13.6","999.9","   7.9","*"," -10.8"," "," 0.00","F"," 14.6","001000"
"27373099999","2019-01-27","57.6666666","46.6333333","175.0","SAKUN JA, RS","  10.8"," 8","   2.0"," 8","1020.8"," 8","997.7"," 8"," 10.9"," 8"," 15.3"," 8"," 19.4","999.9","  12.9","*","   4.1"," "," 0.08","F"," 14.6","001000"
"27373099999","2019-01-28","57.6666666","46.6333333","175.0","SAKUN JA, RS","  13.8"," 8","  10.3"," 8","1019.5"," 8","996.5"," 8","  4.7"," 8","  8.3"," 8","  9.7","999.9","  16.2"," ","  11.7"," "," 0.20","F"," 15.0","001000"
"27373099999","2019-01-29","57.6666666","46.6333333","175.0","SAKUN JA, RS","  14.2"," 8","  11.8"," 8","1021.4"," 8","998.4"," 8","  6.2"," 8","  4.9"," 8","  5.8","999.9","  16.9","*","   9.9"," "," 0.04","F"," 15.7","001000"
"27373099999","2019-01-30","57.6666666","46.6333333","175.0","SAKUN JA, RS","  19.5"," 8","  14.3"," 8","1022.1"," 8","999.3"," 8"," 13.2"," 8","  7.0"," 8","  9.7","999.9","  22.3","*","  15.1"," "," 0.00","F"," 15.7","001000"
"27373099999","2019-01-31","57.6666666","46.6333333","175.0","SAKUN JA, RS","  24.7"," 8","  21.8"," 8","1019.6"," 8","997.2"," 8","  7.1"," 8","  8.0"," 8"," 11.7","999.9","  27.1"," ","  20.8"," "," 0.15","F"," 15.7","001000"
"27373099999","2019-02-01","57.6666666","46.6333333","175.0","SAKUN JA, RS","  19.4"," 8","  16.7"," 8","1021.5"," 8","998.8"," 8","  4.7"," 8","  6.1"," 8","  9.7","999.9","  21.4","*","  17.2","*"," 0.03","F"," 15.7","001000"
"27373099999","2019-02-02","57.6666666","46.6333333","175.0","SAKUN JA, RS","  18.0"," 8","  15.2"," 8","1023.8"," 8","001.0"," 8","  8.5"," 8","  3.1"," 5","  3.9","999.9","  20.8"," ","  15.8"," "," 0.05","F"," 15.7","000000"
"27373099999","2019-02-03","57.6666666","46.6333333","175.0","SAKUN JA, RS","  19.9"," 8","  16.8"," 8","1025.2"," 8","002.5"," 8","  8.5"," 8","  3.9"," 8","  5.8","999.9","  22.5"," ","  16.9"," "," 0.02","F"," 15.7","001000"
"27373099999","2019-02-04","57.6666666","46.6333333","175.0","SAKUN JA, RS","   6.0"," 8","   1.0"," 8","1031.4"," 8","007.8"," 8"," 10.9"," 8","  9.2"," 8"," 11.7","999.9","  18.9","*","  -4.9","*"," 0.09","F"," 16.9","001000"
"27373099999","2019-02-05","57.6666666","46.6333333","175.0","SAKUN JA, RS","   0.8"," 7","  -2.5"," 7","1029.6"," 7","005.7"," 7","  3.9"," 7","  9.7"," 5"," 13.6"," 19.4","   6.3","*","  -5.8"," "," 0.04","E"," 16.9","001000"
"27373099999","2019-02-06","57.6666666","46.6333333","175.0","SAKUN JA, RS","   9.1"," 8","   6.7"," 8","1030.1"," 8","006.7"," 8"," 10.9"," 8","  6.6"," 8","  9.7","999.9","  14.4"," ","   1.9"," "," 0.00","F"," 16.9","001000"
"27373099999","2019-02-07","57.6666666","46.6333333","175.0","SAKUN JA, RS","  13.0"," 8","  10.6"," 8","1017.4"," 8","994.4"," 8","  7.8"," 8","  5.6"," 8","  9.7","999.9","  16.0"," ","   7.9"," "," 0.16","F"," 17.7","001000"
"27373099999","2019-02-08","57.6666666","46.6333333","175.0","SAKUN JA, RS","  21.1"," 8","  18.5"," 8","1020.8"," 8","998.1"," 8"," 13.2"," 8","  4.9"," 8","  7.8","999.9","  25.0"," ","  10.9"," "," 0.00","F"," 18.5","001000"
"27373099999","2019-02-09","57.6666666","46.6333333","175.0","SAKUN JA, RS","  25.1"," 8","  23.8"," 8","1018.6"," 8","996.2"," 8"," 10.1"," 8","  8.3"," 8","  9.7","999.9","  26.4"," ","  23.4"," "," 0.04","F"," 18.5","001000"
"27373099999","2019-02-10","57.6666666","46.6333333","175.0","SAKUN JA, RS","  22.0"," 8","  18.9"," 8","1019.2"," 8","996.8"," 8","  7.3"," 8","  9.5"," 8"," 11.7","999.9","  25.0","*","  19.6","*"," 0.01","F"," 18.9","001000"
"27373099999","2019-02-11","57.6666666","46.6333333","175.0","SAKUN JA, RS","  21.2"," 8","  18.9"," 8","1020.3"," 8","997.7"," 8","  8.5"," 8","  8.0"," 8","  9.7","999.9","  22.5"," ","  19.4","*"," 0.00","F"," 18.9","001000"
"27373099999","2019-02-12","57.6666666","46.6333333","175.0","SAKUN JA, RS","  24.1"," 8","  21.0"," 8","1020.2"," 8","997.8"," 8"," 13.2"," 8"," 10.0"," 8"," 11.7","999.9","  26.4"," ","  19.4"," "," 0.00","F"," 18.9","001000"
"27373099999","2019-02-13","57.6666666","46.6333333","175.0","SAKUN JA, RS","  24.7"," 8","  18.0"," 8","1013.7"," 8","991.4"," 8","  8.5"," 8"," 12.4"," 8"," 15.5","999.9","  28.2"," ","  22.1","*"," 0.12","F"," 19.3","001000"
"27373099999","2019-02-14","57.6666666","46.6333333","175.0","SAKUN JA, RS","  22.6"," 8","  19.8"," 8","1017.1"," 8","994.7"," 8","  9.6"," 8","  5.8"," 8","  7.8","999.9","  26.2","*","  16.5","*"," 0.05","F"," 18.5","001000"
"27373099999","2019-02-15","57.6666666","46.6333333","175.0","SAKUN JA, RS","  24.4"," 8","  22.2"," 8","1005.6"," 8","983.5"," 8","  2.0"," 8","  9.0"," 8"," 11.7","999.9","  31.6","*","  15.3"," "," 0.28","F"," 18.5","001000"
"27373099999","2019-02-16","57.6666666","46.6333333","175.0","SAKUN JA, RS","  29.5"," 8","  25.6"," 8","1002.5"," 8","980.6"," 8","  5.0"," 8","  8.0"," 8"," 13.6","999.9","  32.9"," ","  22.8","*"," 0.09","F"," 20.5","001000"
"27373099999","2019-02-17","57.6666666","46.6333333","175.0","SAKUN JA, RS","  27.8"," 8","  25.2"," 8"," 989.4"," 8","967.8"," 8","  3.6"," 8","  8.0"," 8"," 11.7","999.9","  30.6"," ","  21.7"," "," 0.08","F"," 19.7","001000"
"27373099999","2019-02-18","57.6666666","46.6333333","175.0","SAKUN JA, RS","  21.4"," 8","  13.1"," 8","1002.0"," 8","979.8"," 8","  4.8"," 8"," 12.9"," 8"," 15.5","999.9","  30.0","*","  12.9","*"," 0.04","F"," 19.7","001000"
"27373099999","2019-02-19","57.6666666","46.6333333","175.0","SAKUN JA, RS","  12.9"," 8","   9.2"," 8","1012.0"," 8","989.2"," 8"," 13.2"," 8","  5.8"," 8"," 11.7","999.9","  21.2","*","  -1.8"," "," 0.02","F"," 18.9","001000"
"27373099999","2019-02-20","57.6666666","46.6333333","175.0","SAKUN JA, RS","  25.7"," 8","  21.0"," 8"," 999.7"," 8","977.7"," 8"," 13.2"," 8"," 10.2"," 8"," 13.6","999.9","  28.8","*","  17.2"," "," 0.00","F"," 18.9","001000"
"27373099999","2019-02-21","57.6666666","46.6333333","175.0","SAKUN JA, RS","  30.9"," 8","  29.1"," 8"," 996.6"," 8","975.0"," 8","  8.5"," 8","  7.5"," 8","  9.7","999.9","  32.2"," ","  25.7"," "," 0.04","F"," 18.9","001000"
"27373099999","2019-02-22","57.6666666","46.6333333","175.0","SAKUN JA, RS","  18.0"," 8","  14.1"," 8","1008.8"," 8","986.3"," 8","  3.9"," 8"," 10.2"," 8"," 11.7","999.9","  30.4","*","  11.5","*"," 0.11","F"," 18.9","001000"
"27373099999","2019-02-23","57.6666666","46.6333333","175.0","SAKUN JA, RS","  10.3"," 8","  -0.1"," 8","1023.6"," 8","000.4"," 8"," 13.2"," 8","  6.6"," 8"," 11.7","999.9","  16.7"," ","   3.2","*"," 0.00","F"," 18.9","000000"
"27373099999","2019-02-24","57.6666666","46.6333333","175.0","SAKUN JA, RS","  16.8"," 8","  13.8"," 8","1018.8"," 8","996.0"," 8"," 10.9"," 8","  6.3"," 8","  7.8","999.9","  20.7"," ","   9.0"," "," 0.00","F"," 18.9","001000"
"27373099999","2019-02-25","57.6666666","46.6333333","175.0","SAKUN JA, RS","  22.9"," 8","  20.9"," 8","1004.1"," 8","981.9"," 8","  6.2"," 8","  8.0"," 8","  9.7","999.9","  25.0"," ","  18.7"," "," 0.02","F"," 18.9","001000"
"27373099999","2019-02-26","57.6666666","46.6333333","175.0","SAKUN JA, RS","  28.0"," 8","  25.8"," 8","1001.2"," 8","979.3"," 8","  6.2"," 8","  2.8"," 7","  5.8","999.9","  32.4"," ","  24.6"," "," 0.02","F"," 19.3","000000"
"27373099999","2019-02-27","57.6666666","46.6333333","175.0","SAKUN JA, RS","  21.6"," 8","  17.5"," 8","1005.3"," 8","983.1"," 8","  6.2"," 8","  5.1"," 8","  7.8","999.9","  29.1","*","  17.4","*"," 0.02","F"," 19.3","001000"
"27373099999","2019-02-28","57.6666666","46.6333333","175.0","SAKUN JA, RS","  19.1"," 8","  15.0"," 8"," 988.3"," 8","966.3"," 8"," 11.3"," 8","  5.6"," 8","  9.7","999.9","  24.3"," ","  14.0"," "," 0.09","F"," 19.3","001000"
"27373099999","2019-03-01","57.6666666","46.6333333","175.0","SAKUN JA, RS","  23.1"," 8","  17.3"," 8"," 989.4"," 8","967.6"," 8"," 16.8"," 8","  4.4"," 8","  7.8","999.9","  28.9"," ","  17.6"," "," 0.00","F"," 19.3","001000"
"27373099999","2019-03-02","57.6666666","46.6333333","175.0","SAKUN JA, RS","  13.5"," 8","   6.8"," 8"," 999.4"," 8","976.9"," 8"," 16.8"," 8","  7.0"," 8","  9.7","999.9","  21.6"," ","   6.4","*"," 0.00","F"," 19.3","000000"
"27373099999","2019-03-03","57.6666666","46.6333333","175.0","SAKUN JA, RS","  11.4"," 8","   7.9"," 8"," 996.8"," 8","974.2"," 8"," 13.2"," 8","  6.4"," 7"," 11.7","999.9","  22.1"," ","  -5.8"," "," 0.02","F"," 19.3","001000"
"27373099999","2019-03-04","57.6666666","46.6333333","175.0","SAKUN JA, RS","  11.0"," 8","   8.8"," 8"," 997.8"," 8","975.2"," 8"," 16.8"," 8","  3.6"," 6","  5.8","999.9","  19.4"," ","   3.2"," "," 0.02","F"," 19.7","001000"
"27373099999","2019-03-05","57.6666666","46.6333333","175.0","SAKUN JA, RS","  25.6"," 8","  22.7"," 8"," 994.4"," 8","972.6"," 8"," 10.6"," 8"," 10.9"," 8"," 15.5","999.9","  33.3","*","   3.9"," "," 0.12","F"," 19.3","011000"
"27373099999","2019-03-06","57.6666666","46.6333333","175.0","SAKUN JA, RS","  27.9"," 8","  25.3"," 8"," 991.7"," 8","969.9"," 8","  6.2"," 8"," 10.7"," 8"," 13.6","999.9","  35.2"," ","  14.7","*"," 0.39","F"," 20.5","011000"
"27373099999","2019-03-07","57.6666666","46.6333333","175.0","SAKUN JA, RS","  18.4"," 8","   4.4"," 8","1017.8"," 8","995.1"," 8"," 16.8"," 8","  9.0"," 8"," 13.6","999.9","  27.9"," ","   8.6"," "," 0.00","F"," 20.1","000000"
"27373099999","2019-03-08","57.6666666","46.6333333","175.0","SAKUN JA, RS","  26.1"," 8","  15.3"," 8","1015.2"," 8","993.0"," 8"," 16.8"," 8"," 11.9"," 8"," 15.5","999.9","  30.2"," ","  18.3"," "," 0.00","F"," 17.7","001000"
"27373099999","2019-03-09","57.6666666","46.6333333","175.0","SAKUN JA, RS","  34.1"," 8","  31.1"," 8","1003.4"," 8","981.8"," 8"," 12.1"," 8"," 10.4"," 8"," 11.7","999.9","  37.4"," ","  28.0"," "," 0.03","F"," 18.1","000000"
"27373099999","2019-03-10","57.6666666","46.6333333","175.0","SAKUN JA, RS","  33.8"," 8","  22.6"," 8","1003.7"," 8","982.0"," 8"," 16.8"," 8","  9.5"," 8"," 11.7","999.9","  41.7"," ","  25.0"," "," 0.00","F"," 17.7","000000"
"27373099999","2019-03-11","57.6666666","46.6333333","175.0","SAKUN JA, RS","  33.4"," 8","  30.7"," 8"," 997.0"," 8","975.5"," 8"," 10.6"," 8","  4.6"," 8","  5.8","999.9","  35.6"," ","  32.0","*"," 0.08","F"," 16.1","001000"
"27373099999","2019-03-12","57.6666666","46.6333333","175.0","SAKUN JA, RS","  30.5"," 8","  28.4"," 8"," 997.3"," 8","975.7"," 8","  2.5"," 8","  5.3"," 8","  7.8","999.9","  33.6"," ","  24.6","*"," 0.20","F"," 16.9","001000"
"27373099999","2019-03-13","57.6666666","46.6333333","175.0","SAKUN JA, RS","  21.3"," 7","  17.0"," 7","1009.6"," 7","987.3"," 7"," 14.7"," 7","  5.0"," 7","  7.8","999.9","  30.7"," ","  16.5","*"," 0.02","F"," 16.5","000000"
"27373099999","2019-03-14","57.6666666","46.6333333","175.0","SAKUN JA, RS","  22.3"," 8","  17.7"," 8","1016.0"," 8","993.6"," 8"," 13.7"," 8","  3.2"," 6","  5.8","999.9","  30.6"," ","   6.3"," "," 0.00","F"," 16.9","001000"
"27373099999","2019-03-15","57.6666666","46.6333333","175.0","SAKUN JA, RS","  24.1"," 8","  11.5"," 8","1020.5"," 8","998.0"," 8"," 16.8"," 8","  5.6"," 8"," 13.6","999.9","  33.4"," ","  11.3"," "," 0.00","F"," 16.5","000000"
"27373099999","2019-03-16","57.6666666","46.6333333","175.0","SAKUN JA, RS","  27.2"," 7","  17.9"," 7","1017.2"," 7","994.9"," 7"," 20.2"," 7","  8.9"," 7"," 11.7","999.9","  31.8"," ","  19.9"," "," 0.00","F"," 16.5","001000"
"27373099999","2019-03-17","57.6666666","46.6333333","175.0","SAKUN JA, RS","  29.2"," 8","  25.6"," 8","1018.5"," 8","996.3"," 8"," 17.2"," 8","  6.8"," 8","  9.7","999.9","  31.3"," ","  26.1"," "," 0.08","F"," 16.5","001000"
"27373099999","2019-03-18","57.6666666","46.6333333","175.0","SAKUN JA, RS","  34.0"," 8","  29.3"," 8","1024.9"," 8","002.8"," 8"," 20.4"," 8","  6.3"," 8","  9.7","999.9","  37.9"," ","  30.2"," "," 0.00","F"," 16.5","000000"
"27373099999","2019-03-19","57.6666666","46.6333333","175.0","SAKUN JA, RS","  35.4"," 8","  29.6"," 8","1022.8"," 8","000.8"," 8"," 20.4"," 8","  8.7"," 8"," 11.7","999.9","  41.0"," ","  32.4"," "," 0.00","F"," 16.5","000000"
"27373099999","2019-03-20","57.6666666","46.6333333","175.0","SAKUN JA, RS","  35.5"," 8","  32.7"," 8","1020.1"," 8","998.2"," 8"," 10.3"," 8","  6.1"," 8","  7.8","999.9","  38.7"," ","  33.8","*"," 0.04","F"," 15.4","010000"
"27373099999","2019-03-21","57.6666666","46.6333333","175.0","SAKUN JA, RS","  34.8"," 8","  29.2"," 8","1018.1"," 8","996.2"," 8"," 20.4"," 8","  4.1"," 8","  5.8","999.9","  39.0"," ","  30.2"," "," 0.00","F"," 13.0","000000"
"27373099999","2019-03-22","57.6666666","46.6333333","175.0","SAKUN JA, RS","  33.9"," 8","  25.2"," 8","1012.7"," 8","990.9"," 8"," 20.4"," 8","  5.3"," 8","  7.8","999.9","  37.4"," ","  30.7"," "," 0.00","F"," 12.6","011000"
"27373099999","2019-03-23","57.6666666","46.6333333","175.0","SAKUN JA, RS","  35.9"," 8","  21.1"," 8","1020.0"," 8","998.0"," 8"," 20.4"," 8","  4.4"," 8","  5.8","999.9","  42.1"," ","  30.2"," "," 0.00","F"," 12.6","000000"
"27373099999","2019-03-24","57.6666666","46.6333333","175.0","SAKUN JA, RS","  32.2"," 8","  25.9"," 8","1013.4"," 8","991.5"," 8"," 20.4"," 8","  7.3"," 8","  9.7","999.9","  36.7"," ","  27.7"," "," 0.00","E"," 12.6","000000"
"27373099999","2019-03-25","57.6666666","46.6333333","175.0","SAKUN JA, RS","  31.3"," 8","  27.7"," 8"," 999.4"," 8","977.8"," 8"," 11.0"," 8","  6.8"," 8"," 11.7","999.9","  33.1","*","  28.8"," "," 0.02","F"," 11.0","001000"
"27373099999","2019-03-26","57.6666666","46.6333333","175.0","SAKUN JA, RS","  36.2"," 8","  22.2"," 8","1005.5"," 8","983.9"," 8"," 20.4"," 8","  7.0"," 8","  7.8","999.9","  43.7"," ","  30.4"," "," 0.00","F"," 11.0","000000"
"27373099999","2019-03-27","57.6666666","46.6333333","175.0","SAKUN JA, RS","  32.8"," 8","  29.2"," 8","1012.3"," 8","990.4"," 8"," 12.6"," 8","  5.5"," 6","  9.7","999.9","  35.2"," ","  30.2"," "," 0.04","F"," 11.0","001000"
"27373099999","2019-03-28","57.6666666","46.6333333","175.0","SAKUN JA, RS","  32.9"," 8","  28.0"," 8","1014.1"," 8","992.2"," 8"," 16.5"," 8","  4.5"," 6","  7.8","999.9","  37.0"," ","  30.0"," "," 0.16","F"," 13.0","011000"
"27373099999","2019-03-29","57.6666666","46.6333333","175.0","SAKUN JA, RS","  33.4"," 8","  21.7"," 8","1010.6"," 8","988.8"," 8"," 18.0"," 8","  6.6"," 8","  7.8","999.9","  41.0"," ","  28.4"," "," 0.04","F"," 11.4","001000"
"27373099999","2019-03-30","57.6666666","46.6333333","175.0","SAKUN JA, RS","  34.7"," 8","  29.1"," 8","1003.2"," 8","981.6"," 8"," 20.4"," 8"," 10.0"," 8"," 11.7","999.9","  38.8"," ","  28.6"," "," 0.08","F"," 11.4","001000"
"27373099999","2019-03-31","57.6666666","46.6333333","175.0","SAKUN JA, RS","  39.8"," 8","  30.2"," 8","1003.8"," 8","982.3"," 8"," 20.4"," 8","  7.8"," 8","  9.7","999.9","  47.1"," ","  32.0"," "," 0.00","F"," 11.0","000000"
"27373099999","2019-04-01","57.6666666","46.6333333","175.0","SAKUN JA, RS","  37.6"," 8","  23.5"," 8","1009.4"," 8","987.8"," 8"," 20.4"," 8","  6.9"," 7"," 11.7","999.9","  43.7"," ","  30.6","*"," 0.02","F","  9.8","011000"
"27373099999","2019-04-02","57.6666666","46.6333333","175.0","SAKUN JA, RS","  33.3"," 8","  17.0"," 8","1025.6"," 8","003.5"," 8"," 20.4"," 8","  3.2"," 8","  3.9","999.9","  42.6"," ","  21.9"," "," 0.00","F","  7.9","000000"
"27373099999","2019-04-03","57.6666666","46.6333333","175.0","SAKUN JA, RS","  36.8"," 8","  13.2"," 8","1026.9"," 8","004.9"," 8"," 20.4"," 8","  4.6"," 8","  5.8","999.9","  46.6"," ","  24.8"," "," 0.00","F","  7.9","000000"
"27373099999","2019-04-04","57.6666666","46.6333333","175.0","SAKUN JA, RS","  38.3"," 8","  14.8"," 8","1025.0"," 8","003.1"," 8"," 20.4"," 8","  4.4"," 8","  5.8","999.9","  49.8"," ","  26.6"," "," 0.00","F","  5.9","000000"
"27373099999","2019-04-05","57.6666666","46.6333333","175.0","SAKUN JA, RS","  38.3"," 8","  19.4"," 8","1025.2"," 8","003.3"," 8"," 20.4"," 8","  5.1"," 8"," 11.7","999.9","  46.9"," ","  28.4"," "," 0.00","F","  4.7","000000"
"27373099999","2019-04-06","57.6666666","46.6333333","175.0","SAKUN JA, RS","  39.3"," 8","  27.7"," 8","1029.9"," 8","007.9"," 8"," 20.4"," 8","  5.3"," 8","  7.8","999.9","  45.3"," ","  29.8"," "," 0.00","F","  4.3","000000"
"27373099999","2019-04-07","57.6666666","46.6333333","175.0","SAKUN JA, RS","  35.9"," 8","  33.0"," 8","1020.9"," 8","999.0"," 8"," 13.4"," 8","  7.0"," 8","  9.7","999.9","  39.0"," ","  34.2"," "," 0.24","F","  3.9","010000"
"27373099999","2019-04-08","57.6666666","46.6333333","175.0","SAKUN JA, RS","  39.6"," 8","  27.1"," 8","1021.3"," 8","999.6"," 8"," 20.4"," 8","  4.9"," 8","  5.8","999.9","  50.2"," ","  31.3"," "," 0.01","F","  3.5","000000"
"27373099999","2019-04-09","57.6666666","46.6333333","175.0","SAKUN JA, RS","  41.2"," 8","  25.7"," 8","1019.2"," 8","997.5"," 8"," 27.5"," 8","  7.8"," 8","  9.7","999.9","  49.3"," ","  31.1"," "," 0.00","F","  3.1","000000"
"27373099999","2019-04-10","57.6666666","46.6333333","175.0","SAKUN JA, RS","  46.0"," 8","  37.3"," 8","1016.7"," 8","995.3"," 8"," 20.4"," 8","  8.3"," 8","  9.7","999.9","  52.7"," ","  36.0"," "," 0.00","F","  2.8","000000"
"27373099999","2019-04-11","57.6666666","46.6333333","175.0","SAKUN JA, RS","  44.5"," 8","  41.3"," 8","1016.8"," 8","995.4"," 8"," 18.0"," 8","  5.1"," 8","  7.8","999.9","  50.7"," ","  37.0","*"," 0.24","F","  2.4","010000"
"27373099999","2019-04-12","57.6666666","46.6333333","175.0","SAKUN JA, RS","  35.7"," 8","  30.5"," 8","1021.4"," 8","999.4"," 8"," 18.0"," 8","  3.3"," 7","  5.8","999.9","  39.6"," ","  32.2"," "," 0.08","F","999.9","000000"
"27373099999","2019-04-13","57.6666666","46.6333333","175.0","SAKUN JA, RS","  36.2"," 8","  20.3"," 8","1024.5"," 8","002.5"," 8"," 20.4"," 8","  5.3"," 8","  7.8","999.9","  42.3"," ","  30.0"," "," 0.00","F","999.9","000000"
"27373099999","2019-04-14","57.6666666","46.6333333","175.0","SAKUN JA, RS","  33.5"," 8","  12.8"," 8","1028.0"," 8","005.8"," 8"," 20.4"," 8","  5.8"," 8","  7.8","999.9","  41.4"," ","  27.7"," "," 0.00","F","999.9","000000"
"27373099999","2019-04-15","57.6666666","46.6333333","175.0","SAKUN JA, RS","  37.9"," 8","  18.2"," 8","1025.9"," 8","004.0"," 8"," 20.4"," 8","  5.3"," 8","  9.7","999.9","  48.4"," ","  22.8"," "," 0.00","F","999.9","000000"
"27373099999","2019-04-16","57.6666666","46.6333333","175.0","SAKUN JA, RS","  38.2"," 8","  22.1"," 8","1024.5"," 8","002.6"," 8"," 20.4"," 8","  8.5"," 8"," 13.6","999.9","  42.6"," ","  29.1","*"," 0.00","F","999.9","000000"
"27373099999","2019-04-17","57.6666666","46.6333333","175.0","SAKUN JA, RS","  30.5"," 8","   4.4"," 8","1034.6"," 8","012.1"," 8"," 20.4"," 8","  4.1"," 8","  5.8","999.9","  39.4"," ","  21.7"," "," 0.00","F","999.9","000000"
"27373099999","2019-04-18","57.6666666","46.6333333","175.0","SAKUN JA, RS","  35.1"," 8","   7.8"," 8","1030.1"," 8","007.9"," 8"," 20.4"," 8","  3.6"," 7","  5.8","999.9","  46.0"," ","  21.4"," "," 0.00","F","999.9","000000"
"27373099999","2019-04-19","57.6666666","46.6333333","175.0","SAKUN JA, RS","  37.2"," 8","  17.6"," 8","1028.2"," 8","006.1"," 8"," 20.4"," 8","  4.6"," 8","  7.8","999.9","  50.0"," ","  25.2"," "," 0.00","F","999.9","000000"
"27373099999","2019-04-20","57.6666666","46.6333333","175.0","SAKUN JA, RS","  44.1"," 8","  22.5"," 8","1025.4"," 8","003.7"," 8"," 20.4"," 8","  3.6"," 8","  5.8","999.9","  56.3"," ","  26.8"," "," 0.00","F","999.9","000000"
"27373099999","2019-04-21","57.6666666","46.6333333","175.0","SAKUN JA, RS","  47.3"," 8","  23.3"," 8","1026.6"," 8","005.0"," 8"," 20.4"," 8","  3.6"," 8","  5.8","999.9","  60.3"," ","  31.5"," "," 0.00","F","999.9","000000"
"27373099999","2019-04-22","57.6666666","46.6333333","175.0","SAKUN JA, RS","  49.5"," 8","  26.6"," 8","1024.3"," 8","002.9"," 8"," 20.4"," 8","  5.1"," 8","  9.7","999.9","  61.9"," ","  35.1"," "," 0.00","F","999.9","000000"
"27373099999","2019-04-23","57.6666666","46.6333333","175.0","SAKUN JA, RS","  47.6"," 8","  27.3"," 8","1022.6"," 8","001.1"," 8"," 20.4"," 8","  4.6"," 8","  7.8","999.9","  56.5"," ","  38.1","*"," 0.00","F","999.9","000000"
"27373099999","2019-04-24","57.6666666","46.6333333","175.0","SAKUN JA, RS","  55.9"," 8","  30.9"," 8","1019.5"," 8","998.5"," 8"," 20.4"," 8","  6.1"," 8","  9.7","999.9","  68.5"," ","  37.0"," "," 0.00","F","999.9","000000"
"27373099999","2019-04-25","57.6666666","46.6333333","175.0","SAKUN JA, RS","  52.2"," 8","  33.1"," 8","1019.6"," 8","998.4"," 8"," 20.4"," 8","  5.0"," 7","  9.7","999.9","  66.9"," ","  39.4"," "," 0.00","F","999.9","000000"
"27373099999","2019-04-26","57.6666666","46.6333333","175.0","SAKUN JA, RS","  44.2"," 8","  23.3"," 8","1020.3"," 8","998.8"," 8"," 20.4"," 8","  5.3"," 8","  7.8","999.9","  55.0"," ","  32.7"," "," 0.00","F","999.9","000000"
"27373099999","2019-04-27","57.6666666","46.6333333","175.0","SAKUN JA, RS","  53.8"," 8","  27.4"," 8","1009.0"," 8","988.0"," 8"," 20.4"," 8","  8.3"," 8"," 13.6","999.9","  67.6"," ","  31.6"," "," 0.00","F","999.9","010000"
"27373099999","2019-04-28","57.6666666","46.6333333","175.0","SAKUN JA, RS","  36.4"," 8","  20.2"," 8","1013.4"," 8","991.7"," 8"," 17.2"," 8","  7.3"," 8"," 11.7","999.9","  43.5"," ","  29.7","*"," 0.24","F","999.9","011000"
"27373099999","2019-04-29","57.6666666","46.6333333","175.0","SAKUN JA, RS","  34.6"," 8","  13.0"," 8","1021.6"," 8","999.6"," 8"," 23.9"," 8","  6.1"," 8"," 13.6","999.9","  41.9"," ","  25.5"," "," 0.00","F","999.9","000000"
"27373099999","2019-04-30","57.6666666","46.6333333","175.0","SAKUN JA, RS","  37.2"," 8","  13.3"," 8","1019.8"," 8","998.0"," 8"," 20.4"," 8","  5.4"," 5","  5.8","999.9","  48.4"," ","  27.3","*"," 0.00","F","999.9","000000"
"27373099999","2019-05-01","57.6666666","46.6333333","175.0","SAKUN JA, RS","  46.2"," 8","  13.7"," 8","1014.6"," 8","993.2"," 8"," 20.4"," 8","  6.8"," 8","  9.7","999.9","  59.0"," ","  25.0"," "," 0.00","F","999.9","000000"
"27373099999","2019-05-02","57.6666666","46.6333333","175.0","SAKUN JA, RS","  42.4"," 8","  29.1"," 8","1004.8"," 8","983.5"," 8"," 15.7"," 8"," 10.7"," 8"," 19.4","999.9","  50.7"," ","  37.4"," "," 0.12","F","999.9","010000"
"27373099999","2019-05-03","57.6666666","46.6333333","175.0","SAKUN JA, RS","  53.3"," 8","  42.3"," 8"," 999.3"," 8","978.5"," 8"," 18.0"," 8","  9.5"," 8"," 15.5","999.9","  63.3"," ","  37.4"," "," 0.24","F","999.9","010000"
"27373099999","2019-05-04","57.6666666","46.6333333","175.0","SAKUN JA, RS","  52.7"," 8","  36.6"," 8","1008.9"," 8","988.0"," 8"," 20.4"," 8","  7.3"," 8"," 11.7","999.9","  60.4"," ","  46.4"," "," 0.00","F","999.9","000000"
"27373099999","2019-05-05","57.6666666","46.6333333","175.0","SAKUN JA, RS","  57.6"," 8","  44.2"," 8","1017.7"," 8","996.8"," 8"," 20.4"," 8","  5.3"," 8","  7.8","999.9","  71.1"," ","  46.2"," "," 0.03","F","999.9","010000"
"27373099999","2019-05-06","57.6666666","46.6333333","175.0","SAKUN JA, RS","  66.0"," 8","  42.7"," 8","1015.5"," 8","995.0"," 8"," 20.4"," 8","  5.8"," 8","  9.7","999.9","  76.5"," ","  53.4"," "," 0.00","F","999.9","000000"
"27373099999","2019-05-07","57.6666666","46.6333333","175.0","SAKUN JA, RS","  63.4"," 8","  46.0"," 8","1009.7"," 8","989.1"," 8"," 20.4"," 8","  4.6"," 8","  7.8","999.9","  73.4"," ","  51.8","*"," 0.00","F","999.9","010000"
"27373099999","2019-05-08","57.6666666","46.6333333","175.0","SAKUN JA, RS","  66.0"," 8","  46.9"," 8","1012.3"," 8","991.8"," 8"," 20.4"," 8","  2.7"," 8","  5.8","999.9","  80.8"," ","  48.6"," "," 0.00","F","999.9","000000"
"27373099999","2019-05-09","57.6666666","46.6333333","175.0","SAKUN JA, RS","  71.6"," 8","  44.6"," 8","1016.6"," 8","996.3"," 8"," 20.4"," 8","  3.2"," 8","  3.9","999.9","  84.2"," ","  53.4"," "," 0.00","F","999.9","000000"
"27373099999","2019-05-10","57.6666666","46.6333333","175.0","SAKUN JA, RS","  71.3"," 8","  48.1"," 8","1019.5"," 8","999.1"," 8"," 20.4"," 8","  6.1"," 8","  9.7","999.9","  81.7"," ","  57.7"," "," 0.00","F","999.9","000000"
"27373099999","2019-05-11","57.6666666","46.6333333","175.0","SAKUN JA, RS","  74.3"," 8","  47.1"," 8","1017.8"," 8","997.5"," 8"," 20.4"," 8","  8.0"," 8","  9.7","999.9","  85.3"," ","  60.4"," "," 0.00","F","999.9","000000"
"27373099999","2019-05-12","57.6666666","46.6333333","175.0","SAKUN JA, RS","  69.6"," 8","  56.9"," 8","1021.6"," 8","001.1"," 8"," 20.4"," 8","  2.5"," 7","  3.9","999.9","  80.6"," ","  62.6"," "," 0.00","F","999.9","000000"
"27373099999","2019-05-13","57.6666666","46.6333333","175.0","SAKUN JA, RS","  71.3"," 8","  55.1"," 8","1020.4"," 8","000.0"," 8"," 20.4"," 8","  4.4"," 8"," 11.7","999.9","  84.9"," ","  59.7"," "," 0.00","F","999.9","000010"
"27373099999","2019-05-14","57.6666666","46.6333333","175.0","SAKUN JA, RS","  64.9"," 8","  53.9"," 8","1016.0"," 8","995.5"," 8"," 20.4"," 8","  4.9"," 8","  7.8","999.9","  74.3"," ","  58.6"," "," 0.20","F","999.9","010010"
"27373099999","2019-05-15","57.6666666","46.6333333","175.0","SAKUN JA, RS","  64.9"," 8","  56.8"," 8","1015.4"," 8","994.8"," 8"," 20.4"," 8","  3.4"," 8","  5.8","999.9","  77.2"," ","  55.6"," "," 0.00","F","999.9","010010"
"27373099999","2019-05-16","57.6666666","46.6333333","175.0","SAKUN JA, RS","  52.1"," 8","  41.9"," 8","1018.5"," 8","997.3"," 8"," 18.0"," 8","  6.3"," 8","  7.8","999.9","  57.0"," ","  42.1","*"," 0.75","F","999.9","010000"
"27373099999","2019-05-17","57.6666666","46.6333333","175.0","SAKUN JA, RS","  49.3"," 8","  31.8"," 8","1019.0"," 8","997.8"," 8"," 20.4"," 8","  4.7"," 7","  5.8","999.9","  57.7"," ","  34.3"," "," 0.00","F","999.9","000000"
"27373099999","2019-05-18","57.6666666","46.6333333","175.0","SAKUN JA, RS","  45.0"," 8","  30.4"," 8","1013.9"," 8","992.5"," 8"," 20.4"," 8","  7.8"," 8"," 11.7","999.9","  50.9"," ","  36.1","*"," 0.00","F","999.9","010000"
"27373099999","2019-05-19","57.6666666","46.6333333","175.0","SAKUN JA, RS","  40.7"," 8","  28.8"," 8","1015.3"," 8","993.7"," 8"," 20.4"," 8","  5.8"," 8","  7.8","999.9","  47.1"," ","  33.4"," "," 0.04","F","999.9","000000"
"27373099999","2019-05-20","57.6666666","46.6333333","175.0","SAKUN JA, RS","  45.3"," 8","  32.5"," 8","1018.8"," 8","997.3"," 8"," 20.4"," 8","  6.5"," 6","  9.7","999.9","  55.2"," ","  34.3"," "," 0.00","E","999.9","000000"
"27373099999","2019-05-21","57.6666666","46.6333333","175.0","SAKUN JA, RS","  49.3"," 8","  29.2"," 8","1018.7"," 8","997.4"," 8"," 20.4"," 8","  3.9"," 8","  7.8","999.9","  62.8"," ","  30.9"," "," 0.00","F","999.9","000000"
"27373099999","2019-05-22","57.6666666","46.6333333","175.0","SAKUN JA, RS","  51.7"," 8","  42.7"," 8","1012.1"," 8","991.0"," 8"," 27.5"," 8","  4.1"," 8","  7.8","999.9","  61.2"," ","  39.0"," "," 0.00","F","999.9","000000"
"27373099999","2019-05-23","57.6666666","46.6333333","175.0","SAKUN JA, RS","  49.7"," 8","  44.3"," 8","1005.0"," 8","984.0"," 8"," 21.6"," 8","  4.4"," 8","  7.8","999.9","  61.2"," ","  37.0","*"," 0.04","F","999.9","010000"
"27373099999","2019-05-24","57.6666666","46.6333333","175.0","SAKUN JA, RS","  41.5"," 8","  26.3"," 8","1014.8"," 8","993.2"," 8"," 23.9"," 8","  5.6"," 8","  9.7","999.9","  53.4"," ","  30.4"," "," 0.01","F","999.9","000000"
"27373099999","2019-05-25","57.6666666","46.6333333","175.0","SAKUN JA, RS","  50.2"," 8","  30.4"," 8","1016.3"," 8","995.1"," 8"," 23.9"," 8","  6.3"," 8","  7.8","999.9","  61.0"," ","  31.6"," "," 0.00","F","999.9","000000"
"27373099999","2019-05-26","57.6666666","46.6333333","175.0","SAKUN JA, RS","  53.4"," 8","  44.8"," 8","1008.9"," 8","987.9"," 8"," 23.9"," 8","  6.8"," 8"," 11.7","999.9","  57.2"," ","  46.2"," "," 0.04","F","999.9","010000"
"27373099999","2019-05-27","57.6666666","46.6333333","175.0","SAKUN JA, RS","  58.1"," 8","  48.9"," 8","1006.0"," 8","985.4"," 8"," 27.5"," 8","  4.1"," 8","  7.8","999.9","  68.7"," ","  50.2"," "," 0.04","F","999.9","000000"
"27373099999","2019-05-28","57.6666666","46.6333333","175.0","SAKUN JA, RS","  60.1"," 8","  48.6"," 8","1015.1"," 8","994.4"," 8"," 27.5"," 8","  5.3"," 8","  7.8","999.9","  73.0"," ","  43.0"," "," 0.00","F","999.9","000000"
"27373099999","2019-05-29","57.6666666","46.6333333","175.0","SAKUN JA, RS","  65.3"," 8","  55.1"," 8","1018.3"," 8","997.7"," 8"," 27.5"," 8","  5.3"," 8","  5.8","999.9","  75.0"," ","  51.8"," "," 0.01","F","999.9","000010"
"27373099999","2019-05-30","57.6666666","46.6333333","175.0","SAKUN JA, RS","  70.7"," 8","  56.0"," 8","1016.7"," 8","996.3"," 8"," 25.2"," 8","  6.1"," 8","  9.7","999.9","  82.6"," ","  58.1","*"," 0.00","F","999.9","010010"
"27373099999","2019-05-31","57.6666666","46.6333333","175.0","SAKUN JA, RS","  64.2"," 8","  56.5"," 8","1017.0"," 8","997.2"," 8"," 22.8"," 8","  2.7"," 8","  3.9","999.9","  72.9"," ","  58.1"," "," 0.16","F","999.9","000000"
"27373099999","2019-06-01","57.6666666","46.6333333","175.0","SAKUN JA, RS","  64.0"," 8","  54.4"," 8","1011.9"," 8","991.4"," 8"," 27.5"," 8","  3.9"," 8","  7.8","999.9","  73.6"," ","  49.5","*"," 0.24","F","999.9","000010"
"27373099999","2019-06-02","57.6666666","46.6333333","175.0","SAKUN JA, RS","  60.1"," 8","  42.0"," 8","1015.8"," 8","995.0"," 8"," 27.5"," 8","  4.4"," 7","  5.8","999.9","  71.6"," ","  41.2"," "," 0.00","F","999.9","000000"
"27373099999","2019-06-03","57.6666666","46.6333333","175.0","SAKUN JA, RS","  54.4"," 8","  47.0"," 8","1011.9"," 8","991.0"," 8"," 27.5"," 8","  6.6"," 8","  9.7","999.9","  70.0"," ","  46.0","*"," 0.13","F","999.9","010000"
"27373099999","2019-06-04","57.6666666","46.6333333","175.0","SAKUN JA, RS","  54.0"," 8","  39.7"," 8","1022.3"," 8","001.1"," 8"," 27.5"," 8","  4.9"," 8","  9.7","999.9","  63.3"," ","  40.3"," "," 0.00","F","999.9","000000"
"27373099999","2019-06-05","57.6666666","46.6333333","175.0","SAKUN JA, RS","  67.3"," 8","  50.3"," 8","1021.2"," 8","000.5"," 8"," 27.5"," 8","  5.1"," 8","  7.8"," 11.7","  80.4"," ","  49.5"," "," 0.00","F","999.9","000000"
"27373099999","2019-06-06","57.6666666","46.6333333","175.0","SAKUN JA, RS","  65.8"," 8","  47.7"," 8","1020.7"," 8","000.1"," 8"," 27.5"," 8","  5.1"," 8","  7.8","999.9","  78.1"," ","  54.1","*"," 0.00","F","999.9","000000"
"27373099999","2019-06-07","57.6666666","46.6333333","175.0","SAKUN JA, RS","  65.2"," 8","  45.5"," 8","1023.0"," 8","002.2"," 8"," 27.5"," 8","  3.6"," 8","  7.8","999.9","  77.7"," ","  43.5"," "," 0.00","F","999.9","000000"
"27373099999","2019-06-08","57.6666666","46.6333333","175.0","SAKUN JA, RS","  66.9"," 8","  49.3"," 8","1024.6"," 8","003.9"," 8"," 27.5"," 8","  3.4"," 8","  3.9","999.9","  76.8"," ","  55.9","*"," 0.00","F","999.9","000000"
"27373099999","2019-06-09","57.6666666","46.6333333","175.0","SAKUN JA, RS","  72.6"," 8","  55.9"," 8","1022.8"," 8","002.4"," 8"," 27.5"," 8","  4.4"," 8","  5.8","999.9","  84.2"," ","  55.9"," "," 0.00","F","999.9","000010"
"27373099999","2019-06-10","57.6666666","46.6333333","175.0","SAKUN JA, RS","  70.1"," 8","  61.7"," 8","1018.0"," 8","997.7"," 8"," 27.5"," 8","  4.9"," 8","  7.8","999.9","  82.9"," ","  64.9","*"," 0.39","F","999.9","010000"
"27373099999","2019-06-11","57.6666666","46.6333333","175.0","SAKUN JA, RS","  65.9"," 8","  50.5"," 8","1018.2"," 8","997.6"," 8"," 27.5"," 8","  5.0"," 7","  7.8","999.9","  75.4"," ","  52.2","*"," 0.00","F","999.9","000000"
"27373099999","2019-06-12","57.6666666","46.6333333","175.0","SAKUN JA, RS","  57.0"," 8","  41.5"," 8","1017.7"," 8","996.8"," 8"," 27.5"," 8","  6.1"," 7","  9.7","999.9","  70.0"," ","  39.0","*"," 0.00","F","999.9","000000"
"27373099999","2019-06-13","57.6666666","46.6333333","175.0","SAKUN JA, RS","  49.8"," 8","  33.4"," 8","1024.4"," 8","003.0"," 8"," 27.5"," 8","  5.1"," 8","  7.8","999.9","  62.2"," ","  36.0"," "," 0.00","F","999.9","000000"
"27373099999","2019-06-14","57.6666666","46.6333333","175.0","SAKUN JA, RS","  49.9"," 8","  40.9"," 8","1018.7"," 8","997.4"," 8"," 27.5"," 8","  3.6"," 6","  5.8","999.9","  58.3"," ","  37.8"," "," 0.00","F","999.9","000000"
"27373099999","2019-06-15","57.6666666","46.6333333","175.0","SAKUN JA, RS","  54.5"," 8","  40.8"," 8","1013.3"," 8","992.3"," 8"," 25.2"," 8","  3.2"," 8","  5.8","999.9","  65.3"," ","  38.3"," "," 0.00","F","999.9","000000"
"27373099999","2019-06-16","57.6666666","46.6333333","175.0","SAKUN JA, RS","  56.8"," 8","  44.1"," 8","1010.8"," 8","989.9"," 8"," 27.5"," 8","  5.0"," 7","  7.8","999.9","  66.0"," ","  48.2","*"," 0.00","F","999.9","000000"
"27373099999","2019-06-17","57.6666666","46.6333333","175.0","SAKUN JA, RS","  63.7"," 8","  50.9"," 8","1009.4"," 8","988.9"," 8"," 27.5"," 8","  4.4"," 7","  5.8","999.9","  75.9"," ","  47.1"," "," 0.00","F","999.9","000000"
"27373099999","2019-06-18","57.6666666","46.6333333","175.0","SAKUN JA, RS","  64.0"," 8","  49.2"," 8","1009.2"," 8","988.7"," 8"," 27.5"," 8","  4.2"," 7","  5.8","999.9","  76.6"," ","  53.2"," "," 0.00","F","999.9","000000"
"27373099999","2019-06-19","57.6666666","46.6333333","175.0","SAKUN JA, RS","  65.1"," 8","  53.3"," 8","1010.6"," 8","990.1"," 8"," 27.5"," 8","  4.2"," 6","  5.8","999.9","  74.8"," ","  51.1"," "," 0.00","F","999.9","000000"
"27373099999","2019-06-20","57.6666666","46.6333333","175.0","SAKUN JA, RS","  69.8"," 8","  50.7"," 8","1013.7"," 8","993.4"," 8"," 27.5"," 8","  4.4"," 7","  7.8","999.9","  81.7"," ","  52.2"," "," 0.00","F","999.9","000000"
"27373099999","2019-06-21","57.6666666","46.6333333","175.0","SAKUN JA, RS","  65.0"," 8","  57.3"," 8","1017.8"," 8","997.2"," 8"," 25.2"," 8","  3.6"," 8","  9.7","999.9","  79.5"," ","  53.2"," "," 0.16","E","999.9","010010"
"27373099999","2019-06-22","57.6666666","46.6333333","175.0","SAKUN JA, RS","  71.3"," 8","  59.1"," 8","1013.9"," 8","993.7"," 8"," 27.5"," 8","  6.6"," 8"," 11.7","999.9","  81.5"," ","  58.3"," "," 0.00","F","999.9","010010"
"27373099999","2019-06-23","57.6666666","46.6333333","175.0","SAKUN JA, RS","  68.0"," 8","  56.1"," 8","1015.2"," 8","994.8"," 8"," 27.5"," 8","  4.1"," 8","  5.8","999.9","  77.7"," ","  53.4","*"," 0.28","F","999.9","000000"
"27373099999","2019-06-24","57.6666666","46.6333333","175.0","SAKUN JA, RS","  63.7"," 8","  46.0"," 8","1018.6"," 8","997.8"," 8"," 27.5"," 8","  3.9"," 7","  5.8","999.9","  73.4"," ","  52.7"," "," 0.00","F","999.9","000000"
"27373099999","2019-06-25","57.6666666","46.6333333","175.0","SAKUN JA, RS","  56.7"," 7","  46.3"," 7","1021.7"," 7","000.7"," 7"," 27.0"," 7","  5.0"," 7"," 11.7","999.9","  67.5"," ","  48.7"," "," 0.00","F","999.9","000000"
"27373099999","2019-06-26","57.6666666","46.6333333","175.0","SAKUN JA, RS","  54.7"," 8","  42.0"," 8","1020.2"," 8","999.2"," 8"," 25.2"," 8","  4.1"," 8","  7.8","999.9","  65.5"," ","  44.6"," "," 0.00","F","999.9","010000"
"27373099999","2019-06-27","57.6666666","46.6333333","175.0","SAKUN JA, RS","  53.4"," 8","  45.6"," 8","1011.5"," 8","990.5"," 8"," 27.5"," 8","  4.9"," 8","  7.8","999.9","  60.6"," ","  46.6","*"," 0.24","F","999.9","000000"
"27373099999","2019-06-28","57.6666666","46.6333333","175.0","SAKUN JA, RS","  53.8"," 8","  48.9"," 8"," 999.3"," 8","978.6"," 8"," 20.5"," 8"," 10.9"," 8"," 13.6","999.9","  58.3","*","  45.0"," "," 0.47","F","999.9","010000"
"27373099999","2019-06-29","57.6666666","46.6333333","175.0","SAKUN JA, RS","  58.6"," 8","  53.8"," 8"," 993.4"," 8","973.0"," 8"," 25.2"," 8","  8.7"," 8"," 11.7","999.9","  63.5"," ","  52.3","*"," 1.14","F","999.9","010000"
"27373099999","2019-06-30","57.6666666","46.6333333","175.0","SAKUN JA, RS","  54.2"," 8","  50.8"," 8","1001.9"," 8","981.2"," 8"," 22.8"," 8","  5.8"," 8","  9.7","999.9","  58.1"," ","  49.6","*"," 0.04","F","999.9","010000"
"27373099999","2019-07-01","57.6666666","46.6333333","175.0","SAKUN JA, RS","  56.5"," 8","  50.2"," 8","1005.2"," 8","984.4"," 8"," 27.5"," 8","  3.2"," 8","  5.8","999.9","  66.7"," ","  44.6"," "," 0.00","F","999.9","000000"
"27373099999","2019-07-02","57.6666666","46.6333333","175.0","SAKUN JA, RS","  60.4"," 8","  52.7"," 8","1000.3"," 8","979.8"," 8"," 27.5"," 8","  4.4"," 7","  7.8","999.9","  70.9"," ","  47.3"," "," 0.03","F","999.9","010000"
"27373099999","2019-07-03","57.6666666","46.6333333","175.0","SAKUN JA, RS","  60.8"," 8","  51.9"," 8"," 999.9"," 8","979.4"," 8"," 27.5"," 8","  5.3"," 8","  7.8","999.9","  71.4"," ","  48.4"," "," 0.31","F","999.9","000000"
"27373099999","2019-07-04","57.6666666","46.6333333","175.0","SAKUN JA, RS","  54.5"," 8","  48.2"," 8","1001.3"," 8","980.6"," 8"," 27.5"," 8","  6.8"," 8","  9.7","999.9","  62.6"," ","  50.4"," "," 0.00","F","999.9","010000"
"27373099999","2019-07-05","57.6666666","46.6333333","175.0","SAKUN JA, RS","  53.5"," 8","  48.7"," 8","1002.7"," 8","981.9"," 8"," 25.2"," 8","  7.0"," 8","  7.8","999.9","  61.0"," ","  50.4"," "," 0.04","F","999.9","010000"
"27373099999","2019-07-06","57.6666666","46.6333333","175.0","SAKUN JA, RS","  57.4"," 8","  50.3"," 8","1002.8"," 8","982.2"," 8"," 25.2"," 8","  5.3"," 7","  7.8","999.9","  69.3"," ","  47.3"," "," 0.00","F","999.9","010000"
"27373099999","2019-07-07","57.6666666","46.6333333","175.0","SAKUN JA, RS","  51.9"," 8","  49.8"," 8"," 997.0"," 8","976.3"," 8","  5.3"," 8","  5.8"," 8","  9.7","999.9","  54.0"," ","  50.4","*"," 2.20","F","999.9","010000"
"27373099999","2019-07-08","57.6666666","46.6333333","175.0","SAKUN JA, RS","  60.0"," 8","  52.0"," 8","1002.6"," 8","982.1"," 8"," 25.2"," 8","  4.4"," 8","  5.8","999.9","  70.0"," ","  49.5"," "," 0.31","F","999.9","000000"
"27373099999","2019-07-09","57.6666666","46.6333333","175.0","SAKUN JA, RS","  57.4"," 8","  54.5"," 8"," 999.8"," 8","979.2"," 8"," 22.8"," 8","  6.1"," 8"," 11.7","999.9","  60.1","*","  54.5"," "," 0.51","F","999.9","010000"
"27373099999","2019-07-10","57.6666666","46.6333333","175.0","SAKUN JA, RS","  58.5"," 8","  53.1"," 8"," 994.9"," 8","974.4"," 8"," 22.8"," 8","  7.0"," 8"," 11.7","999.9","  66.4"," ","  55.0","*"," 0.04","F","999.9","010000"
"27373099999","2019-07-11","57.6666666","46.6333333","175.0","SAKUN JA, RS","  55.7"," 8","  50.1"," 8","1001.1"," 8","980.5"," 8"," 27.5"," 8","  2.9"," 8","  5.8","999.9","  62.8"," ","  50.7"," "," 0.16","F","999.9","010000"
"27373099999","2019-07-12","57.6666666","46.6333333","175.0","SAKUN JA, RS","  59.0"," 8","  52.4"," 8","1006.4"," 8","985.7"," 8"," 27.5"," 8","  3.2"," 8","  3.9","999.9","  66.9"," ","  52.3"," "," 0.00","F","999.9","000000"
"27373099999","2019-07-13","57.6666666","46.6333333","175.0","SAKUN JA, RS","  60.6"," 8","  52.9"," 8","1007.1"," 8","986.5"," 8"," 27.5"," 8","  3.4"," 8","  5.8","999.9","  70.5"," ","  49.3"," "," 0.00","F","999.9","000000"
"27373099999","2019-07-14","57.6666666","46.6333333","175.0","SAKUN JA, RS","  62.1"," 8","  56.5"," 8","1009.1"," 8","988.5"," 8"," 27.5"," 8","  2.9"," 6","  3.9","999.9","  71.8"," ","  55.4"," "," 0.35","F","999.9","010010"
"27373099999","2019-07-15","57.6666666","46.6333333","175.0","SAKUN JA, RS","  61.9"," 8","  54.5"," 8","1008.5"," 8","988.0"," 8"," 19.8"," 8","  3.6"," 8","  7.8","999.9","  73.6"," ","  53.2"," "," 0.00","F","999.9","100000"
"27373099999","2019-07-16","57.6666666","46.6333333","175.0","SAKUN JA, RS","  62.7"," 8","  51.5"," 8","1011.6"," 8","991.0"," 8"," 27.5"," 8","  3.6"," 8","  5.8","999.9","  73.9"," ","  51.1"," "," 0.00","F","999.9","000000"
"27373099999","2019-07-17","57.6666666","46.6333333","175.0","SAKUN JA, RS","  66.3"," 8","  53.4"," 8","1012.9"," 8","992.4"," 8"," 27.5"," 8","  5.3"," 8","  7.8","999.9","  74.1"," ","  53.1"," "," 0.00","F","999.9","000000"
"27373099999","2019-07-18","57.6666666","46.6333333","175.0","SAKUN JA, RS","  64.2"," 8","  57.5"," 8","1009.0"," 8","988.5"," 8"," 27.5"," 8","  5.6"," 8","  7.8","999.9","  67.1"," ","  60.4"," "," 0.04","F","999.9","010000"
"27373099999","2019-07-19","57.6666666","46.6333333","175.0","SAKUN JA, RS","  67.0"," 8","  58.9"," 8","1007.8"," 8","987.5"," 8"," 27.5"," 8","  3.6"," 8","  7.8","999.9","  78.3"," ","  57.0","*"," 0.00","F","999.9","000010"
"27373099999","2019-07-20","57.6666666","46.6333333","175.0","SAKUN JA, RS","  63.4"," 8","  55.9"," 8","1009.2"," 8","988.7"," 8"," 27.5"," 8","  4.9"," 8","  7.8","999.9","  73.2"," ","  54.1"," "," 0.04","F","999.9","010010"
"27373099999","2019-07-21","57.6666666","46.6333333","175.0","SAKUN JA, RS","  62.1"," 8","  57.9"," 8","1010.7"," 8","990.1"," 8"," 27.5"," 8","  4.6"," 8","  7.8","999.9","  69.4"," ","  56.5"," "," 0.11","F","999.9","010010"
"27373099999","2019-07-22","57.6666666","46.6333333","175.0","SAKUN JA, RS","  59.4"," 8","  55.3"," 8","1011.8"," 8","991.1"," 8"," 27.5"," 8","  5.6"," 8","  7.8","999.9","  64.9"," ","  57.0"," "," 0.00","F","999.9","010000"
"27373099999","2019-07-23","57.6666666","46.6333333","175.0","SAKUN JA, RS","  61.5"," 8","  54.2"," 8","1013.6"," 8","993.0"," 8"," 23.8"," 8","  3.4"," 8","  3.9","999.9","  69.8"," ","  56.1"," "," 0.00","F","999.9","000000"
"27373099999","2019-07-24","57.6666666","46.6333333","175.0","SAKUN JA, RS","  64.1"," 8","  56.8"," 8","1017.7"," 8","997.0"," 8"," 27.5"," 8","  3.9"," 8","  5.8","999.9","  73.8"," ","  55.4"," "," 0.00","F","999.9","000000"
"27373099999","2019-07-25","57.6666666","46.6333333","175.0","SAKUN JA, RS","  70.2"," 8","  58.2"," 8","1019.5"," 8","999.1"," 8"," 27.5"," 8","  2.9"," 8","  3.9","999.9","  80.2"," ","  55.9"," "," 0.00","F","999.9","000000"
"27373099999","2019-07-26","57.6666666","46.6333333","175.0","SAKUN JA, RS","  70.3"," 8","  60.3"," 8","1018.5"," 8","998.1"," 8"," 27.5"," 8","  2.9"," 8","  3.9","999.9","  80.1"," ","  60.1"," "," 0.00","F","999.9","000000"
"27373099999","2019-07-27","57.6666666","46.6333333","175.0","SAKUN JA, RS","  67.0"," 8","  60.2"," 8","1008.2"," 8","987.9"," 8"," 27.5"," 8","  4.9"," 8","  7.8","999.9","  77.7"," ","  56.3"," "," 0.00","F","999.9","010010"
"27373099999","2019-07-28","57.6666666","46.6333333","175.0","SAKUN JA, RS","  54.8"," 8","  47.8"," 8","1000.6"," 8","980.0"," 8"," 27.5"," 8","  6.3"," 8","  9.7","999.9","  62.4"," ","  45.5","*"," 0.00","F","999.9","000000"
"27373099999","2019-07-29","57.6666666","46.6333333","175.0","SAKUN JA, RS","  46.2"," 8","  40.9"," 8"," 998.8"," 8","977.8"," 8"," 27.5"," 8","  8.3"," 8"," 11.7","999.9","  49.6"," ","  43.5"," "," 0.01","F","999.9","010000"
"27373099999","2019-07-30","57.6666666","46.6333333","175.0","SAKUN JA, RS","  46.4"," 8","  42.0"," 8"," 997.2"," 8","976.3"," 8"," 27.5"," 8","  4.9"," 8","  5.8"," 11.7","  51.8"," ","  39.9"," "," 0.12","F","999.9","010000"
"27373099999","2019-07-31","57.6666666","46.6333333","175.0","SAKUN JA, RS","  48.0"," 8","  45.0"," 8"," 996.9"," 8","976.1"," 8"," 20.5"," 8","  3.9"," 7","  5.8","999.9","  52.3"," ","  44.6"," "," 0.43","F","999.9","010000"
"27373099999","2019-08-01","57.6666666","46.6333333","175.0","SAKUN JA, RS","  51.9"," 8","  46.5"," 8"," 998.7"," 8","978.0"," 8"," 25.2"," 8","  6.1"," 8","  9.7","999.9","  58.8"," ","  42.3"," "," 0.00","F","999.9","010000"
"27373099999","2019-08-02","57.6666666","46.6333333","175.0","SAKUN JA, RS","  53.4"," 8","  49.9"," 8"," 998.0"," 8","977.3"," 8"," 25.2"," 8","  7.0"," 8","  9.7","999.9","  57.7"," ","  49.3"," "," 0.06","F","999.9","010000"
"27373099999","2019-08-03","57.6666666","46.6333333","175.0","SAKUN JA, RS","  49.4"," 8","  44.1"," 8"," 998.7"," 8","977.9"," 8"," 27.5"," 8","  5.1"," 8","  7.8","999.9","  54.1"," ","  46.6"," "," 0.00","F","999.9","000000"
"27373099999","2019-08-04","57.6666666","46.6333333","175.0","SAKUN JA, RS","  50.8"," 8","  44.1"," 8"," 999.2"," 8","978.4"," 8"," 27.5"," 8","  4.6"," 8","  5.8","999.9","  58.1"," ","  44.6","*"," 0.04","F","999.9","010000"
"27373099999","2019-08-05","57.6666666","46.6333333","175.0","SAKUN JA, RS","  48.4"," 8","  41.0"," 8"," 997.4"," 8","976.5"," 8"," 23.9"," 8","  3.6"," 8","  3.9","999.9","  56.1"," ","  39.4"," "," 0.02","F","999.9","000000"
"27373099999","2019-08-06","57.6666666","46.6333333","175.0","SAKUN JA, RS","  50.9"," 8","  44.6"," 8"," 997.2"," 8","976.4"," 8"," 20.4"," 8","  5.1"," 8","  5.8","999.9","  56.5"," ","  45.3"," "," 0.00","F","999.9","010000"
"27373099999","2019-08-07","57.6666666","46.6333333","175.0","SAKUN JA, RS","  52.0"," 8","  44.5"," 8","1007.1"," 8","986.2"," 8"," 20.4"," 8","  3.9"," 8","  5.8","999.9","  58.1"," ","  46.4","*"," 0.09","F","999.9","000000"
"27373099999","2019-08-08","57.6666666","46.6333333","175.0","SAKUN JA, RS","  57.7"," 8","  46.8"," 8","1010.7"," 8","989.9"," 8"," 20.4"," 8","  3.9"," 6","  7.8","999.9","  66.4"," ","  43.2"," "," 0.00","F","999.9","000000"
"27373099999","2019-08-09","57.6666666","46.6333333","175.0","SAKUN JA, RS","  60.4"," 8","  55.8"," 8","1001.4"," 8","980.9"," 8"," 20.4"," 8","  7.3"," 8","  9.7","999.9","  66.9"," ","  53.4"," "," 0.31","F","999.9","010000"
"27373099999","2019-08-10","57.6666666","46.6333333","175.0","SAKUN JA, RS","  59.8"," 8","  55.7"," 8","1001.0"," 8","980.6"," 8"," 20.4"," 8","  5.2"," 6","  5.8","999.9","  69.6"," ","  54.3","*"," 0.04","F","999.9","000000"
"27373099999","2019-08-11","57.6666666","46.6333333","175.0","SAKUN JA, RS","  52.5"," 8","  50.2"," 8","1006.4"," 8","985.6"," 8","  6.4"," 8","  6.7"," 7","  9.7","999.9","  57.2"," ","  47.1","*"," 0.24","F","999.9","110000"
"27373099999","2019-08-12","57.6666666","46.6333333","175.0","SAKUN JA, RS","  46.8"," 8","  38.4"," 8","1015.0"," 8","993.6"," 8"," 20.4"," 8","  5.3"," 8","  7.8","999.9","  57.9"," ","  37.4","*"," 0.00","F","999.9","000000"
"27373099999","2019-08-13","57.6666666","46.6333333","175.0","SAKUN JA, RS","  50.6"," 8","  39.3"," 8","1016.2"," 8","995.1"," 8"," 20.4"," 8","  4.6"," 8","  7.8","999.9","  63.7"," ","  34.9"," "," 0.00","F","999.9","000000"
"27373099999","2019-08-14","57.6666666","46.6333333","175.0","SAKUN JA, RS","  55.3"," 8","  47.8"," 8","1013.6"," 8","992.7"," 8"," 20.4"," 8","  4.4"," 7","  5.8","999.9","  59.2"," ","  43.0"," "," 0.00","F","999.9","010000"
"27373099999","2019-08-15","57.6666666","46.6333333","175.0","SAKUN JA, RS","  65.6"," 8","  59.0"," 8","1012.5"," 8","992.0"," 8"," 20.4"," 8","  4.6"," 8","  7.8","999.9","  76.3"," ","  56.1"," "," 0.00","F","999.9","010010"
"27373099999","2019-08-16","57.6666666","46.6333333","175.0","SAKUN JA, RS","  58.5"," 8","  55.6"," 8","1015.6"," 8","994.9"," 8"," 18.0"," 8","  3.1"," 5","  5.8","999.9","  61.2"," ","  56.7"," "," 0.75","F","999.9","010010"
"27373099999","2019-08-17","57.6666666","46.6333333","175.0","SAKUN JA, RS","  61.2"," 8","  57.8"," 8","1017.2"," 8","996.6"," 8"," 16.8"," 8","  3.9"," 8","  5.8","999.9","  65.8"," ","  57.0"," "," 0.03","F","999.9","000000"
"27373099999","2019-08-18","57.6666666","46.6333333","175.0","SAKUN JA, RS","  63.4"," 8","  61.6"," 8","1015.9"," 8","995.3"," 8"," 15.7"," 8","  5.8"," 8","  7.8","999.9","  69.1"," ","  59.0"," "," 0.27","F","999.9","010000"
"27373099999","2019-08-19","57.6666666","46.6333333","175.0","SAKUN JA, RS","  66.5"," 8","  62.5"," 8","1016.3"," 8","995.9"," 8"," 18.0"," 8","  4.6"," 8","  7.8","999.9","  72.5"," ","  60.8","*"," 0.06","F","999.9","010000"
"27373099999","2019-08-20","57.6666666","46.6333333","175.0","SAKUN JA, RS","  63.5"," 8","  58.4"," 8","1020.6"," 8","000.0"," 8"," 15.7"," 8","  3.6"," 7","  5.8","999.9","  72.7"," ","  56.7","*"," 0.00","F","999.9","000000"
"27373099999","2019-08-21","57.6666666","46.6333333","175.0","SAKUN JA, RS","  67.8"," 8","  60.9"," 8","1022.3"," 8","001.8"," 8"," 20.4"," 8","  2.9"," 8","  5.8","999.9","  79.5"," ","  55.4"," "," 0.00","F","999.9","000000"
"27373099999","2019-08-22","57.6666666","46.6333333","175.0","SAKUN JA, RS","  67.2"," 8","  59.1"," 8","1020.1"," 8","999.6"," 8"," 16.2"," 8","  4.4"," 7","  7.8","999.9","  78.1"," ","  55.4"," "," 0.00","F","999.9","110010"
"27373099999","2019-08-23","57.6666666","46.6333333","175.0","SAKUN JA, RS","  59.1"," 8","  50.2"," 8","1024.1"," 8","003.2"," 8"," 20.4"," 8","  5.0"," 7","  7.8","999.9","  69.6"," ","  47.5","*"," 0.24","F","999.9","000000"
"27373099999","2019-08-24","57.6666666","46.6333333","175.0","SAKUN JA, RS","  59.2"," 8","  50.7"," 8","1021.0"," 8","000.1"," 8"," 20.4"," 8","  4.6"," 8","  7.8","999.9","  69.6"," ","  46.2"," "," 0.00","F","999.9","010000"
"27373099999","2019-08-25","57.6666666","46.6333333","175.0","SAKUN JA, RS","  55.0"," 8","  50.6"," 8","1019.5"," 8","998.4"," 8"," 18.0"," 8","  5.6"," 8","  9.7","999.9","  62.4"," ","  47.1","*"," 0.31","F","999.9","010000"
"27373099999","2019-08-26","57.6666666","46.6333333","175.0","SAKUN JA, RS","  52.5"," 8","  45.4"," 8","1023.6"," 8","002.4"," 8"," 16.5"," 8","  4.4"," 8","  7.8","999.9","  60.8"," ","  41.9"," "," 0.00","F","999.9","110000"
"27373099999","2019-08-27","57.6666666","46.6333333","175.0","SAKUN JA, RS","  55.8"," 8","  51.0"," 8","1010.9"," 8","990.0"," 8"," 18.0"," 8","  6.6"," 8","  7.8","999.9","  61.0"," ","  49.6","*"," 0.43","F","999.9","010000"
"27373099999","2019-08-28","57.6666666","46.6333333","175.0","SAKUN JA, RS","  46.8"," 8","  37.8"," 8","1020.8"," 8","999.3"," 8"," 20.4"," 8","  8.5"," 8"," 13.6","999.9","  54.7"," ","  36.0","*"," 0.08","F","999.9","000000"
"27373099999","2019-08-29","57.6666666","46.6333333","175.0","SAKUN JA, RS","  44.6"," 8","  38.2"," 8","1022.7"," 8","001.1"," 8"," 20.4"," 8","  3.4"," 8","  3.9","999.9","  52.9"," ","  33.4"," "," 0.00","E","999.9","000000"
"27373099999","2019-08-30","57.6666666","46.6333333","175.0","SAKUN JA, RS","  45.1"," 8","  35.0"," 8","1022.9"," 8","001.4"," 8"," 20.4"," 8","  3.9"," 7","  5.8","999.9","  57.7"," ","  33.8"," "," 0.00","F","999.9","000000"
"27373099999","2019-08-31","57.6666666","46.6333333","175.0","SAKUN JA, RS","  48.8"," 8","  39.6"," 8","1019.5"," 8","998.1"," 8"," 20.4"," 8","  2.9"," 6","  5.8","999.9","  63.5"," ","  30.6"," "," 0.00","F","999.9","000000"
"27373099999","2019-09-01","57.6666666","46.6333333","175.0","SAKUN JA, RS","  51.5"," 8","  44.9"," 8","1015.3"," 8","994.1"," 8"," 16.2"," 8","  2.6"," 6","  3.9","999.9","  64.9"," ","  40.8"," "," 0.00","F","999.9","100000"
"27373099999","2019-09-02","57.6666666","46.6333333","175.0","SAKUN JA, RS","  48.8"," 8","  40.3"," 8","1017.5"," 8","996.2"," 8"," 20.4"," 8","  2.9"," 8","  3.9","999.9","  59.9"," ","  38.8","*"," 0.00","F","999.9","000000"
"27373099999","2019-09-03","57.6666666","46.6333333","175.0","SAKUN JA, RS","  51.2"," 8","  42.6"," 8","1018.9"," 8","997.7"," 8"," 20.4"," 8","  3.1"," 7","  3.9","999.9","  66.2"," ","  37.2"," "," 0.00","F","999.9","000000"
"27373099999","2019-09-04","57.6666666","46.6333333","175.0","SAKUN JA, RS","  53.6"," 8","  43.8"," 8","1019.0"," 8","997.9"," 8"," 16.8"," 8","  3.6"," 7","  5.8","999.9","  67.3"," ","  39.0"," "," 0.00","F","999.9","100000"
"27373099999","2019-09-05","57.6666666","46.6333333","175.0","SAKUN JA, RS","  56.8"," 8","  46.5"," 8","1019.1"," 8","998.1"," 8"," 20.4"," 8","  4.2"," 7","  7.8","999.9","  68.5"," ","  43.3"," "," 0.00","F","999.9","000000"
"27373099999","2019-09-06","57.6666666","46.6333333","175.0","SAKUN JA, RS","  58.8"," 8","  52.2"," 8","1021.6"," 8","000.7"," 8"," 18.0"," 8","  3.1"," 7","  3.9","999.9","  69.4"," ","  51.8"," "," 0.00","F","999.9","000000"
"27373099999","2019-09-07","57.6666666","46.6333333","175.0","SAKUN JA, RS","  59.5"," 8","  51.6"," 8","1024.4"," 8","003.4"," 8"," 20.4"," 8","  3.9"," 7","  5.8","999.9","  70.9"," ","  49.8"," "," 0.00","F","999.9","000000"
"27373099999","2019-09-08","57.6666666","46.6333333","175.0","SAKUN JA, RS","  59.7"," 8","  53.7"," 8","1028.4"," 8","007.4"," 8"," 13.2"," 8","  2.4"," 4","  3.9","999.9","  72.1"," ","  52.7"," "," 0.08","F","999.9","010000"
"27373099999","2019-09-09","57.6666666","46.6333333","175.0","SAKUN JA, RS","  57.3"," 8","  50.8"," 8","1029.9"," 8","008.8"," 8"," 21.4"," 8","  2.7"," 5","  3.9","999.9","  69.3"," ","  45.5","*"," 0.00","F","999.9","000000"
"27373099999","2019-09-10","57.6666666","46.6333333","175.0","SAKUN JA, RS","  56.0"," 8","  46.9"," 8","1031.6"," 8","010.4"," 8"," 20.4"," 8","  2.9"," 8","  3.9","999.9","  70.0"," ","  43.0"," "," 0.00","F","999.9","000000"
"27373099999","2019-09-11","57.6666666","46.6333333","175.0","SAKUN JA, RS","  58.6"," 8","  48.4"," 8","1032.2"," 8","011.0"," 8"," 18.8"," 7","  4.4"," 8","  5.8","999.9","  71.4"," ","  45.5"," "," 0.01","F","999.9","000000"
"27373099999","2019-09-12","57.6666666","46.6333333","175.0","SAKUN JA, RS","  62.4"," 8","  48.4"," 8","1026.4"," 8","005.5"," 8"," 20.4"," 8","  5.1"," 8","  7.8","999.9","  76.5"," ","  52.5"," "," 0.00","F","999.9","000000"
"27373099999","2019-09-13","57.6666666","46.6333333","175.0","SAKUN JA, RS","  62.7"," 8","  47.0"," 8","1017.4"," 8","996.7"," 8"," 20.4"," 8","  6.6"," 8","  9.7","999.9","  75.4"," ","  50.2"," "," 0.00","F","999.9","000000"
"27373099999","2019-09-14","57.6666666","46.6333333","175.0","SAKUN JA, RS","  53.5"," 8","  47.1"," 8","1008.5"," 8","987.6"," 8"," 17.2"," 8","  5.6"," 8","  9.7","999.9","  63.0"," ","  45.3","*"," 0.20","F","999.9","010000"
"27373099999","2019-09-15","57.6666666","46.6333333","175.0","SAKUN JA, RS","  45.6"," 8","  38.4"," 8","1008.9"," 8","987.7"," 8"," 20.4"," 8","  4.4"," 8","  5.8","  9.7","  57.9"," ","  38.5","*"," 0.00","F","999.9","000000"
"27373099999","2019-09-16","57.6666666","46.6333333","175.0","SAKUN JA, RS","  46.1"," 8","  43.5"," 8"," 996.0"," 8","975.1"," 8"," 15.7"," 8","  7.0"," 8","  9.7","999.9","  51.1"," ","  37.8"," "," 0.24","F","999.9","010000"
"27373099999","2019-09-17","57.6666666","46.6333333","175.0","SAKUN JA, RS","  48.3"," 8","  43.9"," 8"," 993.0"," 8","972.2"," 8"," 20.4"," 8","  8.3"," 8"," 15.5","999.9","  56.3"," ","  44.1","*"," 0.20","F","999.9","000000"
"27373099999","2019-09-18","57.6666666","46.6333333","175.0","SAKUN JA, RS","  43.5"," 6","  40.2"," 6"," 997.0"," 6","975.9"," 6"," 13.7"," 6","  3.5"," 5","  5.8","999.9","  53.4"," ","  37.8","*"," 0.02","F","999.9","010000"
"27373099999","2019-09-19","57.6666666","46.6333333","175.0","SAKUN JA, RS","  43.5"," 8","  39.1"," 8","1002.0"," 8","980.8"," 8"," 22.9"," 7","  4.6"," 8","  7.8"," 11.7","  51.3"," ","  36.5"," "," 0.01","F","999.9","010000"
"27373099999","2019-09-20","57.6666666","46.6333333","175.0","SAKUN JA, RS","  38.8"," 8","  33.0"," 8","1011.8"," 8","990.3"," 8"," 20.4"," 8","  2.2"," 7","  3.9","999.9","  47.1"," ","  32.9"," "," 0.00","F","999.9","000000"
"27373099999","2019-09-21","57.6666666","46.6333333","175.0","SAKUN JA, RS","  35.5"," 7","  29.2"," 7","1008.5"," 7","986.8"," 7"," 18.8"," 7","  3.5"," 5","  5.8","999.9","  48.6"," ","  27.1","*"," 0.00","F","999.9","000000"
"27373099999","2019-09-22","57.6666666","46.6333333","175.0","SAKUN JA, RS","  37.6"," 8","  30.4"," 8"," 998.8"," 8","977.5"," 8"," 20.4"," 8","  3.6"," 8","  5.8","999.9","  49.1"," ","  27.1"," "," 0.00","F","999.9","000000"
"27373099999","2019-09-23","57.6666666","46.6333333","175.0","SAKUN JA, RS","  34.5"," 8","  30.3"," 8","1002.8"," 8","981.1"," 8"," 14.9"," 8","  6.8"," 8"," 11.7","999.9","  39.7"," ","  29.3","*"," 0.02","F","999.9","011000"
"27373099999","2019-09-24","57.6666666","46.6333333","175.0","SAKUN JA, RS","  33.8"," 7","  31.7"," 7","1011.4"," 7","989.6"," 7"," 13.6"," 7","  3.1"," 7","  5.8","999.9","  41.4"," ","  29.3"," "," 0.06","F","999.9","011000"
"27373099999","2019-09-25","57.6666666","46.6333333","175.0","SAKUN JA, RS","  37.8"," 8","  32.4"," 8","1015.1"," 8","993.4"," 8"," 20.4"," 8","  3.4"," 8","  3.9","999.9","  43.5"," ","  31.1"," "," 0.02","F","999.9","000000"
"27373099999","2019-09-26","57.6666666","46.6333333","175.0","SAKUN JA, RS","  37.9"," 8","  30.6"," 8","1013.6"," 8","991.9"," 8"," 20.4"," 8","  4.1"," 8","  5.8","999.9","  42.6"," ","  33.1"," "," 0.00","F","999.9","000000"
"27373099999","2019-09-27","57.6666666","46.6333333","175.0","SAKUN JA, RS","  39.8"," 8","  34.6"," 8","1011.8"," 8","990.3"," 8"," 20.4"," 8","  4.9"," 8","  7.8","999.9","  45.9"," ","  34.7","*"," 0.04","F","999.9","010000"
"27373099999","2019-09-28","57.6666666","46.6333333","175.0","SAKUN JA, RS","  37.2"," 8","  32.5"," 8","1016.7"," 8","995.0"," 8"," 20.4"," 8","  2.9"," 6","  3.9","999.9","  43.5"," ","  30.4"," "," 0.00","F","999.9","010000"
"27373099999","2019-09-29","57.6666666","46.6333333","175.0","SAKUN JA, RS","  39.5"," 6","  30.8"," 6","1017.5"," 6","995.8"," 6"," 21.6"," 6","  4.5"," 6","  7.8","999.9","  44.4","*","  35.2"," "," 0.00","E","999.9","000000"
"27373099999","2019-09-30","57.6666666","46.6333333","175.0","SAKUN JA, RS","  44.3"," 6","  41.5"," 6","1007.4"," 6","986.2"," 6","  8.5"," 6","  8.1"," 6","  9.7","999.9","  48.6","*","  35.4"," "," 0.08","F","999.9","010000"
"27373099999","2019-10-01","57.6666666","46.6333333","175.0","SAKUN JA, RS","  52.5"," 8","  49.5"," 8"," 999.9"," 8","979.1"," 8"," 18.0"," 8","  9.7"," 8"," 11.7","999.9","  53.8","*","  45.1"," "," 0.04","F","999.9","010000"
"27373099999","2019-10-02","57.6666666","46.6333333","175.0","SAKUN JA, RS","  49.7"," 7","  40.3"," 7","1006.1"," 7","985.2"," 7"," 22.9"," 7","  7.5"," 7"," 11.7","999.9","  53.4","*","  40.6"," "," 0.20","F","999.9","010000"
"27373099999","2019-10-03","57.6666666","46.6333333","175.0","SAKUN JA, RS","  52.3"," 7","  44.0"," 7","1011.3"," 7","990.3"," 7"," 22.9"," 7","  4.4"," 7","  7.8"," 11.7","  56.3"," ","  46.8"," "," 0.02","F","999.9","010000"
"27373099999","2019-10-04","57.6666666","46.6333333","175.0","SAKUN JA, RS","  55.8"," 7","  48.3"," 7","1007.8"," 7","987.0"," 7"," 18.8"," 7","  8.9"," 7"," 11.7"," 15.5","  61.5","*","  47.8"," "," 0.00","E","999.9","000000"
"27373099999","2019-10-08","57.6666666","46.6333333","175.0","SAKUN JA, RS","  35.0"," 6","  25.6"," 6","1016.0"," 6","994.2"," 6"," 16.8"," 6","  8.4"," 6"," 13.6","999.9","  39.7"," ","  29.7","*"," 0.16","F","999.9","000000"
"27373099999","2019-10-09","57.6666666","46.6333333","175.0","SAKUN JA, RS","  34.3"," 5","  26.0"," 5","1015.7"," 5","993.9"," 5"," 19.6"," 5","  5.8"," 5","  7.8","999.9","  41.7","*","  27.3"," "," 0.00","E","999.9","000000"
"27373099999","2019-10-11","57.6666666","46.6333333","175.0","SAKUN JA, RS","  43.2"," 4","  40.6"," 4","1006.2"," 4","984.9"," 4","  9.6"," 4","  6.3"," 4","  9.7"," 15.5","  50.4"," ","  37.2"," "," 0.31","F","999.9","010000"
"27373099999","2019-10-12","57.6666666","46.6333333","175.0","SAKUN JA, RS","  45.1"," 6","  40.8"," 6","1010.3"," 6","989.0"," 6"," 16.8"," 6","  7.8"," 6"," 15.5","999.9","  51.1"," ","  38.7"," "," 0.00","F","999.9","010000"
"27373099999","2019-10-13","57.6666666","46.6333333","175.0","SAKUN JA, RS","  46.9"," 7","  40.1"," 7"," 999.5"," 7","978.5"," 7"," 14.7"," 7","  8.0"," 7","  9.7"," 15.5","  50.7"," ","  45.5","*"," 0.54","F","999.9","010000"
"27373099999","2019-10-14","57.6666666","46.6333333","175.0","SAKUN JA, RS","  45.0"," 6","  35.9"," 6","1008.5"," 6","987.2"," 6"," 16.8"," 6","  7.8"," 6"," 11.7","999.9","  50.4"," ","  38.7"," "," 0.00","F","999.9","000000"
"27373099999","2019-10-17","57.6666666","46.6333333","175.0","SAKUN JA, RS","  41.2"," 5","  37.7"," 5","1015.3"," 5","993.7"," 5"," 13.9"," 5","  5.1"," 5","  7.8"," 13.6","  44.2"," ","  35.8","*"," 0.00","H","999.9","010000"
"27373099999","2019-10-18","57.6666666","46.6333333","175.0","SAKUN JA, RS","  35.7"," 8","  33.7"," 8","1016.2"," 8","994.4"," 8","  6.5"," 8","  6.1"," 8","  7.8","999.9","  39.9","*","  33.4","*"," 0.28","F","999.9","010000"
"27373099999","2019-10-19","57.6666666","46.6333333","175.0","SAKUN JA, RS","  34.5"," 7","  32.4"," 7","1025.6"," 7","003.5"," 7","  6.7"," 7","  5.8"," 7","  7.8","999.9","  36.3"," ","  32.5"," "," 0.00","F","999.9","010000"
"27373099999","2019-10-20","57.6666666","46.6333333","175.0","SAKUN JA, RS","  39.2"," 6","  37.7"," 6","1022.4"," 6","000.6"," 6","  2.2"," 6","  8.7"," 6"," 11.7","999.9","  45.9","*","  34.2"," "," 0.02","F","999.9","010000"
"27373099999","2019-10-21","57.6666666","46.6333333","175.0","SAKUN JA, RS","  49.7"," 6","  46.0"," 6","1013.2"," 6","992.1"," 6","  3.9"," 6","  8.7"," 6"," 13.6"," 17.5","  54.5"," ","  40.8"," "," 0.12","F","999.9","010000"
"27373099999","2019-10-22","57.6666666","46.6333333","175.0","SAKUN JA, RS","  36.0"," 7","  29.4"," 7","1019.4"," 7","997.5"," 7"," 14.7"," 7","  5.0"," 7","  7.8","999.9","  39.4"," ","  32.2","*"," 0.20","F","999.9","000000"
"27373099999","2019-10-23","57.6666666","46.6333333","175.0","SAKUN JA, RS","  44.9"," 8","  40.3"," 8","1010.2"," 8","988.9"," 8"," 13.2"," 8","  7.8"," 8","  9.7","999.9","  50.9"," ","  32.0"," "," 0.00","F","999.9","000000"
"27373099999","2019-10-24","57.6666666","46.6333333","175.0","SAKUN JA, RS","  42.8"," 6","  38.4"," 6","1017.5"," 6","995.9"," 6"," 16.8"," 6","  2.9"," 6","  3.9","999.9","  50.0"," ","  37.8"," "," 0.00","F","999.9","000000"
"27373099999","2019-10-25","57.6666666","46.6333333","175.0","SAKUN JA, RS","  43.6"," 6","  38.6"," 6","1020.1"," 6","998.5"," 6"," 12.0"," 6","  4.5"," 6","  5.8","999.9","  49.5"," ","  33.1"," "," 0.00","F","999.9","000000"
"27373099999","2019-10-26","57.6666666","46.6333333","175.0","SAKUN JA, RS","  44.4"," 8","  40.6"," 8","1008.7"," 8","987.5"," 8"," 13.2"," 8","  9.2"," 8"," 11.7","999.9","  47.5","*","  38.3"," "," 0.00","F","999.9","000000"
"27373099999","2019-10-27","57.6666666","46.6333333","175.0","SAKUN JA, RS","  46.6"," 8","  41.7"," 8"," 996.0"," 8","975.1"," 8"," 10.9"," 8","  9.7"," 7"," 11.7","999.9","  52.3"," ","  41.5","*"," 0.20","F","999.9","010000"
"27373099999","2019-10-28","57.6666666","46.6333333","175.0","SAKUN JA, RS","  37.5"," 8","  28.9"," 8"," 996.1"," 8","974.8"," 8"," 13.2"," 8"," 11.7"," 8"," 17.5","999.9","  50.0"," ","  27.1","*"," 0.12","F","999.9","011000"
"27373099999","2019-10-29","57.6666666","46.6333333","175.0","SAKUN JA, RS","  24.2"," 7","  13.9"," 7","1015.3"," 7","993.0"," 7"," 14.7"," 7","  3.3"," 7","  5.8","999.9","  28.4"," ","  19.4","*"," 0.00","F","999.9","000000"
"27373099999","2019-10-30","57.6666666","46.6333333","175.0","SAKUN JA, RS","  24.1"," 8","  20.9"," 8","1008.2"," 8","986.0"," 8","  1.8"," 8","  7.8"," 8","  9.7","999.9","  26.1"," ","  17.8"," "," 0.39","F","999.9","001000"
"27373099999","2019-10-31","57.6666666","46.6333333","175.0","SAKUN JA, RS","  21.2"," 8","  17.1"," 8","1013.4"," 8","991.0"," 8","  3.8"," 8","  7.3"," 8","  9.7","999.9","  23.4"," ","  18.1","*"," 0.43","F","  5.5","001000"
"27373099999","2019-11-01","57.6666666","46.6333333","175.0","SAKUN JA, RS","  20.7"," 8","  17.3"," 8","1014.5"," 8","992.0"," 8"," 10.1"," 8","  6.6"," 8","  9.7","999.9","  27.5","*","  13.6"," "," 0.04","E","999.9","001000"
"27373099999","2019-11-02","57.6666666","46.6333333","175.0","SAKUN JA, RS","  28.4"," 8","  24.6"," 8","1015.4"," 8","993.2"," 8"," 13.2"," 8","  6.1"," 8","  9.7","999.9","  31.1"," ","  22.6"," "," 0.09","F","  5.9","001000"
"27373099999","2019-11-03","57.6666666","46.6333333","175.0","SAKUN JA, RS","  29.5"," 8","  26.9"," 8","1017.4"," 8","995.3"," 8"," 13.2"," 8","  9.5"," 8"," 11.7"," 21.4","  33.4"," ","  23.7"," "," 0.00","F","999.9","001000"
"27373099999","2019-11-04","57.6666666","46.6333333","175.0","SAKUN JA, RS","  35.3"," 6","  32.6"," 6","1009.2"," 6","987.5"," 6","  4.5"," 5"," 11.0"," 6"," 13.6","999.9","  38.5","*","  31.8"," "," 0.02","E","999.9","010000"
"27373099999","2019-11-05","57.6666666","46.6333333","175.0","SAKUN JA, RS","  40.1"," 8","  38.2"," 8","1003.3"," 8","982.0"," 8","  3.4"," 8","  9.5"," 8"," 13.6","999.9","  46.2","*","  36.7"," "," 0.16","F","  2.4","010000"
"27373099999","2019-11-06","57.6666666","46.6333333","175.0","SAKUN JA, RS","  48.1"," 8","  43.6"," 8"," 998.6"," 8","977.7"," 8"," 13.2"," 8"," 10.0"," 8"," 13.6","999.9","  51.8"," ","  42.1"," "," 0.17","F","999.9","010000"
"27373099999","2019-11-07","57.6666666","46.6333333","175.0","SAKUN JA, RS","  39.4"," 6","  37.3"," 6","1000.5"," 6","979.2"," 6","  6.4"," 6","  6.5"," 6"," 11.7"," 13.6","  50.4","*","  23.0","*"," 0.16","E","999.9","011000"
"27373099999","2019-11-08","57.6666666","46.6333333","175.0","SAKUN JA, RS","  21.5"," 7","  17.9"," 7","1025.0"," 7","002.3"," 7"," 14.7"," 7","  4.2"," 7","  5.8","999.9","  22.6","*","  20.7","*"," 0.00","F","999.9","001000"
"27373099999","2019-11-09","57.6666666","46.6333333","175.0","SAKUN JA, RS","  22.0"," 8","  19.6"," 8","1033.9"," 8","011.0"," 8"," 13.2"," 8","  4.4"," 7","  7.8","999.9","  23.2"," ","  19.9"," "," 0.00","F","999.9","000000"
"27373099999","2019-11-10","57.6666666","46.6333333","175.0","SAKUN JA, RS","  28.3"," 8","  26.8"," 8","1028.2"," 8","005.8"," 8","  2.3"," 8","  7.5"," 8","  9.7","999.9","  32.4","*","  22.6"," "," 0.00","F","999.9","010000"
"27373099999","2019-11-11","57.6666666","46.6333333","175.0","SAKUN JA, RS","  37.9"," 8","  36.6"," 8","1019.8"," 8","998.0"," 8","  2.0"," 8","  8.7"," 8"," 11.7","999.9","  39.7"," ","  30.0"," "," 0.16","F","999.9","000000"
"27373099999","2019-11-12","57.6666666","46.6333333","175.0","SAKUN JA, RS","  38.8"," 8","  37.0"," 8","1015.0"," 8","993.4"," 8","  2.0"," 8","  7.5"," 8"," 11.7","999.9","  41.9"," ","  36.9"," "," 0.08","F","999.9","010000"
"27373099999","2019-11-13","57.6666666","46.6333333","175.0","SAKUN JA, RS","  33.1"," 8","  30.0"," 8","1029.6"," 8","007.4"," 8"," 13.2"," 8","  6.6"," 8"," 11.7","999.9","  35.8","*","  30.9","*"," 0.08","F","999.9","011000"
"27373099999","2019-11-14","57.6666666","46.6333333","175.0","SAKUN JA, RS","  31.3"," 8","  28.9"," 8","1033.8"," 8","011.4"," 8"," 13.2"," 8","  8.0"," 8","  9.7","999.9","  32.5"," ","  30.7"," "," 0.00","F","999.9","000000"
"27373099999","2019-11-15","57.6666666","46.6333333","175.0","SAKUN JA, RS","  31.5"," 8","  27.8"," 8","1033.1"," 8","010.8"," 8"," 13.2"," 8","  8.0"," 8"," 11.7","999.9","  36.0"," ","  29.1"," "," 0.00","F","999.9","000000"
"27373099999","2019-11-16","57.6666666","46.6333333","175.0","SAKUN JA, RS","  30.3"," 8","  27.7"," 8","1030.9"," 8","008.5"," 8"," 13.2"," 8","  7.0"," 8","  9.7","999.9","  32.7"," ","  26.6"," "," 0.00","F","999.9","000000"
"27373099999","2019-11-17","57.6666666","46.6333333","175.0","SAKUN JA, RS","  32.9"," 8","  31.2"," 8","1029.7"," 8","007.4"," 8","  2.4"," 8","  2.7"," 8","  3.9","999.9","  33.4"," ","  31.8"," "," 0.00","F","999.9","111000"
"27373099999","2019-11-18","57.6666666","46.6333333","175.0","SAKUN JA, RS","  35.9"," 7","  34.7"," 7","1026.7"," 7","004.7"," 7","  1.1"," 7","  4.2"," 7","  5.8","999.9","  37.8","*","  33.3"," "," 0.06","F","999.9","110000"
"27373099999","2019-11-19","57.6666666","46.6333333","175.0","SAKUN JA, RS","  23.0"," 6","  18.9"," 6","1040.6"," 6","017.6"," 6"," 16.8"," 6","  7.1"," 6","  7.8","999.9","  33.8"," ","  11.5","*"," 0.00","H","999.9","001000"
"27373099999","2019-11-20","57.6666666","46.6333333","175.0","SAKUN JA, RS","  10.5"," 8","   3.3"," 8","1050.5"," 8","026.7"," 8"," 13.2"," 8","  5.1"," 8","  7.8"," 13.6","  23.0","*","   5.7"," "," 0.00","E","999.9","000000"
"27373099999","2019-11-21","57.6666666","46.6333333","175.0","SAKUN JA, RS","  10.7"," 8","   4.3"," 8","1050.5"," 8","026.7"," 8"," 13.2"," 8","  4.4"," 8","  5.8","999.9","  18.3"," ","   4.1"," "," 0.00","F","999.9","000000"
"27373099999","2019-11-22","57.6666666","46.6333333","175.0","SAKUN JA, RS","  13.1"," 8","   8.4"," 8","1045.2"," 8","021.6"," 8"," 13.2"," 8","  4.4"," 8","  5.8","999.9","  19.9"," ","   8.1"," "," 0.00","F","999.9","000000"
"27373099999","2019-11-23","57.6666666","46.6333333","175.0","SAKUN JA, RS","  13.4"," 8","   6.7"," 8","1041.4"," 8","018.0"," 8"," 13.2"," 8","  3.2"," 8","  5.8","999.9","  21.9"," ","   8.6","*"," 0.00","F","999.9","000000"
"27373099999","2019-11-25","57.6666666","46.6333333","175.0","SAKUN JA, RS","  19.0"," 6","   9.7"," 6","1030.7"," 6","007.8"," 6"," 16.8"," 6","  5.8"," 6","  7.8","999.9","  23.4"," ","  14.2"," "," 0.00","E","999.9","000000"
"27373099999","2019-11-26","57.6666666","46.6333333","175.0","SAKUN JA, RS","  18.4"," 8","   8.9"," 8","1025.8"," 8","003.0"," 8"," 13.2"," 8","  7.5"," 8","  9.7","999.9","  22.8"," ","  14.7"," "," 0.00","F","999.9","000000"
"27373099999","2019-11-27","57.6666666","46.6333333","175.0","SAKUN JA, RS","  24.7"," 8","  16.9"," 8","1020.0"," 8","997.5"," 8"," 13.2"," 8"," 10.7"," 8"," 11.7","999.9","  26.6"," ","  18.3"," "," 0.00","F","999.9","001000"
"27373099999","2019-11-28","57.6666666","46.6333333","175.0","SAKUN JA, RS","  23.3"," 8","  15.1"," 8","1020.0"," 8","997.4"," 8"," 13.2"," 8","  6.8"," 8","  9.7","999.9","  25.9","*","  20.5"," "," 0.00","F","999.9","000000"
"27373099999","2019-11-29","57.6666666","46.6333333","175.0","SAKUN JA, RS","  26.9"," 6","  19.4"," 6","1017.1"," 6","994.8"," 6"," 16.8"," 6"," 10.4"," 6"," 11.7","999.9","  28.4"," ","  25.7","*"," 0.00","E","999.9","010000"
"27373099999","2019-11-30","57.6666666","46.6333333","175.0","SAKUN JA, RS","  28.1"," 8","  22.4"," 8","1009.1"," 8","987.1"," 8"," 13.2"," 8"," 11.2"," 8"," 13.6","999.9","  30.7"," ","  24.8"," "," 0.00","F","999.9","001000"
"27373099999","2019-12-01","57.6666666","46.6333333","175.0","SAKUN JA, RS","  26.1"," 8","  23.1"," 8","1005.0"," 8","983.0"," 8","  2.2"," 8","  7.3"," 8","  9.7","999.9","  28.9"," ","  22.6","*"," 0.39","F","  1.2","001000"
"27373099999","2019-12-02","57.6666666","46.6333333","175.0","SAKUN JA, RS","  19.0"," 8","  15.6"," 8","1013.2"," 8","990.7"," 8"," 13.2"," 8","  6.6"," 8","  9.7","999.9","  21.4","*","  14.9"," "," 0.00","H","  3.1","001000"
"27373099999","2019-12-03","57.6666666","46.6333333","175.0","SAKUN JA, RS","  21.9"," 8","  19.3"," 8","1011.1"," 8","988.7"," 8","  6.2"," 8","  6.8"," 8","  7.8","999.9","  24.3","*","  19.8"," "," 0.05","F","  3.1","001000"
"27373099999","2019-12-04","57.6666666","46.6333333","175.0","SAKUN JA, RS","  22.9"," 8","  20.4"," 8","1006.5"," 8","984.3"," 8"," 13.2"," 8","  5.8"," 8","  7.8","999.9","  24.1"," ","  21.0"," "," 0.04","F","  5.1","001000"
"27373099999","2019-12-05","57.6666666","46.6333333","175.0","SAKUN JA, RS","  27.6"," 8","  26.0"," 8","1002.2"," 8","980.3"," 8","  8.5"," 8","  6.8"," 8","  9.7","999.9","  32.7","*","  21.4"," "," 0.15","F","  5.1","001000"
"27373099999","2019-12-06","57.6666666","46.6333333","175.0","SAKUN JA, RS","  33.9"," 8","  30.9"," 8"," 999.0"," 8","977.5"," 8"," 13.2"," 8","  9.7"," 8"," 11.7"," 17.5","  34.9"," ","  29.5"," "," 0.01","F","  4.7","000000"
"27373099999","2019-12-07","57.6666666","46.6333333","175.0","SAKUN JA, RS","  32.8"," 8","  29.0"," 8","1004.1"," 8","982.4"," 8"," 13.2"," 8","  8.5"," 8","  9.7"," 15.5","  33.8","*","  31.5","*"," 0.00","E","  3.5","000000"
"27373099999","2019-12-08","57.6666666","46.6333333","175.0","SAKUN JA, RS","  33.2"," 8","  28.6"," 8","1003.8"," 8","982.2"," 8"," 13.2"," 8"," 11.9"," 8"," 13.6","999.9","  36.0"," ","  27.5"," "," 0.00","F","  3.1","000000"
"27373099999","2019-12-09","57.6666666","46.6333333","175.0","SAKUN JA, RS","  33.3"," 7","  27.9"," 7","1007.9"," 7","986.1"," 7"," 14.7"," 7"," 12.5"," 7"," 15.5","999.9","  35.1"," ","  32.4","*"," 0.00","F","  2.8","001000"
"27373099999","2019-12-10","57.6666666","46.6333333","175.0","SAKUN JA, RS","  34.6"," 8","  33.0"," 8","1012.7"," 8","990.9"," 8","  8.5"," 8","  8.3"," 8"," 11.7","999.9","  35.6"," ","  32.4"," "," 0.04","F","  2.8","000000"
"27373099999","2019-12-11","57.6666666","46.6333333","175.0","SAKUN JA, RS","  27.8"," 8","  25.0"," 8","1017.0"," 8","994.8"," 8","  7.0"," 8","  6.6"," 8","  9.7","999.9","  34.3"," ","  18.7","*"," 0.12","F","  0.8","011000"
"27373099999","2019-12-12","57.6666666","46.6333333","175.0","SAKUN JA, RS","  16.1"," 8","  13.5"," 8","1026.4"," 8","003.5"," 8"," 13.2"," 8","  4.5"," 6","  5.8","999.9","  21.4"," ","  12.6"," "," 0.00","F","  0.8","000000"
"27373099999","2019-12-13","57.6666666","46.6333333","175.0","SAKUN JA, RS","  16.3"," 8","  13.6"," 8","1024.0"," 8","001.1"," 8"," 13.2"," 8","  5.8"," 8","  7.8","  9.7","  19.4","*","  12.7"," "," 0.00","I","  0.8","000000"
"27373099999","2019-12-14","57.6666666","46.6333333","175.0","SAKUN JA, RS","  17.9"," 7","  15.6"," 7","1025.2"," 7","002.3"," 7"," 14.7"," 7","  5.0"," 7","  5.8","999.9","  21.0"," ","  14.9","*"," 0.01","E","999.9","001000"
"27373099999","2019-12-15","57.6666666","46.6333333","175.0","SAKUN JA, RS","  22.0"," 8","  19.1"," 8","1022.0"," 8","999.4"," 8"," 13.2"," 8","  8.3"," 8","  9.7","999.9","  25.2","*","  14.2"," "," 0.01","F","  0.8","011000"
"27373099999","2019-12-16","57.6666666","46.6333333","175.0","SAKUN JA, RS","  24.1"," 8","  20.6"," 8","1013.8"," 8","991.5"," 8","  9.4"," 8","  7.8"," 8","  9.7","999.9","  25.0","*","  22.6"," "," 0.14","F","  0.8","001000"
"27373099999","2019-12-17","57.6666666","46.6333333","175.0","SAKUN JA, RS","  28.2"," 8","  26.8"," 8","1010.9"," 8","988.8"," 8","  3.0"," 8","  3.6"," 8","  5.8","999.9","  30.6","*","  24.1"," "," 0.09","F","  3.1","101000"
"27373099999","2019-12-18","57.6666666","46.6333333","175.0","SAKUN JA, RS","  31.0"," 8","  29.6"," 8","1010.8"," 8","988.9"," 8"," 13.2"," 8","  4.6"," 8"," 11.7","999.9","  32.2"," ","  28.8"," "," 0.03","F","  3.1","000000"
"27373099999","2019-12-19","57.6666666","46.6333333","175.0","SAKUN JA, RS","  32.5"," 7","  30.4"," 7"," 992.4"," 7","971.0"," 7"," 12.1"," 7"," 11.4"," 7"," 15.5","999.9","  35.1"," ","  30.2","*"," 0.02","E","999.9","001000"
"27373099999","2019-12-20","57.6666666","46.6333333","175.0","SAKUN JA, RS","  27.2"," 8","  20.9"," 8","1008.0"," 8","986.0"," 8","  8.5"," 8"," 11.2"," 8"," 13.6","999.9","  29.1","*","  25.9","*"," 0.09","F","  4.3","001000"
"27373099999","2019-12-21","57.6666666","46.6333333","175.0","SAKUN JA, RS","  23.0"," 8","  18.3"," 8","1019.0"," 8","996.5"," 8"," 13.2"," 8","  5.8"," 6","  9.7"," 11.7","  25.3","*","  21.4","*"," 0.00","F","  2.4","000000"
"27373099999","2019-12-22","57.6666666","46.6333333","175.0","SAKUN JA, RS","  26.2"," 8","  20.8"," 8","1014.2"," 8","992.0"," 8"," 13.2"," 8","  9.2"," 8","  9.7","999.9","  30.0","*","  20.1"," "," 0.00","F","  2.4","010000"
"27373099999","2019-12-23","57.6666666","46.6333333","175.0","SAKUN JA, RS","  33.0"," 8","  31.5"," 8","1012.1"," 8","990.3"," 8","  3.6"," 8","  6.1"," 8","  9.7","999.9","  35.4","*","  27.9"," "," 0.08","F","  2.4","010000"
"27373099999","2019-12-24","57.6666666","46.6333333","175.0","SAKUN JA, RS","  32.4"," 8","  31.0"," 8","1013.6"," 8","991.7"," 8","  9.2"," 8","  7.5"," 8"," 11.7","999.9","  33.6","*","  31.5","*"," 0.00","F","  2.0","000000"
"27373099999","2019-12-25","57.6666666","46.6333333","175.0","SAKUN JA, RS","  28.9"," 8","  27.7"," 8","1016.2"," 8","994.0"," 8","  2.0"," 8","  4.6"," 8","  5.8","999.9","  31.5","*","  27.7","*"," 0.00","F","  2.0","100000"
"27373099999","2019-12-26","57.6666666","46.6333333","175.0","SAKUN JA, RS","  18.7"," 8","  16.2"," 8","1015.0"," 8","992.5"," 8"," 13.2"," 8","  2.7"," 8","  3.9","999.9","  25.2","*","  14.5","*"," 0.00","F","  2.0","000000"
"27373099999","2019-12-27","57.6666666","46.6333333","175.0","SAKUN JA, RS","  13.5"," 8","  10.2"," 8","1012.8"," 8","990.0"," 8","  5.4"," 8","  3.2"," 8","  3.9","999.9","  17.1"," ","   9.1"," "," 0.00","F","  2.0","000000"
"27373099999","2019-12-28","57.6666666","46.6333333","175.0","SAKUN JA, RS","  16.1"," 8","  12.9"," 8","1022.7"," 8","999.8"," 8"," 10.9"," 8","  4.9"," 8","  5.8","999.9","  20.1"," ","  11.5"," "," 0.00","F","  2.0","001000"
"27373099999","2019-12-29","57.6666666","46.6333333","175.0","SAKUN JA, RS","   7.1"," 5","   3.4"," 5","1031.4"," 5","007.9"," 5","  2.5"," 5","  3.9"," 5","  5.8","999.9","  17.2","*","  -0.2","*"," 0.00","F","  2.0","000000"
