"STATION","DATE","LATITUDE","LONGITUDE","ELEVATION","NAME","TEMP","TEMP_ATTRIBUTES","DEWP","DEWP_ATTRIBUTES","SLP","SLP_ATTRIBUTES","STP","STP_ATTRIBUTES","VISIB","VISIB_ATTRIBUTES","WDSP","WDSP_ATTRIBUTES","MXSPD","GUST","MAX","MAX_ATTRIBUTES","MIN","MIN_ATTRIBUTES","PRCP","PRCP_ATTRIBUTES","SNDP","FRSHTT"
"28661099999","2019-01-01","55.4666666","65.4","74.0","KURGAN, RS","  -9.1"," 8"," -15.4"," 8","1031.2"," 8","020.9"," 8","  9.3"," 8","  4.4"," 8","  5.8","999.9","  -6.3","*"," -11.7"," "," 0.00","F"," 11.4","000000"
"28661099999","2019-01-02","55.4666666","65.4","74.0","KURGAN, RS","  -1.5"," 8","  -7.1"," 8","1034.0"," 8","023.8"," 8","  7.0"," 8","  2.9"," 8","  3.9","999.9","   4.1","*","  -9.8"," "," 0.00","F"," 11.4","001000"
"28661099999","2019-01-03","55.4666666","65.4","74.0","KURGAN, RS","   9.0"," 8","   3.8"," 8","1035.2"," 8","025.2"," 8","  7.0"," 8","  4.6"," 8","  5.8","999.9","  11.1","*","  -3.8"," "," 0.01","F"," 11.4","001000"
"28661099999","2019-01-04","55.4666666","65.4","74.0","KURGAN, RS","   5.4"," 8","   0.3"," 8","1032.7"," 8","022.6"," 8","  7.8"," 8","  6.6"," 8","  9.7","999.9","  10.2","*","  -1.3","*"," 0.00","F"," 10.6","000000"
"28661099999","2019-01-05","55.4666666","65.4","74.0","KURGAN, RS","   7.0"," 8","  -0.5"," 8","1031.4"," 8","021.5"," 8"," 10.1"," 8","  6.8"," 8","  9.7","999.9","   9.9"," ","  -2.2"," "," 0.00","F"," 10.6","000000"
"28661099999","2019-01-06","55.4666666","65.4","74.0","KURGAN, RS","  11.3"," 8","   5.5"," 8","1021.3"," 8","011.5"," 8","  6.1"," 8","  5.6"," 8","  5.8","999.9","  13.1","*","   7.9"," "," 0.00","F"," 10.6","001000"
"28661099999","2019-01-07","55.4666666","65.4","74.0","KURGAN, RS","   3.6"," 8","  -0.6"," 8","1015.2"," 8","005.3"," 8","  7.8"," 8","  4.1"," 8","  5.8","999.9","   8.4","*","  -4.2","*"," 0.02","F"," 10.6","001000"
"28661099999","2019-01-08","55.4666666","65.4","74.0","KURGAN, RS","  -4.6"," 8","  -9.5"," 8","1010.8"," 8","000.8"," 8"," 12.4"," 8","  3.6"," 8","  3.9","999.9","   2.5","*","  -9.2","*"," 0.00","F"," 10.6","000000"
"28661099999","2019-01-09","55.4666666","65.4","74.0","KURGAN, RS","   3.7"," 8","  -1.6"," 8","1015.4"," 8","005.4"," 8","  7.0"," 8","  3.4"," 8","  3.9","999.9","  11.8","*"," -10.1"," "," 0.00","F"," 10.6","001000"
"28661099999","2019-01-10","55.4666666","65.4","74.0","KURGAN, RS","   7.5"," 8","   3.1"," 8","1025.8"," 8","015.8"," 8","  5.3"," 8","  3.3"," 7","  5.8","999.9","  12.2","*","  -3.3"," "," 0.01","F"," 10.6","001000"
"28661099999","2019-01-11","55.4666666","65.4","74.0","KURGAN, RS","   1.9"," 8","  -3.0"," 8","1024.5"," 8","014.5"," 8","  7.0"," 8","  4.6"," 8","  5.8","999.9","   3.6","*","   0.5"," "," 0.01","F"," 10.6","001000"
"28661099999","2019-01-12","55.4666666","65.4","74.0","KURGAN, RS","   4.4"," 8","  -0.7"," 8","1022.2"," 8","012.2"," 8","  8.9"," 8","  4.9"," 8","  7.8","999.9","  16.9","*","  -1.3"," "," 0.00","F"," 10.6","001000"
"28661099999","2019-01-13","55.4666666","65.4","74.0","KURGAN, RS","  23.7"," 8","  18.7"," 8","1013.2"," 8","003.7"," 8","  6.2"," 8","  7.5"," 8","  9.7","999.9","  29.3","*","   5.0"," "," 0.05","F"," 10.6","001000"
"28661099999","2019-01-14","55.4666666","65.4","74.0","KURGAN, RS","  21.3"," 8","  17.6"," 8","1008.1"," 8","998.7"," 8","  6.5"," 8","  3.9"," 8","  7.8","999.9","  27.7","*","  13.8","*"," 0.02","F"," 10.6","001000"
"28661099999","2019-01-15","55.4666666","65.4","74.0","KURGAN, RS","   4.3"," 8","   0.4"," 8","1017.8"," 8","007.9"," 8","  7.8"," 8","  2.4"," 8","  3.9","999.9","   9.3","*","   0.1","*"," 0.00","F"," 10.6","001000"
"28661099999","2019-01-16","55.4666666","65.4","74.0","KURGAN, RS","   8.1"," 8","   4.1"," 8","1022.8"," 8","012.9"," 8"," 13.2"," 8","  4.1"," 8","  5.8","999.9","  12.7","*","   0.0"," "," 0.00","F"," 10.6","001000"
"28661099999","2019-01-17","55.4666666","65.4","74.0","KURGAN, RS","  14.9"," 8","  10.9"," 8","1019.4"," 8","009.7"," 8","  6.8"," 8","  3.9"," 8","  5.8","999.9","  23.7","*","   7.3"," "," 0.00","F"," 10.6","001000"
"28661099999","2019-01-18","55.4666666","65.4","74.0","KURGAN, RS","  15.6"," 8","  12.6"," 8","1015.5"," 8","005.9"," 8","  9.6"," 8","  3.2"," 8","  5.8","999.9","  23.4","*","  10.4","*"," 0.08","F"," 11.4","001000"
"28661099999","2019-01-19","55.4666666","65.4","74.0","KURGAN, RS","   6.4"," 8","   1.8"," 8","1015.4"," 8","005.6"," 8","  8.0"," 7","  2.7"," 8","  3.9","999.9","  12.9","*","   2.7","*"," 0.00","F"," 11.4","000000"
"28661099999","2019-01-20","55.4666666","65.4","74.0","KURGAN, RS","  16.1"," 8","  12.2"," 8","1011.0"," 8","001.4"," 8","  8.5"," 8","  3.6"," 8","  5.8","999.9","  23.2","*","   2.5"," "," 0.00","F"," 11.4","001000"
"28661099999","2019-01-21","55.4666666","65.4","74.0","KURGAN, RS","  13.3"," 8","   7.0"," 8","1017.9"," 8","008.1"," 8"," 13.2"," 8","  5.6"," 8","  7.8","999.9","  20.8","*","   4.1","*"," 0.08","F"," 12.2","001000"
"28661099999","2019-01-22","55.4666666","65.4","74.0","KURGAN, RS","  11.4"," 8","   5.4"," 8","1016.8"," 8","007.0"," 8","  6.4"," 8","  6.8"," 8","  7.8","999.9","  19.2"," ","   2.7"," "," 0.04","F"," 11.8","001000"
"28661099999","2019-01-23","55.4666666","65.4","74.0","KURGAN, RS","   8.6"," 8","   4.5"," 8","1019.3"," 8","009.5"," 8","  9.3"," 8","  2.7"," 5","  3.9","999.9","  16.7","*","  -6.3","*"," 0.03","F"," 11.4","001000"
"28661099999","2019-01-24","55.4666666","65.4","74.0","KURGAN, RS","  -5.4"," 8"," -11.0"," 8","1029.5"," 8","019.2"," 8"," 13.2"," 8","  3.6"," 8","  5.8","999.9","   0.7","*"," -12.5","*"," 0.00","F"," 11.4","000000"
"28661099999","2019-01-25","55.4666666","65.4","74.0","KURGAN, RS","   0.7"," 8","  -4.5"," 8","1024.9"," 8","014.9"," 8","  6.1"," 8","  4.4"," 8","  5.8","999.9","   8.8","*"," -12.8"," "," 0.08","F"," 11.4","001000"
"28661099999","2019-01-26","55.4666666","65.4","74.0","KURGAN, RS","  -0.5"," 8","  -8.0"," 8","1021.5"," 8","011.4"," 8"," 13.2"," 8","  5.6"," 8","  7.8","999.9","   2.8","*","  -3.5"," "," 0.08","F"," 11.8","001000"
"28661099999","2019-01-27","55.4666666","65.4","74.0","KURGAN, RS","  -7.6"," 8"," -14.4"," 8","1041.5"," 8","031.1"," 8"," 13.2"," 8","  2.7"," 8","  3.9","999.9","  -0.2","*"," -16.4","*"," 0.00","F"," 11.4","000000"
"28661099999","2019-01-28","55.4666666","65.4","74.0","KURGAN, RS","  -8.6"," 8"," -14.4"," 8","1043.8"," 8","033.3"," 8","  8.5"," 8","  2.3"," 6","  3.9","999.9","   0.1","*"," -18.9"," "," 0.00","F"," 11.4","000000"
"28661099999","2019-01-29","55.4666666","65.4","74.0","KURGAN, RS","   0.2"," 8","  -9.2"," 8","1029.3"," 8","019.2"," 8"," 13.2"," 8","  2.5"," 7","  3.9","999.9","  10.0","*"," -17.0"," "," 0.00","F"," 11.4","001000"
"28661099999","2019-01-30","55.4666666","65.4","74.0","KURGAN, RS","   9.2"," 8","   3.1"," 8","1022.6"," 8","012.7"," 8"," 11.5"," 8","  5.3"," 8","  9.7","999.9","  13.8","*","  -0.6","*"," 0.02","F"," 11.4","001000"
"28661099999","2019-01-31","55.4666666","65.4","74.0","KURGAN, RS","  -5.8"," 8"," -13.2"," 8","1034.7"," 8","024.4"," 8"," 13.2"," 8","  4.1"," 8","  5.8","999.9","  -3.6","*","  -9.2"," "," 0.01","F"," 11.8","000000"
"28661099999","2019-02-01","55.4666666","65.4","74.0","KURGAN, RS","   3.0"," 8","  -2.3"," 8","1032.6"," 8","022.5"," 8","  4.8"," 8","  2.9"," 8","  3.9","999.9","   7.3","*"," -10.3"," "," 0.23","F"," 12.2","001000"
"28661099999","2019-02-02","55.4666666","65.4","74.0","KURGAN, RS","   5.4"," 8","   0.3"," 8","1029.9"," 8","019.9"," 8","  5.7"," 8","  3.6"," 7","  5.8","999.9","  10.0","*","   0.3","*"," 0.12","F"," 15.0","001000"
"28661099999","2019-02-03","55.4666666","65.4","74.0","KURGAN, RS","  -3.6"," 8"," -10.1"," 8","1035.9"," 8","025.7"," 8","  5.3"," 8","  4.1"," 8","  5.8","999.9","  -1.5","*","  -8.0","*"," 0.11","F"," 15.7","001000"
"28661099999","2019-02-04","55.4666666","65.4","74.0","KURGAN, RS","  -8.1"," 8"," -14.4"," 8","1037.1"," 8","026.7"," 8","  3.0"," 8","  7.0"," 8","  9.7","999.9","  -5.8","*"," -11.0","*"," 0.24","F"," 16.1","001000"
"28661099999","2019-02-05","55.4666666","65.4","74.0","KURGAN, RS"," -21.3"," 8"," -28.9"," 8","1044.2"," 8","033.4"," 8"," 13.2"," 8","  5.0"," 7","  7.8","999.9"," -15.0","*"," -27.8","*"," 0.04","F"," 16.9","000000"
"28661099999","2019-02-06","55.4666666","65.4","74.0","KURGAN, RS"," -23.5"," 8"," -31.2"," 8","1045.5"," 8","034.6"," 8"," 13.2"," 8","  1.9"," 7","  1.9","999.9"," -13.9","*"," -33.2","*"," 0.00","F"," 16.5","000000"
"28661099999","2019-02-07","55.4666666","65.4","74.0","KURGAN, RS"," -21.8"," 8"," -30.3"," 8","1044.6"," 8","033.8"," 8"," 12.4"," 8","  2.3"," 5","  3.9","999.9","  -9.9","*"," -38.6"," "," 0.00","F"," 16.5","000000"
"28661099999","2019-02-08","55.4666666","65.4","74.0","KURGAN, RS","  -6.1"," 8"," -14.3"," 8","1030.9"," 8","020.6"," 8"," 10.6"," 8","  3.6"," 8","  5.8","999.9","   1.9","*"," -20.2"," "," 0.04","F"," 16.5","001000"
"28661099999","2019-02-09","55.4666666","65.4","74.0","KURGAN, RS","  -2.3"," 8","  -7.6"," 8","1024.5"," 8","014.3"," 8","  6.5"," 8","  1.9"," 5","  1.9","999.9","   7.3","*"," -11.6","*"," 0.04","F"," 17.3","001000"
"28661099999","2019-02-10","55.4666666","65.4","74.0","KURGAN, RS","   3.7"," 8","  -0.5"," 8","1023.1"," 8","013.1"," 8","  6.2"," 8","  4.1"," 8","  7.8","999.9","  10.0","*"," -14.4"," "," 0.08","F"," 17.3","001000"
"28661099999","2019-02-11","55.4666666","65.4","74.0","KURGAN, RS","  18.6"," 8","  14.8"," 8","1026.0"," 8","016.3"," 8","  7.8"," 8","  2.9"," 8","  5.8","999.9","  25.3","*","   8.4"," "," 0.04","F"," 17.7","001000"
"28661099999","2019-02-12","55.4666666","65.4","74.0","KURGAN, RS","   9.2"," 8","   3.7"," 8","1031.1"," 8","021.2"," 8"," 10.1"," 8","  4.6"," 8","  5.8","999.9","  19.4","*","   1.8"," "," 0.00","F"," 16.9","001000"
"28661099999","2019-02-13","55.4666666","65.4","74.0","KURGAN, RS","   6.0"," 8","  -0.5"," 8","1034.4"," 8","024.4"," 8"," 13.2"," 8","  5.1"," 8","  5.8","999.9","  10.9","*","   0.7"," "," 0.00","F"," 16.5","000000"
"28661099999","2019-02-14","55.4666666","65.4","74.0","KURGAN, RS","   7.5"," 8","   1.7"," 8","1028.4"," 8","018.4"," 8"," 15.5"," 8","  4.4"," 8","  5.8","999.9","  15.8","*","   0.0","*"," 0.00","F"," 16.5","000000"
"28661099999","2019-02-15","55.4666666","65.4","74.0","KURGAN, RS","   4.4"," 8","  -1.0"," 8","1015.6"," 8","005.7"," 8"," 15.5"," 8","  4.2"," 7","  7.8","999.9","  10.6","*","  -4.0"," "," 0.00","F"," 16.5","000000"
"28661099999","2019-02-16","55.4666666","65.4","74.0","KURGAN, RS","  12.3"," 7","   8.3"," 7","1006.1"," 7","996.5"," 7","  5.7"," 7","  4.9"," 6"," 11.7","999.9","  18.9","*","  -6.5"," "," 0.08","F"," 16.1","001000"
"28661099999","2019-02-17","55.4666666","65.4","74.0","KURGAN, RS","  15.3"," 8","  10.7"," 8","1000.4"," 8","990.8"," 8","  7.8"," 8","  2.7"," 8","  3.9","999.9","  18.7","*","  10.8"," "," 0.00","F"," 16.9","001000"
"28661099999","2019-02-18","55.4666666","65.4","74.0","KURGAN, RS","  15.7"," 8","  11.6"," 8"," 997.3"," 8","987.8"," 8"," 12.7"," 8","  2.4"," 8","  3.9","999.9","  20.7","*","   6.1"," "," 0.00","F"," 16.5","001000"
"28661099999","2019-02-19","55.4666666","65.4","74.0","KURGAN, RS","  20.9"," 8","  17.5"," 8"," 999.7"," 8","990.3"," 8","  3.9"," 8","  3.4"," 8","  5.8","999.9","  24.3","*","  18.9","*"," 0.08","F"," 16.5","001000"
"28661099999","2019-02-20","55.4666666","65.4","74.0","KURGAN, RS","  11.1"," 8","   6.8"," 8","1010.6"," 8","000.9"," 8","  5.6"," 8","  3.1"," 7","  5.8","999.9","  17.2","*","   1.0","*"," 0.10","F"," 17.7","001000"
"28661099999","2019-02-21","55.4666666","65.4","74.0","KURGAN, RS","  10.8"," 8","   3.9"," 8","1016.3"," 8","006.6"," 8"," 13.2"," 8","  5.3"," 8","  7.8","999.9","  18.1","*","  -5.6"," "," 0.00","F"," 18.1","000000"
"28661099999","2019-02-22","55.4666666","65.4","74.0","KURGAN, RS","  22.9"," 8","  13.9"," 8","1022.1"," 8","012.6"," 8"," 11.7"," 8","  7.0"," 8","  9.7","999.9","  26.4"," ","  16.7"," "," 0.00","F"," 17.7","000000"
"28661099999","2019-02-23","55.4666666","65.4","74.0","KURGAN, RS","  19.6"," 8","  15.5"," 8","1018.7"," 8","009.1"," 8","  5.3"," 8","  4.1"," 8","  5.8","999.9","  23.9","*","  12.4","*"," 0.05","F"," 17.3","001000"
"28661099999","2019-02-24","55.4666666","65.4","74.0","KURGAN, RS","  11.3"," 8","   4.3"," 8","1016.1"," 8","006.4"," 8"," 11.7"," 8","  4.9"," 8","  5.8","999.9","  20.3","*","   3.2"," "," 0.01","F"," 18.1","000000"
"28661099999","2019-02-25","55.4666666","65.4","74.0","KURGAN, RS","  12.2"," 8","   5.3"," 8","1012.1"," 8","002.4"," 8","  5.7"," 8","  6.1"," 8","  7.8","999.9","  17.2","*","   5.4"," "," 0.01","F"," 18.1","001000"
"28661099999","2019-02-26","55.4666666","65.4","74.0","KURGAN, RS","   7.2"," 8","  -0.9"," 8","1009.8"," 8","000.0"," 8"," 16.3"," 8","  3.4"," 8","  3.9","999.9","  15.4","*","  -2.0","*"," 0.00","F"," 17.7","000000"
"28661099999","2019-02-27","55.4666666","65.4","74.0","KURGAN, RS","   5.9"," 8","  -1.2"," 8","1007.0"," 8","997.2"," 8","  8.1"," 8","  4.4"," 8","  5.8","999.9","  15.3","*","  -6.2"," "," 0.00","F"," 17.3","001000"
"28661099999","2019-02-28","55.4666666","65.4","74.0","KURGAN, RS","  10.6"," 8","   5.3"," 8","1003.0"," 8","993.4"," 8","  7.5"," 7","  3.9"," 8","  5.8","999.9","  16.7","*","   4.5"," "," 0.00","F"," 17.3","001000"
"28661099999","2019-03-01","55.4666666","65.4","74.0","KURGAN, RS","  21.2"," 8","  15.1"," 8","1002.5"," 8","993.0"," 8"," 15.5"," 8","  5.3"," 8","  7.8","999.9","  27.3"," ","   8.1"," "," 0.00","F"," 17.3","001000"
"28661099999","2019-03-02","55.4666666","65.4","74.0","KURGAN, RS","  22.1"," 8","  13.1"," 8","1002.3"," 8","992.9"," 8"," 16.3"," 8","  4.6"," 8","  5.8","999.9","  27.7","*","  17.4","*"," 0.00","F"," 16.9","001000"
"28661099999","2019-03-03","55.4666666","65.4","74.0","KURGAN, RS","  22.6"," 8","  19.4"," 8"," 990.1"," 8","980.8"," 8","  3.4"," 8","  6.1"," 8","  9.7","999.9","  26.4","*","  17.4"," "," 0.43","F"," 18.5","001000"
"28661099999","2019-03-04","55.4666666","65.4","74.0","KURGAN, RS","  17.8"," 8","  10.0"," 8","1000.1"," 8","990.6"," 8"," 11.8"," 8","  6.8"," 8","  9.7","999.9","  25.9"," ","   9.1","*"," 0.12","F"," 22.0","001000"
"28661099999","2019-03-05","55.4666666","65.4","74.0","KURGAN, RS","  11.1"," 8","   3.9"," 8","1012.1"," 8","002.4"," 8"," 18.6"," 8","  4.1"," 8","  5.8","999.9","  22.3","*","   2.5","*"," 0.00","F"," 21.3","000000"
"28661099999","2019-03-06","55.4666666","65.4","74.0","KURGAN, RS","  25.4"," 8","  20.2"," 8","1011.4"," 8","002.0"," 8","  7.8"," 8","  9.2"," 7"," 11.7","999.9","  35.6","*","  -1.3"," "," 0.00","F"," 20.5","001000"
"28661099999","2019-03-07","55.4666666","65.4","74.0","KURGAN, RS","  32.3"," 8","  23.0"," 8","1011.8"," 8","002.5"," 8"," 16.3"," 8","  8.3"," 8"," 11.7","999.9","  39.2"," ","  19.8","*"," 0.00","F"," 18.5","000000"
"28661099999","2019-03-08","55.4666666","65.4","74.0","KURGAN, RS","  18.3"," 8","   6.1"," 8","1028.4"," 8","018.6"," 8"," 18.6"," 8","  4.6"," 8","  7.8","999.9","  28.4","*","   7.9"," "," 0.00","F"," 16.9","000000"
"28661099999","2019-03-09","55.4666666","65.4","74.0","KURGAN, RS","  20.3"," 8","   5.0"," 8","1026.8"," 8","017.1"," 8"," 18.6"," 8","  8.5"," 8"," 11.7","999.9","  29.5"," ","  10.4"," "," 0.00","F"," 16.5","000000"
"28661099999","2019-03-10","55.4666666","65.4","74.0","KURGAN, RS","  25.9"," 8","  20.5"," 8","1016.5"," 8","007.0"," 8","  7.3"," 8","  6.8"," 8","  9.7","999.9","  31.6","*","  18.0"," "," 0.00","F"," 15.7","001000"
"28661099999","2019-03-11","55.4666666","65.4","74.0","KURGAN, RS","  34.8"," 8","  29.5"," 8","1016.4"," 8","007.1"," 8"," 13.2"," 8","  4.9"," 8","  7.8","999.9","  39.2","*","  29.3"," "," 0.00","F"," 15.7","000000"
"28661099999","2019-03-12","55.4666666","65.4","74.0","KURGAN, RS","  34.8"," 8","  27.7"," 8","1011.8"," 8","002.5"," 8"," 18.6"," 8","  7.5"," 8"," 11.7","999.9","  36.9","*","  31.1"," "," 0.00","F"," 15.4","010000"
"28661099999","2019-03-13","55.4666666","65.4","74.0","KURGAN, RS","  36.1"," 7","  27.9"," 7","1013.0"," 7","003.8"," 7"," 16.9"," 7","  5.5"," 7","  7.8","999.9","  42.8"," ","  33.1","*"," 0.00","F"," 14.6","000000"
"28661099999","2019-03-14","55.4666666","65.4","74.0","KURGAN, RS","  36.8"," 8","  30.0"," 8","1004.8"," 8","995.7"," 8"," 16.3"," 8","  5.6"," 7","  9.7","999.9","  42.4"," ","  32.0"," "," 0.00","F"," 11.4","010000"
"28661099999","2019-03-15","55.4666666","65.4","74.0","KURGAN, RS","  27.4"," 8","  17.8"," 8","1006.7"," 8","997.3"," 8"," 12.4"," 8","  8.5"," 8"," 11.7","999.9","  30.4"," ","  22.6","*"," 0.02","F","  9.4","001000"
"28661099999","2019-03-16","55.4666666","65.4","74.0","KURGAN, RS","  25.1"," 8","   8.0"," 8","1020.4"," 8","010.9"," 8"," 18.6"," 8","  6.3"," 8","  9.7","999.9","  34.7"," ","  16.3","*"," 0.00","F","  9.4","000000"
"28661099999","2019-03-17","55.4666666","65.4","74.0","KURGAN, RS","  24.4"," 8","  10.6"," 8","1029.4"," 8","019.8"," 8"," 18.6"," 8","  2.6"," 6","  3.9","999.9","  37.9","*","  12.4"," "," 0.00","F","  9.4","000000"
"28661099999","2019-03-18","55.4666666","65.4","74.0","KURGAN, RS","  23.2"," 8","  13.3"," 8","1033.5"," 8","023.9"," 8"," 18.6"," 8","999.9"," 0","999.9","999.9","  34.2","*","   9.3"," "," 0.00","F","  9.1","000000"
"28661099999","2019-03-19","55.4666666","65.4","74.0","KURGAN, RS","  21.9"," 8","  13.3"," 8","1032.9"," 8","023.2"," 8"," 18.6"," 8","  2.9"," 4","  3.9","999.9","  34.0","*","   9.7"," "," 0.00","F","  9.1","000000"
"28661099999","2019-03-20","55.4666666","65.4","74.0","KURGAN, RS","  23.4"," 8","  13.4"," 8","1027.5"," 8","017.9"," 8"," 18.6"," 8","  2.9"," 6","  3.9","999.9","  36.1","*","   6.1"," "," 0.00","F","  9.1","000000"
"28661099999","2019-03-21","55.4666666","65.4","74.0","KURGAN, RS","  24.7"," 8","  18.0"," 8","1020.4"," 8","010.9"," 8"," 15.1"," 8","  3.9"," 8","  5.8","999.9","  36.1"," ","  15.1"," "," 0.00","F","  8.7","000000"
"28661099999","2019-03-22","55.4666666","65.4","74.0","KURGAN, RS","  29.5"," 8","  20.0"," 8","1018.4"," 8","008.9"," 8"," 18.6"," 8","999.9"," 0","999.9","999.9","  42.6","*","  16.0"," "," 0.00","F","  8.3","000000"
"28661099999","2019-03-23","55.4666666","65.4","74.0","KURGAN, RS","  31.1"," 8","  20.2"," 8","1020.3"," 8","010.9"," 8"," 18.6"," 8","  2.8"," 7","  3.9","999.9","  41.2","*","  18.9"," "," 0.00","F","  7.5","000000"
"28661099999","2019-03-24","55.4666666","65.4","74.0","KURGAN, RS","  33.8"," 8","  24.9"," 8","1022.3"," 8","013.0"," 8","  9.3"," 8","  2.8"," 7","  3.9","999.9","  43.9","*","  23.5"," "," 0.00","F","  7.5","000000"
"28661099999","2019-03-25","55.4666666","65.4","74.0","KURGAN, RS","  36.5"," 8","  27.3"," 8","1019.1"," 8","009.8"," 8"," 18.6"," 8","  4.6"," 8","  7.8","999.9","  45.9","*","  23.7"," "," 0.00","F","  5.5","000000"
"28661099999","2019-03-26","55.4666666","65.4","74.0","KURGAN, RS","  35.3"," 8","  27.4"," 8","1014.5"," 8","005.2"," 8"," 16.3"," 8","  5.6"," 8","  7.8","999.9","  41.4","*","  28.6","*"," 0.20","F","  3.5","011000"
"28661099999","2019-03-27","55.4666666","65.4","74.0","KURGAN, RS","  33.8"," 8","  23.8"," 8","1025.1"," 8","015.8"," 8"," 18.6"," 8","  4.4"," 7","  7.8","999.9","  42.3","*","  24.8"," "," 0.00","F","  3.5","000000"
"28661099999","2019-03-28","55.4666666","65.4","74.0","KURGAN, RS","  34.6"," 8","  23.8"," 8","1020.8"," 8","011.4"," 8"," 18.6"," 8","  6.5"," 6","  7.8","999.9","  42.4"," ","  24.4"," "," 0.00","F","  2.4","010000"
"28661099999","2019-03-29","55.4666666","65.4","74.0","KURGAN, RS","  35.8"," 8","  32.6"," 8","1009.2"," 8","000.0"," 8","  7.8"," 8","  3.2"," 8","  5.8","999.9","  39.9","*","  32.2"," "," 0.02","F","  0.8","010000"
"28661099999","2019-03-30","55.4666666","65.4","74.0","KURGAN, RS","  34.7"," 8","  25.0"," 8","1013.4"," 8","004.1"," 8"," 18.6"," 8","  5.8"," 8","  7.8","999.9","  41.7"," ","  29.3"," "," 0.00","F","  1.2","000000"
"28661099999","2019-03-31","55.4666666","65.4","74.0","KURGAN, RS","  33.5"," 8","  23.6"," 8","1011.1"," 8","001.8"," 8"," 18.6"," 8","  5.1"," 8","  7.8","999.9","  39.0","*","  28.6"," "," 0.00","F","  0.4","000000"
"28661099999","2019-04-01","55.4666666","65.4","74.0","KURGAN, RS","  39.5"," 8","  30.0"," 8","1013.9"," 8","004.7"," 8"," 18.6"," 8","  8.0"," 8"," 13.6","999.9","  46.2"," ","  27.1"," "," 0.00","F","  0.4","000000"
"28661099999","2019-04-02","55.4666666","65.4","74.0","KURGAN, RS","  40.8"," 8","  26.1"," 8","1023.8"," 8","014.6"," 8"," 18.6"," 8","  3.1"," 7","  5.8","999.9","  47.3","*","  34.3","*"," 0.00","F","999.9","000000"
"28661099999","2019-04-03","55.4666666","65.4","74.0","KURGAN, RS","  37.0"," 8","  26.2"," 8","1021.0"," 8","011.7"," 8"," 16.3"," 8","  7.5"," 8","  9.7","999.9","  42.4"," ","  32.7"," "," 0.04","F","999.9","010000"
"28661099999","2019-04-04","55.4666666","65.4","74.0","KURGAN, RS","  34.1"," 8","  31.5"," 8","1020.4"," 8","011.0"," 8","  7.0"," 8","  4.9"," 8","  5.8","999.9","  36.1","*","  32.5"," "," 0.39","F","  0.4","010000"
"28661099999","2019-04-05","55.4666666","65.4","74.0","KURGAN, RS","  38.3"," 8","  25.5"," 8","1027.0"," 8","017.7"," 8"," 18.6"," 8","  4.6"," 8","  7.8","999.9","  48.7","*","  29.1"," "," 0.00","F","999.9","000000"
"28661099999","2019-04-06","55.4666666","65.4","74.0","KURGAN, RS","  40.8"," 8","  24.8"," 8","1031.5"," 8","022.2"," 8"," 18.6"," 8","  3.6"," 8","  5.8","999.9","  54.3","*","  28.6"," "," 0.00","F","999.9","000000"
"28661099999","2019-04-07","55.4666666","65.4","74.0","KURGAN, RS","  43.7"," 8","  22.6"," 8","1032.8"," 8","023.5"," 8"," 18.6"," 8","  2.4"," 8","  3.9","999.9","  57.9","*","  27.9"," "," 0.00","F","999.9","000000"
"28661099999","2019-04-08","55.4666666","65.4","74.0","KURGAN, RS","  44.5"," 8","  28.2"," 8","1025.6"," 8","016.4"," 8"," 18.6"," 8","  3.6"," 7","  5.8","999.9","  55.4","*","  27.5"," "," 0.00","F","999.9","000000"
"28661099999","2019-04-09","55.4666666","65.4","74.0","KURGAN, RS","  43.3"," 8","  28.1"," 8","1022.1"," 8","012.9"," 8"," 18.6"," 8","  2.7"," 8","  3.9","999.9","  55.4","*","  29.1","*"," 0.00","F","999.9","000000"
"28661099999","2019-04-10","55.4666666","65.4","74.0","KURGAN, RS","  42.8"," 8","  26.9"," 8","1026.5"," 8","017.2"," 8"," 15.5"," 8","  2.3"," 6","  3.9","999.9","  56.3","*","  24.1"," "," 0.00","F","999.9","000000"
"28661099999","2019-04-11","55.4666666","65.4","74.0","KURGAN, RS","  50.9"," 8","  29.7"," 8","1024.2"," 8","015.1"," 8"," 18.6"," 8","  4.7"," 7","  5.8","999.9","  65.1","*","  31.1"," "," 0.00","F","999.9","000000"
"28661099999","2019-04-12","55.4666666","65.4","74.0","KURGAN, RS","  55.4"," 8","  29.6"," 8","1018.0"," 8","009.1"," 8"," 18.6"," 8","  4.6"," 8","  5.8","999.9","  69.6","*","  41.0"," "," 0.00","F","999.9","000000"
"28661099999","2019-04-13","55.4666666","65.4","74.0","KURGAN, RS","  43.7"," 8","  32.1"," 8","1017.5"," 8","008.3"," 8"," 14.0"," 8","  3.9"," 8","  7.8","999.9","  51.8","*","  35.1"," "," 0.00","F","999.9","000000"
"28661099999","2019-04-14","55.4666666","65.4","74.0","KURGAN, RS","  30.4"," 8","  22.4"," 8","1022.3"," 8","012.9"," 8","  6.5"," 8","  6.1"," 8","  7.8","999.9","  38.5","*","  18.5","*"," 0.11","F","999.9","010000"
"28661099999","2019-04-15","55.4666666","65.4","74.0","KURGAN, RS","  30.2"," 8","   9.2"," 8","1017.9"," 8","008.5"," 8"," 18.6"," 8","  3.6"," 8","  5.8","999.9","  41.2","*","  14.7"," "," 0.00","F","999.9","000000"
"28661099999","2019-04-16","55.4666666","65.4","74.0","KURGAN, RS","  34.9"," 8","  24.2"," 8","1007.4"," 8","998.2"," 8"," 17.5"," 8","  5.6"," 8"," 11.7","999.9","  44.4"," ","  24.6"," "," 0.08","F","999.9","011000"
"28661099999","2019-04-17","55.4666666","65.4","74.0","KURGAN, RS","  21.2"," 8","  11.0"," 8","1019.1"," 8","009.5"," 8","  6.6"," 8","  9.0"," 8"," 11.7","999.9","  23.7"," ","  18.5","*"," 0.12","F","  1.6","001000"
"28661099999","2019-04-18","55.4666666","65.4","74.0","KURGAN, RS","  29.3"," 8","   9.5"," 8","1028.6"," 8","019.1"," 8"," 19.4"," 8","  3.9"," 8","  7.8","999.9","  40.3","*","  15.8"," "," 0.00","F","  0.4","000000"
"28661099999","2019-04-19","55.4666666","65.4","74.0","KURGAN, RS","  35.0"," 8","  12.1"," 8","1022.0"," 8","012.7"," 8"," 19.4"," 8","  2.2"," 7","  3.9","999.9","  47.1","*","  19.6"," "," 0.00","F","999.9","000000"
"28661099999","2019-04-20","55.4666666","65.4","74.0","KURGAN, RS","  39.5"," 8","  21.8"," 8","1019.9"," 8","010.7"," 8"," 18.6"," 8","  4.6"," 8","  7.8","999.9","  45.5","*","  25.9"," "," 0.00","F","999.9","000000"
"28661099999","2019-04-21","55.4666666","65.4","74.0","KURGAN, RS","  43.0"," 8","  24.4"," 8","1022.1"," 8","012.9"," 8"," 18.6"," 8","  3.2"," 8","  3.9","999.9","  50.9","*","  35.6"," "," 0.00","F","999.9","000000"
"28661099999","2019-04-22","55.4666666","65.4","74.0","KURGAN, RS","  46.8"," 8","  27.0"," 8","1019.5"," 8","010.4"," 8"," 17.1"," 8","  3.2"," 8","  3.9","999.9","  54.3","*","  34.3"," "," 0.00","F","999.9","000000"
"28661099999","2019-04-23","55.4666666","65.4","74.0","KURGAN, RS","  52.6"," 8","  27.7"," 8","1012.5"," 8","003.6"," 8"," 19.4"," 8","  4.1"," 8","  5.8","999.9","  61.7","*","  41.5"," "," 0.00","F","999.9","000000"
"28661099999","2019-04-24","55.4666666","65.4","74.0","KURGAN, RS","  46.5"," 8","  29.1"," 8","1010.4"," 8","001.4"," 8"," 18.6"," 8","  4.1"," 8","  7.8","999.9","  53.1","*","  39.2"," "," 0.00","F","999.9","000000"
"28661099999","2019-04-25","55.4666666","65.4","74.0","KURGAN, RS","  39.9"," 8","  29.9"," 8","1011.1"," 8","002.0"," 8"," 13.2"," 8","  5.8"," 7","  9.7","999.9","  44.4","*","  34.9","*"," 0.14","F","999.9","010000"
"28661099999","2019-04-26","55.4666666","65.4","74.0","KURGAN, RS","  38.2"," 8","  22.7"," 8","1014.3"," 8","005.1"," 8"," 21.7"," 8","  3.6"," 7","  5.8","999.9","  45.3","*","  27.7"," "," 0.00","F","999.9","000000"
"28661099999","2019-04-27","55.4666666","65.4","74.0","KURGAN, RS","  39.3"," 8","  18.1"," 8","1012.5"," 8","003.3"," 8"," 25.6"," 8","  5.8"," 7","  7.8","999.9","  44.2","*","  32.5"," "," 0.00","F","999.9","011000"
"28661099999","2019-04-28","55.4666666","65.4","74.0","KURGAN, RS","  55.2"," 8","  31.0"," 8","1000.4"," 8","991.6"," 8"," 20.2"," 8","  6.1"," 8","  9.7","999.9","  72.0"," ","  35.1"," "," 0.02","F","999.9","000010"
"28661099999","2019-04-29","55.4666666","65.4","74.0","KURGAN, RS","  29.5"," 8","  23.6"," 8","1006.2"," 8","996.9"," 8","  5.0"," 8","  7.3"," 8","  9.7","999.9","  35.2","*","  25.2","*"," 0.16","F","999.9","001000"
"28661099999","2019-04-30","55.4666666","65.4","74.0","KURGAN, RS","  30.6"," 8","  14.5"," 8","1015.6"," 8","006.2"," 8"," 21.7"," 8","  5.8"," 8","  7.8","999.9","  39.2","*","  20.5"," "," 0.00","F","  1.2","001000"
"28661099999","2019-05-01","55.4666666","65.4","74.0","KURGAN, RS","  37.6"," 8","  15.8"," 8","1019.1"," 8","009.8"," 8"," 22.5"," 8","  4.4"," 8","  7.8","999.9","  47.1","*","  25.0"," "," 0.00","F","999.9","010000"
"28661099999","2019-05-02","55.4666666","65.4","74.0","KURGAN, RS","  48.4"," 8","  16.8"," 8","1021.1"," 8","012.0"," 8"," 22.5"," 8","  3.9"," 8","  5.8","999.9","  61.3","*","  29.3"," "," 0.00","F","999.9","000000"
"28661099999","2019-05-03","55.4666666","65.4","74.0","KURGAN, RS","  56.8"," 7","  19.2"," 7","1020.9"," 7","012.0"," 7"," 11.5"," 7","  7.8"," 7"," 11.7","999.9","  65.7"," ","  39.7"," "," 0.00","F","999.9","000000"
"28661099999","2019-05-04","55.4666666","65.4","74.0","KURGAN, RS","  61.6"," 5","  24.2"," 5","1020.8"," 5","011.9"," 5"," 21.1"," 5","  8.5"," 5"," 11.7"," 29.1","  72.5","*","  49.8"," "," 0.00","I","999.9","000000"
"28661099999","2019-05-05","55.4666666","65.4","74.0","KURGAN, RS","  63.8"," 5","  39.3"," 5","1025.2"," 5","016.3"," 5"," 22.4"," 5","  1.9"," 5","  3.9","999.9","  76.3","*","  52.2"," "," 0.00","I","999.9","000000"
"28661099999","2019-05-06","55.4666666","65.4","74.0","KURGAN, RS","  65.6"," 5","  36.2"," 5","1024.6"," 5","015.8"," 5"," 14.9"," 5","  2.7"," 5","  3.9","999.9","  76.1","*","  58.8"," ","99.99"," ","999.9","010000"
"28661099999","2019-05-07","55.4666666","65.4","74.0","KURGAN, RS","  69.0"," 5","  33.0"," 5","1019.7"," 5","010.9"," 5"," 18.6"," 5","  3.1"," 5","  5.8","999.9","  86.0","*","  46.6"," "," 0.00","I","999.9","000000"
"28661099999","2019-05-08","55.4666666","65.4","74.0","KURGAN, RS","  71.1"," 5","  35.6"," 5","1016.6"," 5","007.9"," 5"," 27.3"," 5","  2.3"," 5","  5.8","999.9","  86.4","*","  54.5"," "," 0.00","I","999.9","000000"
"28661099999","2019-05-09","55.4666666","65.4","74.0","KURGAN, RS","  71.9"," 5","  39.9"," 5","1017.4"," 5","008.7"," 5"," 22.4"," 5","  3.1"," 5","  7.8","999.9","  84.2","*","  58.1"," ","99.99"," ","999.9","010010"
"28661099999","2019-05-10","55.4666666","65.4","74.0","KURGAN, RS","  68.8"," 5","  46.1"," 5","1020.4"," 5","011.7"," 5"," 22.4"," 5","  1.6"," 5","  3.9"," 19.4","  83.3","*","  57.9"," "," 0.03","E","999.9","000000"
"28661099999","2019-05-11","55.4666666","65.4","74.0","KURGAN, RS","  67.0"," 5","  48.6"," 5","1022.1"," 5","013.4"," 5"," 12.4"," 5","  2.3"," 5","  5.8","999.9","  84.4","*","  52.3"," "," 0.00","I","999.9","000000"
"28661099999","2019-05-12","55.4666666","65.4","74.0","KURGAN, RS","  64.9"," 5","  45.3"," 5","1023.9"," 5","015.0"," 5"," 22.4"," 5","  3.1"," 5","  5.8","999.9","  78.8","*","  50.7"," "," 0.00","I","999.9","000000"
"28661099999","2019-05-13","55.4666666","65.4","74.0","KURGAN, RS","  59.8"," 5","  35.8"," 5","1022.8"," 5","013.9"," 5"," 26.1"," 5","  1.9"," 5","  3.9","999.9","  71.6","*","  46.9"," "," 0.00","I","999.9","000000"
"28661099999","2019-05-14","55.4666666","65.4","74.0","KURGAN, RS","  48.9"," 5","  31.0"," 5","1020.6"," 5","011.5"," 5"," 26.1"," 5","  5.8"," 5","  9.7"," 23.3","  57.2","*","  36.7","*"," 0.01","E","999.9","010000"
"28661099999","2019-05-15","55.4666666","65.4","74.0","KURGAN, RS","  42.1"," 5","  20.6"," 5","1028.9"," 5","019.6"," 5"," 26.1"," 5","  2.3"," 5","  3.9","999.9","  55.6","*","  26.2"," "," 0.00","I","999.9","000000"
"28661099999","2019-05-16","55.4666666","65.4","74.0","KURGAN, RS","  50.9"," 5","  21.1"," 5","1023.5"," 5","014.5"," 5"," 22.4"," 5","  2.3"," 5","  5.8","999.9","  64.8","*","  27.7"," "," 0.00","I","999.9","000000"
"28661099999","2019-05-17","55.4666666","65.4","74.0","KURGAN, RS","  54.2"," 5","  36.8"," 5","1007.5"," 5","998.6"," 5"," 11.2"," 5","  5.4"," 5","  7.8"," 27.2","  59.4","*","  46.8","*"," 0.04","E","999.9","010000"
"28661099999","2019-05-18","55.4666666","65.4","74.0","KURGAN, RS","  46.9"," 5","  37.7"," 5","1004.0"," 5","995.1"," 5"," 18.6"," 5","  2.7"," 5","  3.9"," 23.3","  54.0","*","  42.3"," "," 0.04","F","999.9","010000"
"28661099999","2019-05-19","55.4666666","65.4","74.0","KURGAN, RS","  42.5"," 5","  37.3"," 5","1001.2"," 5","992.2"," 5"," 12.4"," 5","  5.1"," 5","  7.8"," 19.4","  45.5","*","  39.7"," "," 0.09","F","999.9","010000"
"28661099999","2019-05-20","55.4666666","65.4","74.0","KURGAN, RS","  41.8"," 5","  34.1"," 5","1005.5"," 5","996.4"," 5"," 22.4"," 5","  1.9"," 5","  1.9"," 21.4","  50.0","*","  32.2"," "," 0.08","E","999.9","000000"
"28661099999","2019-05-21","55.4666666","65.4","74.0","KURGAN, RS","  41.2"," 5","  35.1"," 5","1009.0"," 5","999.9"," 5"," 26.1"," 5","  3.1"," 5","  5.8","999.9","  43.9","*","  34.9"," "," 0.03","E","999.9","010000"
"28661099999","2019-05-22","55.4666666","65.4","74.0","KURGAN, RS","  44.7"," 5","  33.4"," 5","1013.3"," 5","004.3"," 5"," 22.4"," 5","  3.5"," 5","  5.8","999.9","  51.3","*","  39.4"," "," 0.00","I","999.9","000000"
"28661099999","2019-05-23","55.4666666","65.4","74.0","KURGAN, RS","  55.9"," 5","  33.5"," 5","1008.8"," 5","999.9"," 5"," 18.6"," 5","  3.1"," 5","  5.8","999.9","  68.2","*","  34.7"," "," 0.00","I","999.9","000000"
"28661099999","2019-05-24","55.4666666","65.4","74.0","KURGAN, RS","  57.0"," 5","  44.1"," 5","1000.9"," 5","992.1"," 5"," 22.4"," 5","  5.8"," 5","  7.8"," 21.4","  64.8","*","  45.0","*"," 0.00","I","999.9","000000"
"28661099999","2019-05-25","55.4666666","65.4","74.0","KURGAN, RS","  43.6"," 6","  27.5"," 6","1013.9"," 6","004.8"," 6"," 19.7"," 6","  5.2"," 6","  7.8"," 23.3","  50.0","*","  37.0"," "," 0.25","F","999.9","000000"
"28661099999","2019-05-26","55.4666666","65.4","74.0","KURGAN, RS","  52.1"," 6","  26.0"," 6","1021.7"," 6","012.6"," 6"," 23.8"," 6","  2.9"," 6","  5.8"," 19.4","  64.4","*","  34.0"," "," 0.00","I","999.9","000000"
"28661099999","2019-05-27","55.4666666","65.4","74.0","KURGAN, RS","  64.3"," 7","  28.8"," 7","1019.6"," 7","010.8"," 7"," 16.0"," 7","  4.7"," 7","  9.7"," 25.3","  77.9","*","  42.6"," "," 0.00","I","999.9","000000"
"28661099999","2019-05-28","55.4666666","65.4","74.0","KURGAN, RS","  70.6"," 5","  32.6"," 5","1014.1"," 5","005.5"," 5"," 22.4"," 5","  4.3"," 5","  5.8"," 19.4","  86.9","*","  55.6"," "," 0.00","I","999.9","000000"
"28661099999","2019-05-29","55.4666666","65.4","74.0","KURGAN, RS","  63.9"," 5","  43.8"," 5","1013.2"," 5","004.5"," 5"," 18.6"," 5","  3.5"," 5","  7.8"," 19.4","  74.3","*","  54.1"," "," 0.08","E","999.9","010010"
"28661099999","2019-05-30","55.4666666","65.4","74.0","KURGAN, RS","  62.5"," 5","  39.3"," 5","1017.0"," 5","008.2"," 5"," 22.4"," 5","  3.1"," 5","  5.8"," 21.4","  76.1","*","  43.0"," "," 0.00","I","999.9","000000"
"28661099999","2019-05-31","55.4666666","65.4","74.0","KURGAN, RS","  65.2"," 6","  56.1"," 6","1010.9"," 6","002.2"," 6"," 16.6"," 6","  2.9"," 6","  5.8"," 27.2","  76.1","*","  54.3"," "," 0.24","F","999.9","010010"
"28661099999","2019-06-01","55.4666666","65.4","74.0","KURGAN, RS","  64.1"," 5","  51.9"," 5","1012.4"," 5","003.6"," 5"," 22.4"," 5","  3.5"," 5","  7.8","999.9","  70.0","*","  57.2","*"," 0.01","E","999.9","000000"
"28661099999","2019-06-02","55.4666666","65.4","74.0","KURGAN, RS","  63.6"," 5","  49.9"," 5","1011.2"," 5","002.4"," 5"," 26.1"," 5","  4.3"," 5","  9.7"," 21.4","  73.4","*","  50.9"," "," 0.00","I","999.9","000000"
"28661099999","2019-06-03","55.4666666","65.4","74.0","KURGAN, RS","  64.7"," 5","  41.3"," 5","1013.1"," 5","004.4"," 5"," 26.1"," 5","  1.9"," 5","  3.9","999.9","  76.5","*","  45.3"," "," 0.00","I","999.9","000000"
"28661099999","2019-06-04","55.4666666","65.4","74.0","KURGAN, RS","  61.4"," 5","  46.2"," 5","1001.1"," 5","992.4"," 5"," 22.4"," 5","  3.5"," 5","  5.8"," 25.3","  68.0","*","  55.8","*"," 0.16","E","999.9","000000"
"28661099999","2019-06-05","55.4666666","65.4","74.0","KURGAN, RS","  49.2"," 5","  44.7"," 5","1002.5"," 5","993.6"," 5","  9.9"," 5","  5.4"," 5","  7.8"," 23.3","  54.0","*","  43.0"," "," 0.04","F","999.9","010000"
"28661099999","2019-06-06","55.4666666","65.4","74.0","KURGAN, RS","  56.8"," 5","  51.4"," 5","1004.2"," 5","995.4"," 5"," 18.6"," 5","  6.2"," 5","  9.7"," 21.4","  60.1","*","  52.3"," "," 0.13","F","999.9","010000"
"28661099999","2019-06-07","55.4666666","65.4","74.0","KURGAN, RS","  59.8"," 5","  50.3"," 5","1003.3"," 5","994.6"," 5"," 18.6"," 5","  7.4"," 5"," 11.7"," 25.3","  65.3","*","  54.3"," "," 0.16","E","999.9","010000"
"28661099999","2019-06-08","55.4666666","65.4","74.0","KURGAN, RS","  58.0"," 6","  46.0"," 6","1009.0"," 6","000.2"," 6"," 23.8"," 6","  7.1"," 6","  9.7"," 25.3","  61.7","*","  53.8"," "," 0.01","E","999.9","010000"
"28661099999","2019-06-09","55.4666666","65.4","74.0","KURGAN, RS","  62.2"," 5","  41.8"," 5","1015.4"," 5","006.6"," 5"," 26.1"," 5","  4.7"," 5","  9.7"," 23.3","  71.6","*","  55.4"," "," 0.00","I","999.9","000000"
"28661099999","2019-06-10","55.4666666","65.4","74.0","KURGAN, RS","  70.4"," 5","  51.7"," 5","1013.0"," 5","004.4"," 5"," 26.1"," 5","  3.1"," 5","  5.8"," 21.4","  86.0","*","  50.9"," "," 0.00","I","999.9","000000"
"28661099999","2019-06-11","55.4666666","65.4","74.0","KURGAN, RS","  72.3"," 5","  59.3"," 5","1009.8"," 5","001.3"," 5"," 26.1"," 5","  3.5"," 5","  7.8"," 19.4","  83.7","*","  61.0"," "," 0.02","E","999.9","010000"
"28661099999","2019-06-12","55.4666666","65.4","74.0","KURGAN, RS","  69.7"," 5","  49.7"," 5","1004.8"," 5","996.3"," 5"," 22.4"," 5","  4.3"," 5","  5.8"," 27.2","  77.2","*","  59.9"," "," 0.00","I","999.9","000000"
"28661099999","2019-06-13","55.4666666","65.4","74.0","KURGAN, RS","  55.0"," 5","  38.3"," 5","1007.5"," 5","998.6"," 5"," 26.1"," 5","  7.0"," 5","  9.7"," 23.3","  57.4","*","  51.3","*"," 0.01","E","999.9","000000"
"28661099999","2019-06-14","55.4666666","65.4","74.0","KURGAN, RS","  54.6"," 5","  33.5"," 5","1010.0"," 5","001.2"," 5"," 26.1"," 5","  3.1"," 5","  5.8","999.9","  61.2","*","  47.5"," "," 0.00","I","999.9","000000"
"28661099999","2019-06-15","55.4666666","65.4","74.0","KURGAN, RS","  54.9"," 5","  41.9"," 5","1007.5"," 5","998.7"," 5"," 26.1"," 5","  1.6"," 5","  1.9","999.9","  60.3","*","  45.0"," "," 0.08","E","999.9","000000"
"28661099999","2019-06-16","55.4666666","65.4","74.0","KURGAN, RS","  56.8"," 5","  41.5"," 5","1005.0"," 5","996.2"," 5"," 26.1"," 5","  3.9"," 5","  7.8"," 21.4","  69.3","*","  46.0"," ","99.99"," ","999.9","010000"
"28661099999","2019-06-17","55.4666666","65.4","74.0","KURGAN, RS","  55.4"," 5","  39.9"," 5","1005.2"," 5","996.4"," 5"," 21.1"," 5","  2.7"," 5","  5.8","999.9","  63.9","*","  48.6","*"," 0.03","E","999.9","010000"
"28661099999","2019-06-18","55.4666666","65.4","74.0","KURGAN, RS","  55.8"," 7","  43.9"," 7","1005.8"," 7","997.0"," 7"," 24.9"," 7","  3.6"," 7","  7.8","999.9","  59.9","*","  46.9"," "," 0.04","F","999.9","010000"
"28661099999","2019-06-19","55.4666666","65.4","74.0","KURGAN, RS","  61.8"," 6","  42.3"," 6","1010.6"," 6","001.9"," 6"," 23.8"," 6","  2.9"," 6","  5.8","999.9","  73.6","*","  43.3"," "," 0.00","I","999.9","000000"
"28661099999","2019-06-20","55.4666666","65.4","74.0","KURGAN, RS","  67.7"," 6","  44.7"," 6","1011.2"," 6","002.5"," 6"," 26.9"," 6","  1.9"," 6","  3.9","999.9","  77.9","*","  52.7"," "," 0.00","I","999.9","000000"
"28661099999","2019-06-21","55.4666666","65.4","74.0","KURGAN, RS","  68.6"," 6","  45.0"," 6","1010.2"," 6","001.6"," 6"," 23.8"," 6","  4.9"," 6","  7.8"," 19.4","  76.3","*","  61.2"," "," 0.00","I","999.9","000000"
"28661099999","2019-06-22","55.4666666","65.4","74.0","KURGAN, RS","  59.0"," 5","  37.0"," 5","1017.9"," 5","009.0"," 5"," 26.1"," 5","  3.5"," 5","  7.8"," 23.3","  68.9","*","  48.9"," "," 0.00","I","999.9","000000"
"28661099999","2019-06-23","55.4666666","65.4","74.0","KURGAN, RS","  64.1"," 5","  54.0"," 5","1011.8"," 5","003.1"," 5"," 22.4"," 5","  2.7"," 5","  5.8","999.9","  69.1","*","  53.8"," "," 0.01","E","999.9","010000"
"28661099999","2019-06-24","55.4666666","65.4","74.0","KURGAN, RS","  72.6"," 5","  56.1"," 5","1010.7"," 5","002.2"," 5"," 16.7"," 5","  2.7"," 5","  5.8"," 19.4","  84.6","*","  59.2"," "," 0.03","E","999.9","000000"
"28661099999","2019-06-25","55.4666666","65.4","74.0","KURGAN, RS","  65.6"," 5","  59.0"," 5","1009.8"," 5","001.2"," 5"," 18.6"," 5","  3.1"," 5","  5.8","999.9","  77.9","*","  57.9"," "," 0.94","E","999.9","000010"
"28661099999","2019-06-26","55.4666666","65.4","74.0","KURGAN, RS","  56.8"," 5","  48.5"," 5","1012.6"," 5","003.7"," 5"," 18.6"," 5","  4.3"," 5","  7.8"," 19.4","  62.1","*","  50.9","*","99.99"," ","999.9","010000"
"28661099999","2019-06-27","55.4666666","65.4","74.0","KURGAN, RS","  58.6"," 6","  40.6"," 6","1013.7"," 6","004.8"," 6"," 23.8"," 6","  1.6"," 6","  3.9","999.9","  67.1","*","  44.4"," "," 0.00","I","999.9","000000"
"28661099999","2019-06-28","55.4666666","65.4","74.0","KURGAN, RS","  60.2"," 5","  42.8"," 5","1014.0"," 5","005.2"," 5"," 22.4"," 5","  1.2"," 5","  1.9","999.9","  71.6","*","  43.3"," "," 0.00","I","999.9","000000"
"28661099999","2019-06-29","55.4666666","65.4","74.0","KURGAN, RS","  65.9"," 5","  44.4"," 5","1016.6"," 5","007.9"," 5"," 22.4"," 5","  1.9"," 5","  3.9","999.9","  77.9","*","  44.8"," "," 0.00","I","999.9","000000"
"28661099999","2019-06-30","55.4666666","65.4","74.0","KURGAN, RS","  71.0"," 5","  45.6"," 5","1015.6"," 5","007.0"," 5"," 26.1"," 5","  3.1"," 5","  3.9","999.9","  80.1","*","  62.8"," "," 0.00","I","999.9","000000"
"28661099999","2019-07-01","55.4666666","65.4","74.0","KURGAN, RS","  70.6"," 4","  45.8"," 4","1010.0"," 4","001.4"," 4"," 31.1"," 4","  4.4"," 4","  5.8"," 23.3","  78.3","*","  59.4"," "," 0.00","I","999.9","000000"
"28661099999","2019-07-02","55.4666666","65.4","74.0","KURGAN, RS","  66.2"," 4","  51.9"," 4","1001.6"," 4","993.0"," 4"," 18.6"," 4","  5.8"," 4","  5.8"," 23.3","  68.0","*","  62.8","*"," 0.12","E","999.9","010000"
"28661099999","2019-07-03","55.4666666","65.4","74.0","KURGAN, RS","  62.0"," 5","  55.7"," 5","1000.0"," 5","991.4"," 5"," 18.6"," 5","  2.3"," 5","  3.9","999.9","  69.1","*","  58.5","*"," 0.20","E","999.9","010010"
"28661099999","2019-07-04","55.4666666","65.4","74.0","KURGAN, RS","  63.0"," 5","  56.5"," 5","1002.0"," 5","993.3"," 5"," 26.1"," 5","  1.9"," 5","  3.9"," 19.4","  66.2","*","  55.4"," "," 0.10","F","999.9","010000"
"28661099999","2019-07-05","55.4666666","65.4","74.0","KURGAN, RS","  67.6"," 5","  49.5"," 5","1003.9"," 5","995.3"," 5"," 22.4"," 5","  2.7"," 5","  5.8","999.9","  79.2","*","  55.4"," "," 0.01","E","999.9","010000"
"28661099999","2019-07-06","55.4666666","65.4","74.0","KURGAN, RS","  64.3"," 5","  51.6"," 5","1003.1"," 5","994.5"," 5"," 22.4"," 5","  3.9"," 5","  7.8"," 23.3","  68.4","*","  57.9"," "," 0.10","F","999.9","010010"
"28661099999","2019-07-07","55.4666666","65.4","74.0","KURGAN, RS","  65.7"," 5","  48.2"," 5","1005.2"," 5","996.6"," 5"," 26.1"," 5","  3.1"," 5","  5.8","999.9","  74.7","*","  53.6"," "," 0.00","I","999.9","000000"
"28661099999","2019-07-08","55.4666666","65.4","74.0","KURGAN, RS","  65.7"," 5","  48.8"," 5","1004.6"," 5","996.0"," 5"," 22.4"," 5","  4.7"," 5","  7.8"," 19.4","  74.5","*","  52.9"," "," 0.08","E","999.9","010000"
"28661099999","2019-07-09","55.4666666","65.4","74.0","KURGAN, RS","  65.6"," 5","  51.0"," 5","1007.8"," 5","999.2"," 5"," 22.4"," 5","  3.5"," 5","  5.8","999.9","  74.7","*","  56.7","*"," 0.00","I","999.9","000000"
"28661099999","2019-07-10","55.4666666","65.4","74.0","KURGAN, RS","  71.2"," 5","  50.1"," 5","1009.5"," 5","001.0"," 5"," 26.1"," 5","  2.3"," 5","  3.9","999.9","  82.6","*","  52.7"," "," 0.00","I","999.9","000000"
"28661099999","2019-07-11","55.4666666","65.4","74.0","KURGAN, RS","  74.2"," 5","  55.7"," 5","1008.2"," 5","999.6"," 5"," 22.4"," 5","  1.2"," 5","  1.9","999.9","  81.5","*","  64.8","*"," 0.00","I","999.9","000000"
"28661099999","2019-07-12","55.4666666","65.4","74.0","KURGAN, RS","  76.5"," 6","  59.6"," 6","1012.0"," 6","003.5"," 6"," 22.8"," 6","  1.3"," 6","  3.9","999.9","  91.8","*","  58.5"," "," 0.00","I","999.9","000000"
"28661099999","2019-07-13","55.4666666","65.4","74.0","KURGAN, RS","  75.8"," 6","  55.3"," 6","1013.1"," 6","004.5"," 6"," 22.8"," 6","  1.6"," 6","  3.9","999.9","  90.9","*","  62.1","*"," 0.00","I","999.9","000000"
"28661099999","2019-07-14","55.4666666","65.4","74.0","KURGAN, RS","  76.9"," 6","  55.9"," 6","1011.3"," 6","002.8"," 6"," 22.8"," 6","  2.3"," 6","  5.8","999.9","  88.7","*","  62.6"," "," 0.00","I","999.9","000000"
"28661099999","2019-07-15","55.4666666","65.4","74.0","KURGAN, RS","  80.5"," 5","  58.1"," 5","1005.7"," 5","997.3"," 5"," 26.1"," 5","  3.5"," 5","  5.8"," 21.4","  90.9","*","  68.5"," "," 0.00","I","999.9","000000"
"28661099999","2019-07-16","55.4666666","65.4","74.0","KURGAN, RS","  73.0"," 6","  53.3"," 6","1005.6"," 6","997.1"," 6"," 26.9"," 6","  4.9"," 6","  7.8","999.9","  78.3","*","  68.4"," "," 0.00","I","999.9","000000"
"28661099999","2019-07-17","55.4666666","65.4","74.0","KURGAN, RS","  69.1"," 7","  49.6"," 7","1012.3"," 7","003.6"," 7"," 24.0"," 7","  4.4"," 7","  7.8","999.9","  81.7","*","  58.1","*"," 0.00","I","999.9","000000"
"28661099999","2019-07-18","55.4666666","65.4","74.0","KURGAN, RS","  68.1"," 7","  53.1"," 7","1012.5"," 7","003.8"," 7"," 24.0"," 7","  1.1"," 7","  3.9","999.9","  80.6","*","  54.7"," "," 0.00","I","999.9","000000"
"28661099999","2019-07-19","55.4666666","65.4","74.0","KURGAN, RS","  75.5"," 5","  56.1"," 5","1010.8"," 5","002.3"," 5"," 26.1"," 5","  1.9"," 5","  3.9","999.9","  88.7","*","  55.2"," "," 0.00","I","999.9","000000"
"28661099999","2019-07-20","55.4666666","65.4","74.0","KURGAN, RS","  79.0"," 6","  59.9"," 6","1010.6"," 6","002.2"," 6"," 26.9"," 6","  1.3"," 6","  1.9","999.9","  88.2","*","  70.5"," "," 0.00","I","999.9","000000"
"28661099999","2019-07-21","55.4666666","65.4","74.0","KURGAN, RS","  72.1"," 6","  61.9"," 6","1006.2"," 6","997.7"," 6"," 22.8"," 6","  3.2"," 6","  7.8"," 25.3","  84.2","*","  63.0","*","99.99"," ","999.9","010000"
"28661099999","2019-07-22","55.4666666","65.4","74.0","KURGAN, RS","  67.9"," 6","  60.7"," 6","1005.3"," 6","996.7"," 6","  8.3"," 6","  2.3"," 6","  3.9","999.9","  75.6","*","  61.2","*"," 0.47","F","999.9","000010"
"28661099999","2019-07-23","55.4666666","65.4","74.0","KURGAN, RS","  67.9"," 6","  57.3"," 6","1005.6"," 6","997.1"," 6"," 19.7"," 6","  2.3"," 6","  3.9"," 23.3","  74.3","*","  58.5"," "," 0.04","E","999.9","000010"
"28661099999","2019-07-24","55.4666666","65.4","74.0","KURGAN, RS","  67.2"," 5","  56.3"," 5","1010.0"," 5","001.3"," 5"," 11.2"," 5","  3.5"," 5","  5.8","999.9","  77.9","*","  60.6"," ","99.99"," ","999.9","010000"
"28661099999","2019-07-25","55.4666666","65.4","74.0","KURGAN, RS","  62.4"," 5","  51.5"," 5","1016.1"," 5","007.3"," 5"," 18.6"," 5","  3.9"," 5","  7.8"," 21.4","  68.0","*","  56.3","*"," 0.00","I","999.9","000000"
"28661099999","2019-07-26","55.4666666","65.4","74.0","KURGAN, RS","  63.7"," 5","  52.2"," 5","1014.8"," 5","006.0"," 5","  8.7"," 5","  1.2"," 5","  3.9","999.9","  75.4","*","  50.7"," "," 0.00","I","999.9","000000"
"28661099999","2019-07-27","55.4666666","65.4","74.0","KURGAN, RS","  69.2"," 5","  47.8"," 5","1005.7"," 5","997.1"," 5"," 17.4"," 5","  2.3"," 5","  3.9","999.9","  84.2","*","  54.1"," "," 0.00","I","999.9","000000"
"28661099999","2019-07-28","55.4666666","65.4","74.0","KURGAN, RS","  70.7"," 5","  51.3"," 5"," 996.9"," 5","988.5"," 5"," 11.2"," 5","  1.9"," 5","  3.9","999.9","  81.7","*","  54.9"," "," 0.00","I","999.9","000000"
"28661099999","2019-07-29","55.4666666","65.4","74.0","KURGAN, RS","  63.7"," 5","  57.7"," 5"," 991.5"," 5","983.0"," 5","  8.7"," 5","  3.1"," 5","  7.8","999.9","  68.2","*","  58.3","*"," 0.31","F","999.9","010000"
"28661099999","2019-07-30","55.4666666","65.4","74.0","KURGAN, RS","  61.1"," 5","  47.2"," 5","1000.9"," 5","992.2"," 5"," 22.4"," 5","  2.3"," 5","  3.9","999.9","  71.1","*","  52.5"," "," 0.00","I","999.9","000000"
"28661099999","2019-07-31","55.4666666","65.4","74.0","KURGAN, RS","  61.2"," 4","  44.9"," 4","1004.5"," 4","995.8"," 4"," 10.9"," 4","  1.0"," 4","  1.9","999.9","  73.4","*","  46.4"," "," 0.00","I","999.9","000000"
"28661099999","2019-08-01","55.4666666","65.4","74.0","KURGAN, RS","  66.7"," 5","  57.3"," 5"," 989.7"," 5","981.2"," 5"," 21.1"," 5","  3.9"," 5","  5.8"," 29.1","  69.8","*","  63.1"," "," 0.55","E","999.9","010000"
"28661099999","2019-08-02","55.4666666","65.4","74.0","KURGAN, RS","  55.5"," 5","  49.2"," 5"," 985.1"," 5","976.5"," 5"," 12.9"," 5","  3.9"," 5","  5.8","999.9","  58.1","*","  52.7"," "," 0.12","E","999.9","010000"
"28661099999","2019-08-03","55.4666666","65.4","74.0","KURGAN, RS","  59.9"," 5","  49.1"," 5"," 994.7"," 5","986.1"," 5"," 13.7"," 5","  3.5"," 5","  5.8"," 19.4","  68.0","*","  50.7"," "," 0.08","E","999.9","000000"
"28661099999","2019-08-04","55.4666666","65.4","74.0","KURGAN, RS","  61.6"," 5","  48.6"," 5","1004.4"," 5","995.7"," 5"," 21.1"," 5","  1.6"," 5","  3.9","999.9","  68.9","*","  54.3"," "," 0.00","I","999.9","000000"
"28661099999","2019-08-05","55.4666666","65.4","74.0","KURGAN, RS","  65.3"," 5","  46.8"," 5","1009.3"," 5","000.6"," 5"," 21.1"," 5","  2.3"," 5","  3.9","999.9","  77.9","*","  47.8"," "," 0.00","I","999.9","000000"
"28661099999","2019-08-06","55.4666666","65.4","74.0","KURGAN, RS","  68.5"," 5","  45.4"," 5","1003.7"," 5","995.1"," 5"," 17.4"," 5","  3.9"," 5","  7.8"," 29.1","  81.9","*","  61.0","*"," 0.01","E","999.9","010000"
"28661099999","2019-08-07","55.4666666","65.4","74.0","KURGAN, RS","  59.4"," 5","  42.8"," 5","1007.6"," 5","998.8"," 5"," 17.4"," 5","  4.7"," 5","  5.8"," 19.4","  67.3","*","  49.3"," "," 0.00","I","999.9","000000"
"28661099999","2019-08-08","55.4666666","65.4","74.0","KURGAN, RS","  57.4"," 5","  45.1"," 5","1008.6"," 5","999.7"," 5"," 22.4"," 5","  3.5"," 5","  3.9"," 19.4","  64.8","*","  49.8"," "," 0.00","I","999.9","000000"
"28661099999","2019-08-09","55.4666666","65.4","74.0","KURGAN, RS","  57.5"," 5","  48.0"," 5","1012.1"," 5","003.3"," 5"," 26.1"," 5","  2.7"," 5","  5.8","999.9","  66.6","*","  50.2"," "," 0.02","E","999.9","000000"
"28661099999","2019-08-10","55.4666666","65.4","74.0","KURGAN, RS","  67.9"," 5","  51.7"," 5","1010.1"," 5","001.4"," 5"," 22.4"," 5","  2.7"," 5","  3.9","999.9","  82.4","*","  48.7"," "," 0.00","I","999.9","000000"
"28661099999","2019-08-11","55.4666666","65.4","74.0","KURGAN, RS","  75.1"," 5","  55.1"," 5","1007.2"," 5","998.7"," 5"," 17.4"," 5","  2.3"," 5","  3.9","999.9","  89.8","*","  59.4"," "," 0.00","I","999.9","000000"
"28661099999","2019-08-12","55.4666666","65.4","74.0","KURGAN, RS","  69.0"," 5","  54.7"," 5","1001.1"," 5","992.5"," 5"," 16.4"," 5","  2.7"," 5","  3.9"," 23.3","  72.0","*","  60.4"," "," 0.12","E","999.9","000010"
"28661099999","2019-08-13","55.4666666","65.4","74.0","KURGAN, RS","  69.1"," 5","  56.8"," 5"," 999.5"," 5","991.0"," 5"," 17.4"," 5","  5.4"," 5","  7.8"," 23.3","  76.5","*","  61.5"," "," 0.08","E","999.9","000000"
"28661099999","2019-08-14","55.4666666","65.4","74.0","KURGAN, RS","  65.6"," 5","  55.3"," 5","1008.0"," 5","999.4"," 5"," 17.4"," 5","  3.5"," 5","  3.9","999.9","  75.6","*","  58.5"," "," 0.08","E","999.9","010010"
"28661099999","2019-08-15","55.4666666","65.4","74.0","KURGAN, RS","  61.8"," 5","  51.5"," 5","1012.2"," 5","003.5"," 5"," 14.3"," 5","  2.3"," 5","  5.8","999.9","  76.1","*","  49.5"," "," 0.00","I","999.9","000000"
"28661099999","2019-08-16","55.4666666","65.4","74.0","KURGAN, RS","  66.2"," 5","  54.2"," 5","1015.6"," 5","006.9"," 5"," 12.9"," 5","  1.6"," 5","  3.9","999.9","  78.3","*","  51.6"," "," 0.00","I","999.9","000000"
"28661099999","2019-08-17","55.4666666","65.4","74.0","KURGAN, RS","  69.4"," 5","  57.5"," 5","1017.3"," 5","008.6"," 5"," 13.7"," 5","  1.2"," 5","  1.9","999.9","  84.6","*","  55.9"," "," 0.00","I","999.9","000000"
"28661099999","2019-08-18","55.4666666","65.4","74.0","KURGAN, RS","  70.2"," 8","  59.0"," 8","1019.9"," 8","011.2"," 8"," 17.1"," 8","  3.2"," 8","  5.8","999.9","  84.2","*","  57.2","*"," 0.00","I","999.9","000000"
"28661099999","2019-08-19","55.4666666","65.4","74.0","KURGAN, RS","  66.5"," 6","  53.8"," 6","1025.3"," 6","016.5"," 6"," 19.7"," 6","  2.6"," 6","  3.9","999.9","  75.4","*","  58.5"," "," 0.00","I","999.9","000000"
"28661099999","2019-08-20","55.4666666","65.4","74.0","KURGAN, RS","  62.9"," 5","  58.4"," 5","1021.6"," 5","012.8"," 5","  8.7"," 5","  1.2"," 5","  3.9"," 23.3","  67.5","*","  58.5"," "," 0.20","E","999.9","010000"
"28661099999","2019-08-21","55.4666666","65.4","74.0","KURGAN, RS","  58.7"," 5","  52.7"," 5","1018.3"," 5","009.4"," 5"," 13.7"," 5","  4.3"," 5","  7.8"," 19.4","  64.4","*","  52.2","*"," 0.51","E","999.9","010000"
"28661099999","2019-08-22","55.4666666","65.4","74.0","KURGAN, RS","  60.4"," 5","  53.6"," 5","1019.6"," 5","010.8"," 5"," 13.7"," 5","  1.9"," 5","  3.9","999.9","  72.7","*","  50.5"," "," 0.00","I","999.9","000000"
"28661099999","2019-08-23","55.4666666","65.4","74.0","KURGAN, RS","  65.7"," 5","  51.7"," 5","1018.2"," 5","009.4"," 5"," 11.7"," 5","  2.7"," 5","  3.9","999.9","  79.7","*","  52.7"," "," 0.00","I","999.9","000000"
"28661099999","2019-08-24","55.4666666","65.4","74.0","KURGAN, RS","  63.1"," 5","  47.9"," 5","1018.5"," 5","009.8"," 5"," 17.4"," 5","  3.5"," 5","  7.8","999.9","  72.9","*","  54.9","*"," 0.00","I","999.9","000000"
"28661099999","2019-08-25","55.4666666","65.4","74.0","KURGAN, RS","  61.6"," 5","  46.5"," 5","1014.9"," 5","006.1"," 5"," 17.4"," 5","  2.3"," 5","  3.9","999.9","  75.4","*","  47.5"," "," 0.00","I","999.9","000000"
"28661099999","2019-08-26","55.4666666","65.4","74.0","KURGAN, RS","  59.3"," 5","  47.9"," 5","1007.6"," 5","998.8"," 5"," 12.4"," 5","  5.4"," 5","  7.8","999.9","  65.5","*","  53.8","*","99.99"," ","999.9","010000"
"28661099999","2019-08-27","55.4666666","65.4","74.0","KURGAN, RS","  48.7"," 5","  39.5"," 5","1012.6"," 5","003.6"," 5"," 12.4"," 5","  4.3"," 5","  7.8","999.9","  54.0","*","  45.0","*"," 0.00","I","999.9","000000"
"28661099999","2019-08-28","55.4666666","65.4","74.0","KURGAN, RS","  55.8"," 5","  41.9"," 5","1010.8"," 5","002.0"," 5"," 10.4"," 5","  1.2"," 5","  1.9","999.9","  68.0","*","  38.5"," ","99.99"," ","999.9","010000"
"28661099999","2019-08-29","55.4666666","65.4","74.0","KURGAN, RS","  54.2"," 5","  45.9"," 5","1005.9"," 5","997.1"," 5"," 12.4"," 5","  5.1"," 5","  7.8"," 19.4","  54.9","*","  52.7"," "," 0.04","E","999.9","010000"
"28661099999","2019-08-30","55.4666666","65.4","74.0","KURGAN, RS","  48.5"," 5","  45.6"," 5"," 997.3"," 5","988.4"," 5","  4.7"," 5","  9.7"," 5"," 11.7"," 25.3","  50.4","*","  46.8","*"," 1.77","F","999.9","010000"
"28661099999","2019-08-31","55.4666666","65.4","74.0","KURGAN, RS","  47.1"," 5","  42.3"," 5","1003.7"," 5","994.8"," 5","  7.5"," 5","  6.2"," 5","  7.8"," 19.4","  49.3","*","  44.8"," "," 0.39","E","999.9","010000"
"28661099999","2019-09-01","55.4666666","65.4","74.0","KURGAN, RS","  48.4"," 5","  41.8"," 5","1007.3"," 5","998.3"," 5"," 12.4"," 5","  2.3"," 5","  3.9","999.9","  56.3","*","  45.3"," "," 0.01","E","999.9","000000"
"28661099999","2019-09-02","55.4666666","65.4","74.0","KURGAN, RS","  46.6"," 5","  39.7"," 5","1008.2"," 5","999.2"," 5"," 11.7"," 5","  1.9"," 5","  3.9","999.9","  56.5","*","  38.7"," "," 0.00","I","999.9","000000"
"28661099999","2019-09-03","55.4666666","65.4","74.0","KURGAN, RS","  46.7"," 5","  38.5"," 5","1012.0"," 5","002.9"," 5"," 16.2"," 5","  1.2"," 5","  1.9","999.9","  61.9","*","  35.6"," "," 0.00","I","999.9","000000"
"28661099999","2019-09-04","55.4666666","65.4","74.0","KURGAN, RS","  47.4"," 5","  40.7"," 5","1016.3"," 5","007.2"," 5"," 11.3"," 5","  1.2"," 5","  1.9","999.9","  61.7","*","  34.9"," "," 0.00","I","999.9","000000"
"28661099999","2019-09-05","55.4666666","65.4","74.0","KURGAN, RS","  47.4"," 5","  41.3"," 5","1016.2"," 5","007.2"," 5"," 10.4"," 5","  2.3"," 5","  3.9","999.9","  59.9","*","  36.3"," ","99.99"," ","999.9","010000"
"28661099999","2019-09-06","55.4666666","65.4","74.0","KURGAN, RS","  52.1"," 6","  43.7"," 6","1018.3"," 6","009.3"," 6"," 18.6"," 6","  4.9"," 6","  7.8"," 23.3","  62.1","*","  43.0"," "," 0.00","I","999.9","000000"
"28661099999","2019-09-07","55.4666666","65.4","74.0","KURGAN, RS","  52.6"," 5","  47.3"," 5","1020.1"," 5","011.1"," 5","  8.7"," 5","  5.4"," 5","  5.8","999.9","  59.9","*","  44.2"," "," 0.01","E","999.9","010000"
"28661099999","2019-09-08","55.4666666","65.4","74.0","KURGAN, RS","  52.8"," 5","  44.6"," 5","1020.5"," 5","011.5"," 5"," 12.4"," 5","  4.3"," 5","  7.8","999.9","  62.6","*","  44.1"," "," 0.00","I","999.9","000000"
"28661099999","2019-09-09","55.4666666","65.4","74.0","KURGAN, RS","  51.9"," 5","  44.6"," 5","1022.0"," 5","013.0"," 5"," 16.2"," 5","  3.9"," 5","  7.8"," 19.4","  61.9","*","  45.5"," "," 0.00","I","999.9","000000"
"28661099999","2019-09-10","55.4666666","65.4","74.0","KURGAN, RS","  54.0"," 5","  43.0"," 5","1025.3"," 5","016.3"," 5"," 11.2"," 5","  3.9"," 5","  5.8","999.9","  61.9","*","  45.5"," "," 0.00","I","999.9","000000"
"28661099999","2019-09-11","55.4666666","65.4","74.0","KURGAN, RS","  54.5"," 5","  43.9"," 5","1028.6"," 5","019.6"," 5"," 16.2"," 5","  2.7"," 5","  3.9","999.9","  65.7","*","  48.2","*","99.99"," ","999.9","010000"
"28661099999","2019-09-12","55.4666666","65.4","74.0","KURGAN, RS","  56.4"," 5","  47.7"," 5","1025.1"," 5","016.2"," 5"," 12.4"," 5","  3.1"," 5","  7.8","999.9","  66.2","*","  47.1"," "," 0.00","I","999.9","000000"
"28661099999","2019-09-13","55.4666666","65.4","74.0","KURGAN, RS","  57.8"," 5","  48.9"," 5","1020.7"," 5","011.8"," 5"," 10.4"," 5","  2.3"," 5","  3.9","999.9","  69.8","*","  46.0"," "," 0.00","I","999.9","000000"
"28661099999","2019-09-14","55.4666666","65.4","74.0","KURGAN, RS","  60.1"," 5","  47.4"," 5","1017.1"," 5","008.2"," 5"," 12.4"," 5","  2.3"," 5","  3.9","999.9","  75.2","*","  50.0"," "," 0.00","I","999.9","000000"
"28661099999","2019-09-15","55.4666666","65.4","74.0","KURGAN, RS","  59.5"," 5","  42.4"," 5","1013.2"," 5","004.4"," 5"," 16.2"," 5","  1.9"," 5","  3.9","999.9","  77.4","*","  46.9"," "," 0.00","I","999.9","000000"
"28661099999","2019-09-16","55.4666666","65.4","74.0","KURGAN, RS","  56.3"," 5","  44.1"," 5","1007.1"," 5","998.2"," 5","  9.7"," 5","  2.7"," 5","  3.9"," 23.3","  61.9","*","  48.2","*"," 0.04","E","999.9","010010"
"28661099999","2019-09-17","55.4666666","65.4","74.0","KURGAN, RS","  51.4"," 5","  43.3"," 5","1005.4"," 5","996.5"," 5"," 16.2"," 5","  3.9"," 5","  5.8"," 21.4","  61.7","*","  43.3"," "," 0.03","E","999.9","000000"
"28661099999","2019-09-18","55.4666666","65.4","74.0","KURGAN, RS","  57.5"," 5","  49.1"," 5","1003.6"," 5","994.8"," 5","  8.7"," 5","  3.1"," 5","  3.9","999.9","  60.1","*","  45.5"," "," 0.02","E","999.9","010000"
"28661099999","2019-09-19","55.4666666","65.4","74.0","KURGAN, RS","  54.4"," 5","  44.0"," 5"," 996.6"," 5","987.9"," 5"," 11.2"," 5","  5.8"," 5","  7.8"," 27.2","  60.8","*","  49.5"," "," 0.20","F","999.9","010000"
"28661099999","2019-09-20","55.4666666","65.4","74.0","KURGAN, RS","  47.1"," 5","  39.7"," 5","1010.1"," 5","001.0"," 5"," 16.2"," 5","  4.3"," 5","  5.8"," 25.3","  54.0","*","  41.0","*"," 0.01","E","999.9","000000"
"28661099999","2019-09-21","55.4666666","65.4","74.0","KURGAN, RS","  46.0"," 5","  40.0"," 5","1014.3"," 5","005.3"," 5"," 12.4"," 5","  2.3"," 5","  3.9","999.9","  53.1","*","  39.4"," ","99.99"," ","999.9","010000"
"28661099999","2019-09-22","55.4666666","65.4","74.0","KURGAN, RS","  44.8"," 5","  40.1"," 5"," 997.0"," 5","988.0"," 5","  5.5"," 5","  3.5"," 5","  5.8","999.9","  46.4","*","  40.1","*"," 0.52","F","999.9","010000"
"28661099999","2019-09-23","55.4666666","65.4","74.0","KURGAN, RS","  38.8"," 5","  33.4"," 5"," 996.6"," 5","987.5"," 5"," 12.4"," 5","  4.3"," 5","  5.8"," 27.2","  43.0","*","  31.3"," "," 0.20","E","999.9","010100"
"28661099999","2019-09-24","55.4666666","65.4","74.0","KURGAN, RS","  39.3"," 5","  33.5"," 5","1008.8"," 5","999.7"," 5"," 12.4"," 5","  3.5"," 5","  5.8"," 19.4","  44.6","*","  35.6","*"," 0.03","E","999.9","000000"
"28661099999","2019-09-25","55.4666666","65.4","74.0","KURGAN, RS","  35.9"," 5","  27.8"," 5","1015.9"," 5","006.6"," 5"," 16.2"," 5","  3.9"," 5","  5.8"," 19.4","  43.7","*","  30.0"," "," 0.00","I","999.9","000000"
"28661099999","2019-09-26","55.4666666","65.4","74.0","KURGAN, RS","  37.4"," 5","  29.0"," 5","1016.7"," 5","007.4"," 5"," 16.2"," 5","  2.7"," 5","  3.9","999.9","  46.4","*","  29.1"," "," 0.00","I","999.9","000000"
"28661099999","2019-09-27","55.4666666","65.4","74.0","KURGAN, RS","  40.4"," 4","  29.8"," 4","1009.8"," 4","000.7"," 4"," 18.6"," 4","  3.4"," 4","  3.9","999.9","  46.6","*","  32.0"," "," 0.00","I","999.9","000000"
"28661099999","2019-09-28","55.4666666","65.4","74.0","KURGAN, RS","  36.8"," 5","  33.4"," 5","1006.3"," 5","997.1"," 5"," 11.2"," 5","  3.5"," 5","  5.8","999.9","  39.6","*","  34.5"," "," 0.08","E","999.9","010000"
"28661099999","2019-09-29","55.4666666","65.4","74.0","KURGAN, RS","  34.6"," 5","  28.7"," 5","1015.0"," 5","005.7"," 5"," 12.4"," 5","  3.9"," 5","  5.8","999.9","  40.1","*","  30.7","*"," 0.02","E","999.9","011000"
"28661099999","2019-09-30","55.4666666","65.4","74.0","KURGAN, RS","  39.6"," 6","  30.2"," 6","1022.7"," 6","013.5"," 6"," 10.4"," 6","  2.9"," 6","  3.9","999.9","  50.9","*","  29.8"," "," 0.00","I","999.9","000000"
"28661099999","2019-10-01","55.4666666","65.4","74.0","KURGAN, RS","  43.0"," 8","  27.5"," 8","1024.9"," 8","015.7"," 8"," 18.6"," 8","  4.9"," 8","  7.8","999.9","  53.8","*","  29.5"," "," 0.00","F","999.9","000000"
"28661099999","2019-10-02","55.4666666","65.4","74.0","KURGAN, RS","  47.1"," 6","  27.5"," 6","1024.2"," 6","015.1"," 6"," 22.8"," 6","  6.2"," 6","  7.8","999.9","  56.7","*","  37.2"," "," 0.00","E","999.9","000000"
"28661099999","2019-10-03","55.4666666","65.4","74.0","KURGAN, RS","  50.8"," 8","  32.5"," 8","1020.2"," 8","011.2"," 8"," 18.6"," 8","  5.1"," 8","  9.7","999.9","  60.4","*","  41.4"," "," 0.00","F","999.9","000000"
"28661099999","2019-10-04","55.4666666","65.4","74.0","KURGAN, RS","  56.6"," 8","  44.0"," 8","1022.6"," 8","013.6"," 8"," 18.6"," 8","  3.4"," 8","  5.8","999.9","  70.5"," ","  42.6"," "," 0.00","F","999.9","000000"
"28661099999","2019-10-05","55.4666666","65.4","74.0","KURGAN, RS","  55.8"," 8","  38.4"," 8","1021.9"," 8","012.9"," 8"," 18.6"," 8","  3.4"," 8","  3.9","999.9","  70.0","*","  45.7"," "," 0.00","F","999.9","000000"
"28661099999","2019-10-06","55.4666666","65.4","74.0","KURGAN, RS","  50.2"," 8","  29.6"," 8","1021.4"," 8","012.3"," 8"," 18.6"," 8","  3.2"," 6","  3.9","999.9","  68.2","*","  34.3","*"," 0.00","F","999.9","000000"
"28661099999","2019-10-07","55.4666666","65.4","74.0","KURGAN, RS","  50.1"," 8","  35.3"," 8","1021.2"," 8","012.1"," 8"," 18.6"," 8","  1.9"," 4","  1.9","999.9","  71.2","*","  30.9"," "," 0.00","F","999.9","000000"
"28661099999","2019-10-08","55.4666666","65.4","74.0","KURGAN, RS","  50.8"," 8","  36.2"," 8","1021.2"," 8","012.1"," 8"," 18.6"," 8","999.9"," 0","999.9","999.9","  72.3","*","  32.4"," "," 0.00","F","999.9","000000"
"28661099999","2019-10-09","55.4666666","65.4","74.0","KURGAN, RS","  54.9"," 8","  36.3"," 8","1015.7"," 8","006.8"," 8"," 18.6"," 8","  2.6"," 6","  3.9","999.9","  69.1","*","  35.8"," "," 0.00","F","999.9","000000"
"28661099999","2019-10-10","55.4666666","65.4","74.0","KURGAN, RS","  45.2"," 8","  42.1"," 8","1015.6"," 8","006.5"," 8","  8.5"," 8","  3.6"," 7","  5.8","999.9","  47.3","*","  41.7","*"," 0.39","F","999.9","010000"
"28661099999","2019-10-11","55.4666666","65.4","74.0","KURGAN, RS","  41.7"," 8","  30.0"," 8","1023.6"," 8","014.4"," 8"," 18.6"," 8","  3.4"," 8","  7.8","999.9","  48.7","*","  33.8"," "," 0.02","F","999.9","000000"
"28661099999","2019-10-12","55.4666666","65.4","74.0","KURGAN, RS","  48.1"," 8","  36.2"," 8","1022.9"," 8","013.8"," 8"," 18.6"," 8","  4.9"," 8","  7.8","999.9","  53.6","*","  38.8"," "," 0.00","F","999.9","000000"
"28661099999","2019-10-13","55.4666666","65.4","74.0","KURGAN, RS","  47.2"," 8","  38.9"," 8","1015.2"," 8","006.0"," 8"," 10.1"," 8","  3.9"," 8","  5.8","999.9","  49.3"," ","  44.8"," "," 0.05","F","999.9","010000"
"28661099999","2019-10-14","55.4666666","65.4","74.0","KURGAN, RS","  48.1"," 8","  40.8"," 8","1003.3"," 8","994.4"," 8"," 15.5"," 8","  5.1"," 8","  5.8","999.9","  55.6","*","  45.1","*"," 0.07","F","999.9","010000"
"28661099999","2019-10-15","55.4666666","65.4","74.0","KURGAN, RS","  44.9"," 8","  35.5"," 8","1005.9"," 8","996.9"," 8"," 16.3"," 8","  4.9"," 6","  7.8","999.9","  48.6","*","  37.9","*"," 0.00","F","999.9","000000"
"28661099999","2019-10-16","55.4666666","65.4","74.0","KURGAN, RS","  39.8"," 8","  33.2"," 8","1010.2"," 8","001.1"," 8"," 16.3"," 8","  6.8"," 8","  9.7","999.9","  41.9","*","  37.6"," "," 0.01","F","999.9","010000"
"28661099999","2019-10-17","55.4666666","65.4","74.0","KURGAN, RS","  37.8"," 8","  28.7"," 8","1022.2"," 8","012.9"," 8"," 17.5"," 8","  5.8"," 8","  9.7","999.9","  41.5","*","  34.3","*"," 0.00","F","999.9","001000"
"28661099999","2019-10-18","55.4666666","65.4","74.0","KURGAN, RS","  33.0"," 8","  29.6"," 8","1019.4"," 8","010.0"," 8","  4.8"," 8","  4.4"," 7","  7.8","999.9","  35.6","*","  29.8","*"," 0.17","F","  1.2","011000"
"28661099999","2019-10-19","55.4666666","65.4","74.0","KURGAN, RS","  26.3"," 8","  15.8"," 8","1030.1"," 8","020.5"," 8"," 16.3"," 8","  5.1"," 8","  7.8","999.9","  30.2","*","  17.1","*"," 0.00","F","999.9","000000"
"28661099999","2019-10-20","55.4666666","65.4","74.0","KURGAN, RS","  22.6"," 8","  13.5"," 8","1037.1"," 8","027.3"," 8"," 18.6"," 8","  2.8"," 7","  3.9","999.9","  31.1","*","  12.9"," "," 0.00","F","999.9","000000"
"28661099999","2019-10-21","55.4666666","65.4","74.0","KURGAN, RS","  29.9"," 8","  22.1"," 8","1029.1"," 8","019.6"," 8"," 16.3"," 8","  7.0"," 8","  9.7","999.9","  34.2","*","  18.3"," "," 0.01","F","999.9","001000"
"28661099999","2019-10-22","55.4666666","65.4","74.0","KURGAN, RS","  36.9"," 8","  32.5"," 8","1016.6"," 8","007.4"," 8","  5.3"," 8","  7.5"," 8"," 11.7","999.9","  39.2","*","  33.1"," "," 0.08","F","999.9","010000"
"28661099999","2019-10-23","55.4666666","65.4","74.0","KURGAN, RS","  38.2"," 8","  31.4"," 8","1013.2"," 8","004.0"," 8"," 15.5"," 8","  4.1"," 8","  5.8","999.9","  42.8","*","  34.0"," "," 0.02","F","999.9","000000"
"28661099999","2019-10-24","55.4666666","65.4","74.0","KURGAN, RS","  43.5"," 8","  31.6"," 8","1012.6"," 8","003.5"," 8"," 16.3"," 8","  5.3"," 8","  9.7","999.9","  49.6","*","  35.4"," "," 0.00","F","999.9","000000"
"28661099999","2019-10-25","55.4666666","65.4","74.0","KURGAN, RS","  40.3"," 8","  32.5"," 8","1019.0"," 8","009.8"," 8"," 14.0"," 8","  3.9"," 8","  5.8","999.9","  45.5","*","  35.1","*"," 0.02","F","999.9","010000"
"28661099999","2019-10-26","55.4666666","65.4","74.0","KURGAN, RS","  43.7"," 8","  35.3"," 8","1013.8"," 8","004.6"," 8"," 16.3"," 8","  4.6"," 8","  5.8","999.9","  50.4","*","  34.9"," "," 0.00","F","999.9","000000"
"28661099999","2019-10-27","55.4666666","65.4","74.0","KURGAN, RS","  47.5"," 8","  42.0"," 8"," 998.6"," 8","989.7"," 8","  7.0"," 8","  7.0"," 8","  7.8","999.9","  50.4"," ","  40.8"," "," 0.26","F","999.9","010000"
"28661099999","2019-10-28","55.4666666","65.4","74.0","KURGAN, RS","  51.8"," 8","  38.2"," 8"," 993.1"," 8","984.3"," 8"," 14.0"," 8","  7.0"," 8","  9.7","999.9","  57.9"," ","  45.5"," "," 0.00","F","999.9","000000"
"28661099999","2019-10-29","55.4666666","65.4","74.0","KURGAN, RS","  37.5"," 8","  24.4"," 8","1012.0"," 8","002.8"," 8"," 14.0"," 8","  5.3"," 7","  9.7","999.9","  46.2","*","  29.5","*"," 0.00","F","999.9","000000"
"28661099999","2019-10-30","55.4666666","65.4","74.0","KURGAN, RS","  30.1"," 8","  20.7"," 8","1016.3"," 8","006.9"," 8"," 14.0"," 8","  3.1"," 7","  5.8","999.9","  34.7","*","  24.6","*"," 0.00","F","999.9","000000"
"28661099999","2019-10-31","55.4666666","65.4","74.0","KURGAN, RS","  31.7"," 8","  27.6"," 8","1001.2"," 8","992.0"," 8","  6.1"," 8","  5.3"," 8","  7.8","999.9","  36.3","*","  24.4"," "," 0.35","F","  1.2","011000"
"28661099999","2019-11-01","55.4666666","65.4","74.0","KURGAN, RS","  23.3"," 8","  14.9"," 8","1007.7"," 8","998.3"," 8"," 11.7"," 8","  7.3"," 8","  9.7","999.9","  26.2","*","  18.7","*"," 0.00","F","  0.4","001000"
"28661099999","2019-11-02","55.4666666","65.4","74.0","KURGAN, RS","  20.2"," 8","  11.2"," 8","1026.2"," 8","016.5"," 8"," 13.2"," 8","  4.6"," 8","  5.8","999.9","  25.3","*","  15.8"," "," 0.00","F","  0.4","000000"
"28661099999","2019-11-03","55.4666666","65.4","74.0","KURGAN, RS","  16.4"," 8","  11.5"," 8","1030.5"," 8","020.7"," 8","  8.5"," 8","  2.9"," 6","  3.9","999.9","  24.1","*","   7.5","*"," 0.00","F","  0.4","000000"
"28661099999","2019-11-04","55.4666666","65.4","74.0","KURGAN, RS","  18.2"," 8","  13.1"," 8","1028.9"," 8","019.2"," 8"," 10.9"," 8","  2.5"," 7","  3.9","999.9","  27.9","*","   4.6"," "," 0.00","F","  0.4","000000"
"28661099999","2019-11-05","55.4666666","65.4","74.0","KURGAN, RS","  32.4"," 8","  23.4"," 8","1020.4"," 8","011.0"," 8"," 12.4"," 8","  6.8"," 8","  9.7","999.9","  35.6","*","  17.6"," "," 0.00","F","  0.4","010000"
"28661099999","2019-11-06","55.4666666","65.4","74.0","KURGAN, RS","  39.0"," 8","  32.0"," 8","1014.2"," 8","004.9"," 8"," 12.4"," 8","  6.1"," 8","  7.8","999.9","  45.1","*","  33.4"," "," 0.17","F","  0.4","010000"
"28661099999","2019-11-07","55.4666666","65.4","74.0","KURGAN, RS","  40.9"," 6","  33.1"," 6","1010.1"," 6","000.9"," 6"," 14.5"," 6","  5.8"," 6","  7.8","999.9","  45.9","*","  35.6"," "," 0.02","E","999.9","010000"
"28661099999","2019-11-08","55.4666666","65.4","74.0","KURGAN, RS","  30.4"," 8","  24.4"," 8","1019.3"," 8","009.9"," 8","  7.0"," 8","  6.6"," 8"," 11.7","999.9","  44.8","*","  13.8","*"," 0.12","F","999.9","000000"
"28661099999","2019-11-09","55.4666666","65.4","74.0","KURGAN, RS","  15.0"," 8","   9.4"," 8","1034.3"," 8","024.4"," 8"," 12.4"," 8","  4.2"," 7","  5.8","999.9","  23.4","*","   8.6","*"," 0.00","F","999.9","000000"
"28661099999","2019-11-10","55.4666666","65.4","74.0","KURGAN, RS","  17.4"," 8","  12.2"," 8","1037.6"," 8","027.7"," 8"," 12.4"," 8","  3.1"," 7","  3.9","999.9","  23.5","*","   6.4"," "," 0.00","F","999.9","000000"
"28661099999","2019-11-11","55.4666666","65.4","74.0","KURGAN, RS","  21.5"," 8","  16.4"," 8","1031.5"," 8","021.8"," 8","  6.2"," 8","  4.4"," 8","  7.8","999.9","  26.4","*","  15.8"," "," 0.00","F","999.9","000000"
"28661099999","2019-11-12","55.4666666","65.4","74.0","KURGAN, RS","  22.9"," 8","  18.9"," 8","1021.5"," 8","011.9"," 8","  7.8"," 8","  3.1"," 7","  5.8","999.9","  30.0","*","  16.5","*"," 0.00","F","999.9","000000"
"28661099999","2019-11-13","55.4666666","65.4","74.0","KURGAN, RS","  23.4"," 8","  21.0"," 8","1023.9"," 8","014.3"," 8","  4.3"," 8","  5.2"," 6","  5.8","999.9","  28.2","*","  16.2"," "," 0.05","F","  0.4","001000"
"28661099999","2019-11-14","55.4666666","65.4","74.0","KURGAN, RS","   6.6"," 8","   2.1"," 8","1039.1"," 8","029.0"," 8","  8.9"," 8","  5.3"," 7","  7.8","999.9","  13.1","*","  -2.0","*"," 0.08","F","  0.8","001000"
"28661099999","2019-11-15","55.4666666","65.4","74.0","KURGAN, RS","  11.1"," 8","   6.7"," 8","1040.7"," 8","030.7"," 8","  5.0"," 8","  4.4"," 7","  5.8","999.9","  15.4","*","  -2.2"," "," 0.12","F","  0.8","001000"
"28661099999","2019-11-16","55.4666666","65.4","74.0","KURGAN, RS","  26.8"," 8","  22.5"," 8","1031.8"," 8","022.2"," 8","  6.5"," 8","  4.6"," 8","  7.8","999.9","  32.9","*","  14.2"," "," 0.12","F","  3.1","001000"
"28661099999","2019-11-17","55.4666666","65.4","74.0","KURGAN, RS","  31.6"," 8","  25.2"," 8","1023.4"," 8","014.0"," 8","  6.5"," 8","  4.1"," 8","  5.8","999.9","  34.7","*","  24.3"," "," 0.00","F","  2.8","001000"
"28661099999","2019-11-18","55.4666666","65.4","74.0","KURGAN, RS","  16.7"," 8","   9.0"," 8","1026.8"," 8","017.1"," 8","  7.8"," 8","  7.0"," 8","  9.7","999.9","  31.5","*","  -7.1","*"," 0.00","F","  2.4","001000"
"28661099999","2019-11-19","55.4666666","65.4","74.0","KURGAN, RS"," -11.2"," 8"," -18.8"," 8","1037.6"," 8","027.1"," 8"," 12.4"," 8","  5.6"," 8","  7.8","999.9","  -7.2","*"," -14.1","*"," 0.00","F","  2.4","000000"
"28661099999","2019-11-20","55.4666666","65.4","74.0","KURGAN, RS","  -7.2"," 8"," -14.0"," 8","1043.4"," 8","033.0"," 8","  7.0"," 8","  4.4"," 8","  5.8","999.9","  -2.6","*"," -14.4"," "," 0.00","F","  2.4","001000"
"28661099999","2019-11-21","55.4666666","65.4","74.0","KURGAN, RS","   4.6"," 8","  -3.8"," 8","1038.0"," 8","027.9"," 8"," 12.4"," 8","  3.9"," 8","  5.8","999.9","  11.7","*","  -9.8"," "," 0.00","F","  2.4","001000"
"28661099999","2019-11-22","55.4666666","65.4","74.0","KURGAN, RS","  19.8"," 8","  14.1"," 8","1033.7"," 8","023.9"," 8","  6.2"," 8","  2.9"," 8","  3.9","999.9","  23.0","*","   9.5"," "," 0.03","F","  2.4","001000"
"28661099999","2019-11-23","55.4666666","65.4","74.0","KURGAN, RS","  24.6"," 8","  20.6"," 8","1028.6"," 8","019.0"," 8","  6.5"," 8","  4.1"," 8","  5.8","999.9","  25.5","*","  20.8"," "," 0.02","F","  3.1","001000"
"28661099999","2019-11-24","55.4666666","65.4","74.0","KURGAN, RS","  24.6"," 8","  21.4"," 8","1025.8"," 8","016.2"," 8","  4.3"," 8","  4.9"," 8","  7.8","999.9","  27.7","*","  18.9","*"," 0.24","F","  4.3","001000"
"28661099999","2019-11-25","55.4666666","65.4","74.0","KURGAN, RS","  11.5"," 8","   6.7"," 8","1032.8"," 8","022.9"," 8","  5.7"," 8","  3.6"," 8","  7.8","999.9","  14.5","*","   9.7"," "," 0.07","F","  5.1","001000"
"28661099999","2019-11-26","55.4666666","65.4","74.0","KURGAN, RS","  12.9"," 8","   8.6"," 8","1029.9"," 8","020.0"," 8","  7.8"," 8","  3.4"," 8","  5.8","999.9","  15.8","*","  11.1"," "," 0.02","F","  5.1","001000"
"28661099999","2019-11-27","55.4666666","65.4","74.0","KURGAN, RS","  11.0"," 8","   6.5"," 8","1026.2"," 8","016.4"," 8","  7.0"," 8","  5.6"," 8","  5.8","999.9","  14.2","*","   6.6","*"," 0.00","F","  5.1","001000"
"28661099999","2019-11-28","55.4666666","65.4","74.0","KURGAN, RS","  10.9"," 8","   3.2"," 8","1029.1"," 8","019.2"," 8"," 10.1"," 8","  4.6"," 8","  5.8","999.9","  19.0","*","   4.3"," "," 0.00","F","  5.1","000000"
"28661099999","2019-11-29","55.4666666","65.4","74.0","KURGAN, RS","  11.8"," 8","   4.5"," 8","1034.6"," 8","024.6"," 8"," 12.4"," 8","  4.4"," 8","  5.8","999.9","  16.7","*","   6.8"," "," 0.00","F","  4.7","000000"
"28661099999","2019-11-30","55.4666666","65.4","74.0","KURGAN, RS","   6.5"," 8","  -0.9"," 8","1035.8"," 8","025.8"," 8"," 12.4"," 8","  3.3"," 7","  5.8","999.9","  14.5","*","  -2.0","*"," 0.00","F","  4.7","000000"
"28661099999","2019-12-01","55.4666666","65.4","74.0","KURGAN, RS","   8.9"," 8","   1.2"," 8","1026.1"," 8","016.1"," 8"," 10.1"," 8","  2.3"," 6","  3.9","999.9","  19.2","*","  -2.9"," "," 0.00","F","  4.7","000000"
"28661099999","2019-12-02","55.4666666","65.4","74.0","KURGAN, RS","  18.3"," 8","  12.0"," 8","1015.6"," 8","006.0"," 8","  7.8"," 8","  3.9"," 7","  5.8","999.9","  24.1","*","   5.0"," "," 0.00","F","  4.7","000000"
"28661099999","2019-12-03","55.4666666","65.4","74.0","KURGAN, RS","  18.8"," 8","  13.2"," 8","1022.5"," 8","012.8"," 8","  9.3"," 8","  2.9"," 8","  5.8","999.9","  27.9","*","   5.7","*"," 0.00","F","  4.7","001000"
"28661099999","2019-12-04","55.4666666","65.4","74.0","KURGAN, RS","  13.8"," 8","  10.2"," 8","1021.1"," 8","011.4"," 8","  7.3"," 8","  3.1"," 5","  3.9","999.9","  17.1","*","   4.1"," "," 0.00","F","  4.7","001000"
"28661099999","2019-12-05","55.4666666","65.4","74.0","KURGAN, RS","  18.0"," 8","  14.8"," 8","1009.4"," 8","999.9"," 8","  4.8"," 8","  3.6"," 8","  5.8","999.9","  22.3","*","   7.2","*"," 0.11","F","  4.7","001000"
"28661099999","2019-12-06","55.4666666","65.4","74.0","KURGAN, RS","  18.9"," 8","  14.4"," 8","1006.6"," 8","997.0"," 8","  5.8"," 8","  6.3"," 8"," 11.7","999.9","  32.5","*","   3.7"," "," 0.03","F","  5.9","001000"
"28661099999","2019-12-07","55.4666666","65.4","74.0","KURGAN, RS","  32.1"," 8","  25.3"," 8","1009.6"," 8","000.3"," 8"," 13.2"," 8","  5.3"," 8","  7.8","999.9","  34.2","*","  28.4"," "," 0.01","F","  5.1","001000"
"28661099999","2019-12-08","55.4666666","65.4","74.0","KURGAN, RS","  26.3"," 8","  21.3"," 8","1019.6"," 8","010.1"," 8","  7.8"," 8","  3.6"," 8","  3.9","999.9","  32.2","*","  18.0","*"," 0.00","F","  5.1","000000"
"28661099999","2019-12-09","55.4666666","65.4","74.0","KURGAN, RS","  17.8"," 8","  13.8"," 8","1022.8"," 8","013.1"," 8","  7.8"," 8","  4.1"," 8","  5.8","999.9","  20.5","*","  13.1"," "," 0.00","F","  5.1","000000"
"28661099999","2019-12-10","55.4666666","65.4","74.0","KURGAN, RS","  17.6"," 8","  14.3"," 8","1022.0"," 8","012.3"," 8"," 12.4"," 8","  5.3"," 8","  7.8","999.9","  22.3"," ","  15.3"," "," 0.00","F","  5.1","000000"
"28661099999","2019-12-11","55.4666666","65.4","74.0","KURGAN, RS","  19.0"," 8","  14.0"," 8","1017.1"," 8","007.6"," 8"," 12.4"," 8","  4.1"," 8","  7.8","999.9","  24.1","*","  15.1","*"," 0.00","F","  4.7","000000"
"28661099999","2019-12-12","55.4666666","65.4","74.0","KURGAN, RS","  19.8"," 8","  15.8"," 8","1013.7"," 8","004.1"," 8","  4.8"," 8","  4.4"," 7","  9.7","999.9","  27.0","*","  14.9"," "," 0.12","F","  4.7","001000"
"28661099999","2019-12-13","55.4666666","65.4","74.0","KURGAN, RS","  11.9"," 8","   7.8"," 8","1022.4"," 8","012.6"," 8"," 10.1"," 8","  3.2"," 8","  3.9","999.9","  17.4","*","   6.4"," "," 0.00","F","  5.5","000000"
"28661099999","2019-12-14","55.4666666","65.4","74.0","KURGAN, RS","  13.9"," 8","   9.9"," 8","1028.8"," 8","019.0"," 8","  7.0"," 8","  3.2"," 8","  3.9","999.9","  21.7","*","   7.5","*"," 0.00","F","  5.5","001000"
"28661099999","2019-12-15","55.4666666","65.4","74.0","KURGAN, RS","   5.9"," 8","   0.3"," 8","1034.7"," 8","024.6"," 8"," 12.4"," 8","  3.6"," 8","  3.9","999.9","  10.4","*","   1.6","*"," 0.00","F","  5.5","000000"
"28661099999","2019-12-16","55.4666666","65.4","74.0","KURGAN, RS","   9.8"," 8","   3.7"," 8","1032.8"," 8","022.8"," 8"," 12.4"," 8","  2.9"," 8","  5.8","999.9","  15.4","*","   0.7"," "," 0.00","F","  5.5","000000"
"28661099999","2019-12-17","55.4666666","65.4","74.0","KURGAN, RS","  16.8"," 8","  10.6"," 8","1024.8"," 8","015.1"," 8"," 10.1"," 8","  4.9"," 8","  7.8","999.9","  20.1","*","  13.1"," "," 0.00","F","  5.5","000000"
"28661099999","2019-12-18","55.4666666","65.4","74.0","KURGAN, RS","  17.9"," 8","  13.6"," 8","1014.7"," 8","005.0"," 8","  5.7"," 8","  3.2"," 6","  3.9","999.9","  21.0","*","  14.0","*"," 0.01","F","  5.5","001000"
"28661099999","2019-12-19","55.4666666","65.4","74.0","KURGAN, RS","  14.8"," 8","  11.4"," 8","1009.2"," 8","999.6"," 8","  5.7"," 8","  1.9"," 5","  1.9","999.9","  17.1","*","  12.6"," "," 0.05","F","  6.7","001000"
"28661099999","2019-12-20","55.4666666","65.4","74.0","KURGAN, RS","  18.5"," 8","  14.5"," 8"," 997.9"," 8","988.5"," 8","  3.9"," 8","  6.8"," 8","  9.7","999.9","  20.1","*","  14.5"," "," 0.09","F","  6.7","001000"
"28661099999","2019-12-21","55.4666666","65.4","74.0","KURGAN, RS","  16.8"," 8","  12.4"," 8","1000.9"," 8","991.3"," 8","  3.4"," 8","  9.5"," 8"," 11.7","999.9","  19.9"," ","  12.4","*"," 0.20","F","  7.1","001000"
"28661099999","2019-12-22","55.4666666","65.4","74.0","KURGAN, RS","   8.9"," 8","   2.9"," 8","1019.8"," 8","009.9"," 8","  7.0"," 8","  5.3"," 8","  7.8","999.9","  10.4","*","   7.2"," "," 0.03","F","  7.5","001000"
"28661099999","2019-12-23","55.4666666","65.4","74.0","KURGAN, RS","   9.5"," 8","   4.3"," 8","1021.4"," 8","011.5"," 8"," 10.1"," 8","  5.3"," 8","  7.8","999.9","  20.8","*","  -3.6"," "," 0.01","F","  7.9","001000"
"28661099999","2019-12-24","55.4666666","65.4","74.0","KURGAN, RS","  27.6"," 8","  19.9"," 8","1020.3"," 8","010.9"," 8","  9.3"," 8","  5.1"," 8","  7.8","999.9","  30.9","*","  15.1"," "," 0.04","F","  7.9","001000"
"28661099999","2019-12-25","55.4666666","65.4","74.0","KURGAN, RS","  23.6"," 8","  14.9"," 8","1021.3"," 8","011.8"," 8"," 10.1"," 8","  5.1"," 8","  5.8","999.9","  28.0","*","  19.0","*"," 0.00","F","  7.5","001000"
"28661099999","2019-12-26","55.4666666","65.4","74.0","KURGAN, RS","   9.3"," 8","   1.5"," 8","1023.8"," 8","013.9"," 8"," 12.4"," 8","  2.4"," 8","  3.9","999.9","  15.4","*","  -1.1","*"," 0.00","F","  7.1","000000"
"28661099999","2019-12-27","55.4666666","65.4","74.0","KURGAN, RS","  13.5"," 8","   7.9"," 8","1021.5"," 8","011.7"," 8"," 12.4"," 8","  4.6"," 8","  5.8","999.9","  17.2","*","  -1.3"," "," 0.00","F","  7.1","000000"
"28661099999","2019-12-28","55.4666666","65.4","74.0","KURGAN, RS","   6.5"," 8","  -0.3"," 8","1017.1"," 8","007.2"," 8"," 12.4"," 8","  4.6"," 8","  7.8","999.9","   7.5","*","   4.6"," "," 0.00","F","  7.1","000000"
"28661099999","2019-12-29","55.4666666","65.4","74.0","KURGAN, RS","   4.5"," 8","  -1.8"," 8","1023.3"," 8","013.4"," 8","  8.4"," 8","  8.7"," 8"," 11.7","999.9","   8.6"," ","  -0.2","*"," 0.00","F","  7.1","001000"
"28661099999","2019-12-30","55.4666666","65.4","74.0","KURGAN, RS","  -4.7"," 8"," -10.5"," 8","1025.3"," 8","015.1"," 8"," 12.4"," 8","  3.6"," 6","  5.8","999.9","  -2.2","*","  -7.2","*"," 0.00","F","  7.1","001000"
"28661099999","2019-12-31","55.4666666","65.4","74.0","KURGAN, RS","   7.4"," 8","   2.4"," 8","1005.7"," 8","996.0"," 8","  8.4"," 8","  6.1"," 8","  9.7","999.9","  17.6","*","  -7.8"," "," 0.00","F","  7.1","001000"
