"STATION","DATE","LATITUDE","LONGITUDE","ELEVATION","NAME","TEMP","TEMP_ATTRIBUTES","DEWP","DEWP_ATTRIBUTES","SLP","SLP_ATTRIBUTES","STP","STP_ATTRIBUTES","VISIB","VISIB_ATTRIBUTES","WDSP","WDSP_ATTRIBUTES","MXSPD","GUST","MAX","MAX_ATTRIBUTES","MIN","MIN_ATTRIBUTES","PRCP","PRCP_ATTRIBUTES","SNDP","FRSHTT"
"71089099999","2019-01-01","52.5833333","-110.35","644.0","RIBSTONE SOUTH AGCM, CA","  10.7"," 8","   5.7"," 8","9999.9"," 0","999.9"," 0","999.9"," 0","  0.0"," 6","999.9","999.9","  35.1","*","  -4.2","*"," 0.00","G","999.9","000000"
"71089099999","2019-01-02","52.5833333","-110.35","644.0","RIBSTONE SOUTH AGCM, CA","  34.2"," 8","  27.4"," 8","9999.9"," 0","999.9"," 0","999.9"," 0","  0.0"," 8","999.9","999.9","  40.6","*","  27.5","*"," 0.00","G","999.9","000000"
"71089099999","2019-01-03","52.5833333","-110.35","644.0","RIBSTONE SOUTH AGCM, CA","  34.7"," 8","  28.6"," 8","9999.9"," 0","999.9"," 0","999.9"," 0","  0.0"," 8","999.9","999.9","  41.9"," ","  26.8"," "," 0.00","G","999.9","000000"
"71089099999","2019-01-04","52.5833333","-110.35","644.0","RIBSTONE SOUTH AGCM, CA","  25.3"," 7","  22.3"," 7","9999.9"," 0","999.9"," 0","999.9"," 0","  0.0"," 4","999.9","999.9","  30.7","*","  18.0","*"," 0.00","I","999.9","000000"
"71089099999","2019-01-05","52.5833333","-110.35","644.0","RIBSTONE SOUTH AGCM, CA","  25.3"," 8","  23.5"," 8","9999.9"," 0","999.9"," 0","999.9"," 0","  0.0"," 6","999.9","999.9","  27.1","*","  23.4","*"," 0.00","I","999.9","000000"
"71089099999","2019-01-06","52.5833333","-110.35","644.0","RIBSTONE SOUTH AGCM, CA","  25.3"," 7","  23.6"," 7","9999.9"," 0","999.9"," 0","999.9"," 0","999.9"," 0","999.9","999.9","  30.7","*","  22.6","*"," 0.00","I","999.9","000000"
"71089099999","2019-01-07","52.5833333","-110.35","644.0","RIBSTONE SOUTH AGCM, CA","  19.2"," 8","  15.4"," 8","9999.9"," 0","999.9"," 0","999.9"," 0","999.9"," 0","999.9","999.9","  28.0","*","   8.1","*"," 0.00","I","999.9","000000"
"71089099999","2019-01-08","52.5833333","-110.35","644.0","RIBSTONE SOUTH AGCM, CA","   0.9"," 7","  -6.6"," 7","9999.9"," 0","999.9"," 0","999.9"," 0","  0.0"," 6","999.9","999.9","   5.4","*","  -5.4","*"," 0.00","I","999.9","000000"
"71089099999","2019-01-09","52.5833333","-110.35","644.0","RIBSTONE SOUTH AGCM, CA","   3.3"," 8","  -3.0"," 8","9999.9"," 0","999.9"," 0","999.9"," 0","  0.0"," 6","999.9","999.9","  12.7","*","  -7.8","*"," 0.00","I","999.9","000000"
"71089099999","2019-01-10","52.5833333","-110.35","644.0","RIBSTONE SOUTH AGCM, CA","   6.6"," 8","   3.2"," 8","9999.9"," 0","999.9"," 0","999.9"," 0","  0.0"," 7","999.9","999.9","  14.2"," ","  -3.1"," "," 0.07","G","999.9","000000"
"71089099999","2019-01-11","52.5833333","-110.35","644.0","RIBSTONE SOUTH AGCM, CA","   0.8"," 8","  -2.9"," 8","9999.9"," 0","999.9"," 0","999.9"," 0","  0.0"," 6","999.9","999.9","  13.5","*","  -5.6","*"," 0.02","G","999.9","000000"
"71089099999","2019-01-12","52.5833333","-110.35","644.0","RIBSTONE SOUTH AGCM, CA","  14.3"," 8","   9.7"," 8","9999.9"," 0","999.9"," 0","999.9"," 0","  0.0"," 4","999.9","999.9","  30.0","*","   7.9","*"," 0.00","G","999.9","000000"
"71089099999","2019-01-13","52.5833333","-110.35","644.0","RIBSTONE SOUTH AGCM, CA","  14.3"," 8","  10.8"," 8","9999.9"," 0","999.9"," 0","999.9"," 0","  0.0"," 8","999.9","999.9","  34.0"," ","   5.5"," "," 0.00","G","999.9","000000"
"71089099999","2019-01-14","52.5833333","-110.35","644.0","RIBSTONE SOUTH AGCM, CA","  10.4"," 8","   7.3"," 8","9999.9"," 0","999.9"," 0","999.9"," 0","  0.0"," 6","999.9","999.9","  23.5","*","   4.1","*"," 0.00","G","999.9","000000"
"71089099999","2019-01-15","52.5833333","-110.35","644.0","RIBSTONE SOUTH AGCM, CA","  17.5"," 8","  13.4"," 8","9999.9"," 0","999.9"," 0","999.9"," 0","999.9"," 0","999.9","999.9","  31.5"," ","   2.8"," "," 0.00","I","999.9","000000"
"71089099999","2019-01-16","52.5833333","-110.35","644.0","RIBSTONE SOUTH AGCM, CA","   5.6"," 8","   2.7"," 8","9999.9"," 0","999.9"," 0","999.9"," 0","999.9"," 0","999.9","999.9","   6.6","*","   4.3","*"," 0.00","I","999.9","000000"
"71089099999","2019-01-17","52.5833333","-110.35","644.0","RIBSTONE SOUTH AGCM, CA","  -0.4"," 8","  -5.5"," 8","9999.9"," 0","999.9"," 0","999.9"," 0","  0.0"," 4","999.9","999.9","   6.1"," ","  -6.3"," "," 0.02","G","999.9","000000"
"71089099999","2019-01-18","52.5833333","-110.35","644.0","RIBSTONE SOUTH AGCM, CA","  -3.5"," 8"," -11.6"," 8","9999.9"," 0","999.9"," 0","999.9"," 0","  0.0"," 8","999.9","999.9","   4.1"," ","  -5.6"," "," 0.00","G","999.9","000000"
"71089099999","2019-01-19","52.5833333","-110.35","644.0","RIBSTONE SOUTH AGCM, CA","   1.0"," 8","  -5.0"," 8","9999.9"," 0","999.9"," 0","999.9"," 0","  0.0"," 8","999.9","999.9","   3.6","*","  -1.8","*"," 0.00","G","999.9","000000"
"71089099999","2019-01-20","52.5833333","-110.35","644.0","RIBSTONE SOUTH AGCM, CA","   4.0"," 8","  -0.7"," 8","9999.9"," 0","999.9"," 0","999.9"," 0","  0.0"," 8","999.9","999.9","  12.4","*","  -1.7","*"," 0.09","G","999.9","000000"
"71089099999","2019-01-21","52.5833333","-110.35","644.0","RIBSTONE SOUTH AGCM, CA","  11.5"," 8","   7.5"," 8","9999.9"," 0","999.9"," 0","999.9"," 0","  0.0"," 8","999.9","999.9","  25.0"," ","  -3.1"," "," 0.00","G","999.9","000000"
"71089099999","2019-01-22","52.5833333","-110.35","644.0","RIBSTONE SOUTH AGCM, CA","  14.4"," 8","  11.1"," 8","9999.9"," 0","999.9"," 0","999.9"," 0","  0.0"," 8","999.9","999.9","  25.9"," ","   0.9"," "," 0.00","G","999.9","000000"
"71089099999","2019-01-23","52.5833333","-110.35","644.0","RIBSTONE SOUTH AGCM, CA","  16.4"," 8","  10.5"," 8","9999.9"," 0","999.9"," 0","999.9"," 0","  0.0"," 6","999.9","999.9","  26.6","*","   2.1","*"," 0.00","I","999.9","000000"
"71089099999","2019-01-24","52.5833333","-110.35","644.0","RIBSTONE SOUTH AGCM, CA","  -4.5"," 8","  -8.8"," 8","9999.9"," 0","999.9"," 0","999.9"," 0","  0.0"," 6","999.9","999.9","  22.8","*"," -14.1","*"," 0.00","I","999.9","000000"
"71089099999","2019-01-25","52.5833333","-110.35","644.0","RIBSTONE SOUTH AGCM, CA","  20.2"," 8","  16.5"," 8","9999.9"," 0","999.9"," 0","999.9"," 0","  0.0"," 5","999.9","999.9","  32.7","*","  13.3","*"," 0.00","G","999.9","000000"
"71089099999","2019-01-26","52.5833333","-110.35","644.0","RIBSTONE SOUTH AGCM, CA","  33.2"," 8","  28.0"," 8","9999.9"," 0","999.9"," 0","999.9"," 0","  0.0"," 7","999.9","999.9","  39.6","*","  28.4","*"," 0.02","G","999.9","000000"
"71089099999","2019-01-27","52.5833333","-110.35","644.0","RIBSTONE SOUTH AGCM, CA","  36.5"," 8","  29.4"," 8","9999.9"," 0","999.9"," 0","999.9"," 0","999.9"," 0","999.9","999.9","  42.6"," ","  28.2"," "," 0.00","I","999.9","000000"
"71089099999","2019-01-28","52.5833333","-110.35","644.0","RIBSTONE SOUTH AGCM, CA","  15.0"," 8","   7.9"," 8","9999.9"," 0","999.9"," 0","999.9"," 0","  0.0"," 5","999.9","999.9","  28.9","*","   5.2","*"," 0.00","I","999.9","000000"
"71089099999","2019-01-29","52.5833333","-110.35","644.0","RIBSTONE SOUTH AGCM, CA","  -4.6"," 7"," -11.5"," 7","9999.9"," 0","999.9"," 0","999.9"," 0","  0.0"," 6","999.9","999.9","   4.1","*"," -12.8","*"," 0.02","G","999.9","000000"
"71089099999","2019-01-30","52.5833333","-110.35","644.0","RIBSTONE SOUTH AGCM, CA","   3.4"," 8","  -2.3"," 8","9999.9"," 0","999.9"," 0","999.9"," 0","  0.0"," 6","999.9","999.9","  10.4","*","  -0.6","*"," 0.02","G","999.9","000000"
"71089099999","2019-01-31","52.5833333","-110.35","644.0","RIBSTONE SOUTH AGCM, CA","  23.8"," 8","  19.8"," 8","9999.9"," 0","999.9"," 0","999.9"," 0","  0.0"," 6","999.9","999.9","  38.3","*","  12.9","*"," 0.06","G","999.9","000000"
"71089099999","2019-02-01","52.5833333","-110.35","644.0","RIBSTONE SOUTH AGCM, CA","   9.3"," 8","   4.8"," 8","9999.9"," 0","999.9"," 0","999.9"," 0","  0.0"," 4","999.9","999.9","  37.2"," ","  -4.2"," "," 0.11","G","999.9","000000"
"71089099999","2019-02-02","52.5833333","-110.35","644.0","RIBSTONE SOUTH AGCM, CA","  -5.6"," 8"," -11.6"," 8","9999.9"," 0","999.9"," 0","999.9"," 0","  0.0"," 8","999.9","999.9","  -4.2","*","  -7.1","*"," 0.07","G","999.9","000000"
"71089099999","2019-02-03","52.5833333","-110.35","644.0","RIBSTONE SOUTH AGCM, CA"," -13.0"," 7"," -20.6"," 7","9999.9"," 0","999.9"," 0","999.9"," 0","  0.0"," 7","999.9","999.9","  -4.2"," "," -16.4"," "," 0.00","G","999.9","000000"
"71089099999","2019-02-04","52.5833333","-110.35","644.0","RIBSTONE SOUTH AGCM, CA"," -14.4"," 8"," -21.4"," 8","9999.9"," 0","999.9"," 0","999.9"," 0","  0.0"," 6","999.9","999.9","  -9.4","*"," -16.6","*"," 0.00","I","999.9","000000"
"71089099999","2019-02-05","52.5833333","-110.35","644.0","RIBSTONE SOUTH AGCM, CA"," -15.9"," 7"," -22.1"," 7","9999.9"," 0","999.9"," 0","999.9"," 0","  0.0"," 6","999.9","999.9"," -10.8","*"," -31.5","*"," 0.06","G","999.9","000000"
"71089099999","2019-02-06","52.5833333","-110.35","644.0","RIBSTONE SOUTH AGCM, CA"," -20.9"," 8"," -28.3"," 8","9999.9"," 0","999.9"," 0","999.9"," 0","  0.0"," 6","999.9","999.9","  -7.2","*"," -28.8","*"," 0.00","G","999.9","000000"
"71089099999","2019-02-07","52.5833333","-110.35","644.0","RIBSTONE SOUTH AGCM, CA"," -24.9"," 8"," -31.9"," 8","9999.9"," 0","999.9"," 0","999.9"," 0","  0.0"," 8","999.9","999.9","  -6.5"," "," -34.8"," "," 0.02","G","999.9","000000"
"71089099999","2019-02-08","52.5833333","-110.35","644.0","RIBSTONE SOUTH AGCM, CA"," -14.0"," 8"," -20.8"," 8","9999.9"," 0","999.9"," 0","999.9"," 0","  0.0"," 6","999.9","999.9","  -6.3","*"," -19.5","*"," 0.00","I","999.9","000000"
"71089099999","2019-02-09","52.5833333","-110.35","644.0","RIBSTONE SOUTH AGCM, CA"," -19.6"," 8"," -27.1"," 8","9999.9"," 0","999.9"," 0","999.9"," 0","  0.0"," 8","999.9","999.9","  -6.2"," "," -27.6"," "," 0.02","G","999.9","000000"
"71089099999","2019-02-10","52.5833333","-110.35","644.0","RIBSTONE SOUTH AGCM, CA"," -17.4"," 8"," -23.8"," 8","9999.9"," 0","999.9"," 0","999.9"," 0","  0.0"," 7","999.9","999.9","  -5.4","*"," -24.7","*"," 0.00","I","999.9","000000"
"71089099999","2019-02-11","52.5833333","-110.35","644.0","RIBSTONE SOUTH AGCM, CA","  -7.0"," 8"," -13.2"," 8","9999.9"," 0","999.9"," 0","999.9"," 0","  0.0"," 5","999.9","999.9","  -4.2","*"," -10.5","*"," 0.07","G","999.9","000000"
"71089099999","2019-02-12","52.5833333","-110.35","644.0","RIBSTONE SOUTH AGCM, CA"," -15.3"," 7"," -21.1"," 7","9999.9"," 0","999.9"," 0","999.9"," 0","  0.0"," 5","999.9","999.9","  -6.9","*"," -26.1","*"," 0.00","G","999.9","000000"
"71089099999","2019-02-13","52.5833333","-110.35","644.0","RIBSTONE SOUTH AGCM, CA"," -18.8"," 8"," -24.6"," 8","9999.9"," 0","999.9"," 0","999.9"," 0","  0.0"," 7","999.9","999.9","  -6.0","*"," -29.9","*"," 0.00","I","999.9","000000"
"71089099999","2019-02-14","52.5833333","-110.35","644.0","RIBSTONE SOUTH AGCM, CA"," -17.9"," 8"," -24.2"," 8","9999.9"," 0","999.9"," 0","999.9"," 0","  0.0"," 7","999.9","999.9","  -2.0","*"," -25.4","*"," 0.00","G","999.9","000000"
"71089099999","2019-02-15","52.5833333","-110.35","644.0","RIBSTONE SOUTH AGCM, CA"," -14.2"," 8"," -20.6"," 8","9999.9"," 0","999.9"," 0","999.9"," 0","  0.0"," 6","999.9","999.9","   0.5","*"," -25.8","*"," 0.00","G","999.9","000000"
"71089099999","2019-02-16","52.5833333","-110.35","644.0","RIBSTONE SOUTH AGCM, CA","  -2.7"," 8","  -8.3"," 8","9999.9"," 0","999.9"," 0","999.9"," 0","  0.0"," 7","999.9","999.9","   1.6","*","  -7.2","*"," 0.05","G","999.9","000000"
"71089099999","2019-02-17","52.5833333","-110.35","644.0","RIBSTONE SOUTH AGCM, CA","   1.8"," 8","  -2.8"," 8","9999.9"," 0","999.9"," 0","999.9"," 0","999.9"," 0","999.9","999.9","   4.1"," ","  -8.5"," "," 0.07","G","999.9","000000"
"71089099999","2019-02-18","52.5833333","-110.35","644.0","RIBSTONE SOUTH AGCM, CA","  -7.7"," 8"," -13.2"," 8","9999.9"," 0","999.9"," 0","999.9"," 0","999.9"," 0","999.9","999.9","   0.5","*"," -21.8","*"," 0.02","G","999.9","000000"
"71089099999","2019-02-19","52.5833333","-110.35","644.0","RIBSTONE SOUTH AGCM, CA","  -6.3"," 8"," -11.7"," 8","9999.9"," 0","999.9"," 0","999.9"," 0","  0.0"," 6","999.9","999.9","  11.7","*"," -13.2","*"," 0.00","G","999.9","000000"
"71089099999","2019-02-20","52.5833333","-110.35","644.0","RIBSTONE SOUTH AGCM, CA","  16.0"," 8","  12.5"," 8","9999.9"," 0","999.9"," 0","999.9"," 0","  0.0"," 6","999.9","999.9","  19.8","*","  10.6","*"," 0.04","G","999.9","000000"
"71089099999","2019-02-21","52.5833333","-110.35","644.0","RIBSTONE SOUTH AGCM, CA","   7.9"," 8","   3.0"," 8","9999.9"," 0","999.9"," 0","999.9"," 0","999.9"," 0","999.9","999.9","  19.2"," ","  -2.4"," "," 0.02","G","999.9","000000"
"71089099999","2019-02-22","52.5833333","-110.35","644.0","RIBSTONE SOUTH AGCM, CA","  -4.4"," 8"," -10.0"," 8","9999.9"," 0","999.9"," 0","999.9"," 0","999.9"," 0","999.9","999.9","  10.9"," "," -12.3"," "," 0.00","G","999.9","000000"
"71089099999","2019-02-23","52.5833333","-110.35","644.0","RIBSTONE SOUTH AGCM, CA","   3.0"," 8","  -2.6"," 8","9999.9"," 0","999.9"," 0","999.9"," 0","  0.0"," 6","999.9","999.9","   6.6","*","  -2.7","*"," 0.00","I","999.9","000000"
"71089099999","2019-02-24","52.5833333","-110.35","644.0","RIBSTONE SOUTH AGCM, CA","  -9.5"," 5"," -15.9"," 5","9999.9"," 0","999.9"," 0","999.9"," 0","999.9"," 0","999.9","999.9","  -0.2","*"," -15.2","*"," 0.00","I","999.9","000000"
"71089099999","2019-02-25","52.5833333","-110.35","644.0","RIBSTONE SOUTH AGCM, CA"," -17.1"," 8"," -23.8"," 8","9999.9"," 0","999.9"," 0","999.9"," 0","999.9"," 0","999.9","999.9","  -2.2","*"," -26.3","*"," 0.00","I","999.9","000000"
"71089099999","2019-02-26","52.5833333","-110.35","644.0","RIBSTONE SOUTH AGCM, CA"," -15.7"," 8"," -22.6"," 8","9999.9"," 0","999.9"," 0","999.9"," 0","  0.0"," 4","999.9","999.9","   0.0","*"," -27.2","*"," 0.00","I","999.9","000000"
"71089099999","2019-02-27","52.5833333","-110.35","644.0","RIBSTONE SOUTH AGCM, CA","   7.5"," 8","  -1.3"," 8","9999.9"," 0","999.9"," 0","999.9"," 0","  0.0"," 6","999.9","999.9","  21.4","*","   2.8","*"," 0.00","G","999.9","000000"
"71089099999","2019-02-28","52.5833333","-110.35","644.0","RIBSTONE SOUTH AGCM, CA","  16.0"," 8","   8.9"," 8","9999.9"," 0","999.9"," 0","999.9"," 0","  0.0"," 8","999.9","999.9","  22.8"," ","   2.5"," "," 0.00","G","999.9","000000"
"71089099999","2019-03-01","52.5833333","-110.35","644.0","RIBSTONE SOUTH AGCM, CA","  -4.0"," 8"," -11.0"," 8","9999.9"," 0","999.9"," 0","999.9"," 0","  0.0"," 8","999.9","999.9","  18.9"," "," -11.0"," "," 0.00","G","999.9","000000"
"71089099999","2019-03-02","52.5833333","-110.35","644.0","RIBSTONE SOUTH AGCM, CA"," -17.4"," 8"," -25.5"," 8","9999.9"," 0","999.9"," 0","999.9"," 0","  0.0"," 8","999.9","999.9","  -0.2"," "," -24.9"," "," 0.00","G","999.9","000000"
"71089099999","2019-03-03","52.5833333","-110.35","644.0","RIBSTONE SOUTH AGCM, CA","  -7.9"," 8"," -16.7"," 8","9999.9"," 0","999.9"," 0","999.9"," 0","  0.0"," 8","999.9","999.9","   3.7","*"," -14.4","*"," 0.00","G","999.9","000000"
"71089099999","2019-03-04","52.5833333","-110.35","644.0","RIBSTONE SOUTH AGCM, CA","  -0.3"," 8"," -10.7"," 8","9999.9"," 0","999.9"," 0","999.9"," 0","  0.0"," 8","999.9","999.9","  12.9","*","  -5.8","*"," 0.00","G","999.9","000000"
"71089099999","2019-03-05","52.5833333","-110.35","644.0","RIBSTONE SOUTH AGCM, CA","   9.0"," 8","  -1.9"," 8","9999.9"," 0","999.9"," 0","999.9"," 0","  0.0"," 8","999.9","999.9","  15.8"," ","  -7.1"," "," 0.00","G","999.9","000000"
"71089099999","2019-03-06","52.5833333","-110.35","644.0","RIBSTONE SOUTH AGCM, CA","  -2.3"," 7","  -7.9"," 7","9999.9"," 0","999.9"," 0","999.9"," 0","  0.0"," 5","999.9","999.9","  11.5","*"," -14.3","*"," 0.00","G","999.9","000000"
"71089099999","2019-03-07","52.5833333","-110.35","644.0","RIBSTONE SOUTH AGCM, CA","  -0.7"," 8","  -6.2"," 8","9999.9"," 0","999.9"," 0","999.9"," 0","  0.0"," 4","999.9","999.9","   9.3","*","  -7.8","*"," 0.00","I","999.9","000000"
"71089099999","2019-03-08","52.5833333","-110.35","644.0","RIBSTONE SOUTH AGCM, CA","   6.1"," 8","   1.6"," 8","9999.9"," 0","999.9"," 0","999.9"," 0","  0.0"," 6","999.9","999.9","  13.6","*","  -2.2","*"," 0.02","G","999.9","000000"
"71089099999","2019-03-09","52.5833333","-110.35","644.0","RIBSTONE SOUTH AGCM, CA","  15.1"," 8","  10.4"," 8","9999.9"," 0","999.9"," 0","999.9"," 0","  0.0"," 8","999.9","999.9","  24.8","*","   7.9","*"," 0.00","G","999.9","000000"
"71089099999","2019-03-10","52.5833333","-110.35","644.0","RIBSTONE SOUTH AGCM, CA","   3.9"," 8","  -1.5"," 8","9999.9"," 0","999.9"," 0","999.9"," 0","  0.0"," 8","999.9","999.9","  28.6"," "," -12.5"," "," 0.02","G","999.9","000000"
"71089099999","2019-03-11","52.5833333","-110.35","644.0","RIBSTONE SOUTH AGCM, CA","  16.7"," 8","  10.4"," 8","9999.9"," 0","999.9"," 0","999.9"," 0","  0.0"," 5","999.9","999.9","  29.8","*","  11.8","*"," 0.00","G","999.9","000000"
"71089099999","2019-03-12","52.5833333","-110.35","644.0","RIBSTONE SOUTH AGCM, CA","  27.3"," 8","  19.8"," 8","9999.9"," 0","999.9"," 0","999.9"," 0","  0.0"," 4","999.9","999.9","  36.9","*","  18.7","*"," 0.00","I","999.9","000000"
"71089099999","2019-03-13","52.5833333","-110.35","644.0","RIBSTONE SOUTH AGCM, CA","  30.0"," 5","  23.5"," 5","9999.9"," 0","999.9"," 0","999.9"," 0","  0.0"," 5","999.9","999.9","  38.1"," ","  17.2"," "," 0.00","G","999.9","000000"
"71089099999","2019-03-14","52.5833333","-110.35","644.0","RIBSTONE SOUTH AGCM, CA","  25.7"," 8","  17.3"," 8","9999.9"," 0","999.9"," 0","999.9"," 0","  0.0"," 4","999.9","999.9","  34.7","*","  18.0","*"," 0.00","I","999.9","000000"
"71089099999","2019-03-15","52.5833333","-110.35","644.0","RIBSTONE SOUTH AGCM, CA","  24.6"," 8","  16.7"," 8","9999.9"," 0","999.9"," 0","999.9"," 0","  0.0"," 4","999.9","999.9","  37.2","*","  16.0","*"," 0.00","I","999.9","000000"
"71089099999","2019-03-16","52.5833333","-110.35","644.0","RIBSTONE SOUTH AGCM, CA","  25.0"," 6","  15.8"," 6","9999.9"," 0","999.9"," 0","999.9"," 0","999.9"," 0","999.9","999.9","  37.6"," ","  12.9"," "," 0.00","G","999.9","000000"
"71089099999","2019-03-17","52.5833333","-110.35","644.0","RIBSTONE SOUTH AGCM, CA","  21.4"," 7","  16.1"," 7","9999.9"," 0","999.9"," 0","999.9"," 0","  0.0"," 4","999.9","999.9","  38.5"," ","  10.2"," "," 0.00","G","999.9","000000"
"71089099999","2019-03-18","52.5833333","-110.35","644.0","RIBSTONE SOUTH AGCM, CA","  35.6"," 8","  27.1"," 8","9999.9"," 0","999.9"," 0","999.9"," 0","  0.0"," 4","999.9","999.9","  42.6","*","  30.0","*"," 0.00","I","999.9","000000"
"71089099999","2019-03-19","52.5833333","-110.35","644.0","RIBSTONE SOUTH AGCM, CA","  38.3"," 8","  26.8"," 8","9999.9"," 0","999.9"," 0","999.9"," 0","  0.0"," 8","999.9","999.9","  47.1","*","  32.0","*"," 0.00","G","999.9","000000"
"71089099999","2019-03-20","52.5833333","-110.35","644.0","RIBSTONE SOUTH AGCM, CA","  36.9"," 8","  27.2"," 8","9999.9"," 0","999.9"," 0","999.9"," 0","  0.0"," 8","999.9","999.9","  52.2","*","  24.6","*"," 0.00","G","999.9","000000"
"71089099999","2019-03-21","52.5833333","-110.35","644.0","RIBSTONE SOUTH AGCM, CA","  37.3"," 7","  30.0"," 7","9999.9"," 0","999.9"," 0","999.9"," 0","  0.0"," 7","999.9","999.9","  55.6"," ","  21.4"," "," 0.00","G","999.9","000000"
"71089099999","2019-03-22","52.5833333","-110.35","644.0","RIBSTONE SOUTH AGCM, CA","  39.7"," 8","  34.1"," 8","9999.9"," 0","999.9"," 0","999.9"," 0","  0.0"," 8","999.9","999.9","  55.8","*","  30.2","*"," 0.00","G","999.9","000000"
"71089099999","2019-03-23","52.5833333","-110.35","644.0","RIBSTONE SOUTH AGCM, CA","  36.7"," 8","  32.7"," 8","9999.9"," 0","999.9"," 0","999.9"," 0","  0.0"," 8","999.9","999.9","  58.1"," ","  23.9"," "," 0.00","G","999.9","000000"
"71089099999","2019-03-24","52.5833333","-110.35","644.0","RIBSTONE SOUTH AGCM, CA","  32.6"," 8","  28.5"," 8","9999.9"," 0","999.9"," 0","999.9"," 0","  0.0"," 7","999.9","999.9","  49.8"," ","  23.9"," "," 0.00","G","999.9","000000"
"71089099999","2019-03-25","52.5833333","-110.35","644.0","RIBSTONE SOUTH AGCM, CA","  30.8"," 8","  27.0"," 8","9999.9"," 0","999.9"," 0","999.9"," 0","  0.0"," 8","999.9","999.9","  42.8","*","  23.2","*"," 0.00","G","999.9","000000"
"71089099999","2019-03-26","52.5833333","-110.35","644.0","RIBSTONE SOUTH AGCM, CA","  33.1"," 8","  30.7"," 8","9999.9"," 0","999.9"," 0","999.9"," 0","  0.0"," 7","999.9","999.9","  43.5"," ","  22.6"," "," 0.00","G","999.9","000000"
"71089099999","2019-03-27","52.5833333","-110.35","644.0","RIBSTONE SOUTH AGCM, CA","  35.7"," 6","  31.9"," 6","9999.9"," 0","999.9"," 0","999.9"," 0","  0.0"," 4","999.9","999.9","  41.7"," ","  33.3"," "," 0.05","G","999.9","000000"
"71089099999","2019-03-28","52.5833333","-110.35","644.0","RIBSTONE SOUTH AGCM, CA","  31.8"," 8","  22.4"," 8","9999.9"," 0","999.9"," 0","999.9"," 0","999.9"," 0","999.9","999.9","  42.6","*","  21.4","*"," 0.00","G","999.9","000000"
"71089099999","2019-03-29","52.5833333","-110.35","644.0","RIBSTONE SOUTH AGCM, CA","  35.0"," 8","  23.0"," 8","9999.9"," 0","999.9"," 0","999.9"," 0","  0.0"," 8","999.9","999.9","  46.2"," ","  19.9"," "," 0.00","G","999.9","000000"
"71089099999","2019-03-30","52.5833333","-110.35","644.0","RIBSTONE SOUTH AGCM, CA","  36.1"," 8","  23.7"," 8","9999.9"," 0","999.9"," 0","999.9"," 0","  0.0"," 8","999.9","999.9","  51.4","*","  25.2","*"," 0.00","G","999.9","000000"
"71089099999","2019-03-31","52.5833333","-110.35","644.0","RIBSTONE SOUTH AGCM, CA","  32.6"," 8","  22.5"," 8","9999.9"," 0","999.9"," 0","999.9"," 0","  0.0"," 8","999.9","999.9","  53.8"," ","  21.6"," "," 0.00","G","999.9","000000"
"71089099999","2019-04-01","52.5833333","-110.35","644.0","RIBSTONE SOUTH AGCM, CA","  37.9"," 8","  27.4"," 8","9999.9"," 0","999.9"," 0","999.9"," 0","  0.0"," 8","999.9","999.9","  44.4"," ","  21.6"," "," 0.04","G","999.9","000000"
"71089099999","2019-04-02","52.5833333","-110.35","644.0","RIBSTONE SOUTH AGCM, CA","  34.0"," 8","  23.0"," 8","9999.9"," 0","999.9"," 0","999.9"," 0","  0.0"," 8","999.9","999.9","  46.6"," ","  23.5"," "," 0.00","G","999.9","000000"
"71089099999","2019-04-03","52.5833333","-110.35","644.0","RIBSTONE SOUTH AGCM, CA","  34.0"," 8","  22.4"," 8","9999.9"," 0","999.9"," 0","999.9"," 0","  0.0"," 8","999.9","999.9","  51.4","*","  22.3","*"," 0.00","G","999.9","000000"
"71089099999","2019-04-04","52.5833333","-110.35","644.0","RIBSTONE SOUTH AGCM, CA","  35.1"," 8","  25.7"," 8","9999.9"," 0","999.9"," 0","999.9"," 0","  0.0"," 8","999.9","999.9","  54.9"," ","  22.3"," "," 0.00","G","999.9","000000"
"71089099999","2019-04-05","52.5833333","-110.35","644.0","RIBSTONE SOUTH AGCM, CA","  31.9"," 8","  23.0"," 8","9999.9"," 0","999.9"," 0","999.9"," 0","  0.0"," 8","999.9","999.9","  45.1","*","  20.1","*"," 0.00","G","999.9","000000"
"71089099999","2019-04-06","52.5833333","-110.35","644.0","RIBSTONE SOUTH AGCM, CA","  40.2"," 8","  33.3"," 8","9999.9"," 0","999.9"," 0","999.9"," 0","  0.0"," 8","999.9","999.9","  46.0","*","  36.9","*"," 0.03","G","999.9","000000"
"71089099999","2019-04-07","52.5833333","-110.35","644.0","RIBSTONE SOUTH AGCM, CA","  40.2"," 8","  30.6"," 8","9999.9"," 0","999.9"," 0","999.9"," 0","  0.0"," 8","999.9","999.9","  57.7","*","  25.3","*"," 0.00","G","999.9","000000"
"71089099999","2019-04-08","52.5833333","-110.35","644.0","RIBSTONE SOUTH AGCM, CA","  43.3"," 8","  25.1"," 8","9999.9"," 0","999.9"," 0","999.9"," 0","  0.0"," 8","999.9","999.9","  59.4"," ","  24.6"," "," 0.00","G","999.9","000000"
"71089099999","2019-04-09","52.5833333","-110.35","644.0","RIBSTONE SOUTH AGCM, CA","  41.4"," 8","  21.6"," 8","9999.9"," 0","999.9"," 0","999.9"," 0","  0.0"," 8","999.9","999.9","  59.2"," ","  20.8"," "," 0.00","G","999.9","000000"
"71089099999","2019-04-10","52.5833333","-110.35","644.0","RIBSTONE SOUTH AGCM, CA","  41.9"," 8","  27.2"," 8","9999.9"," 0","999.9"," 0","999.9"," 0","  0.0"," 8","999.9","999.9","  59.5"," ","  20.8"," "," 0.00","G","999.9","000000"
"71089099999","2019-04-11","52.5833333","-110.35","644.0","RIBSTONE SOUTH AGCM, CA","  40.3"," 8","  21.5"," 8","9999.9"," 0","999.9"," 0","999.9"," 0","  0.0"," 8","999.9","999.9","  57.2"," ","  27.5"," "," 0.00","G","999.9","000000"
"71089099999","2019-04-12","52.5833333","-110.35","644.0","RIBSTONE SOUTH AGCM, CA","  36.0"," 8","  16.7"," 8","9999.9"," 0","999.9"," 0","999.9"," 0","  0.0"," 8","999.9","999.9","  49.5","*","  21.0","*"," 0.00","G","999.9","000000"
"71089099999","2019-04-13","52.5833333","-110.35","644.0","RIBSTONE SOUTH AGCM, CA","  38.6"," 8","  14.4"," 8","9999.9"," 0","999.9"," 0","999.9"," 0","  0.0"," 8","999.9","999.9","  55.6","*","  26.6","*"," 0.00","G","999.9","000000"
"71089099999","2019-04-14","52.5833333","-110.35","644.0","RIBSTONE SOUTH AGCM, CA","  44.9"," 8","  23.4"," 8","9999.9"," 0","999.9"," 0","999.9"," 0","  0.0"," 8","999.9","999.9","  59.4"," ","  24.8"," "," 0.00","G","999.9","000000"
"71089099999","2019-04-15","52.5833333","-110.35","644.0","RIBSTONE SOUTH AGCM, CA","  40.0"," 8","  34.3"," 8","9999.9"," 0","999.9"," 0","999.9"," 0","  0.0"," 8","999.9","999.9","  60.3"," ","  27.9"," "," 0.00","G","999.9","000000"
"71089099999","2019-04-16","52.5833333","-110.35","644.0","RIBSTONE SOUTH AGCM, CA","  36.2"," 8","  27.1"," 8","9999.9"," 0","999.9"," 0","999.9"," 0","  0.0"," 8","999.9","999.9","  51.8","*","  21.4","*"," 0.02","G","999.9","000000"
"71089099999","2019-04-17","52.5833333","-110.35","644.0","RIBSTONE SOUTH AGCM, CA","  42.8"," 8","  26.7"," 8","9999.9"," 0","999.9"," 0","999.9"," 0","  0.0"," 8","999.9","999.9","  58.1","*","  30.4","*"," 0.00","G","999.9","000000"
"71089099999","2019-04-18","52.5833333","-110.35","644.0","RIBSTONE SOUTH AGCM, CA","  46.2"," 8","  25.7"," 8","9999.9"," 0","999.9"," 0","999.9"," 0","  0.0"," 8","999.9","999.9","  61.9"," ","  29.5"," "," 0.00","G","999.9","000000"
"71089099999","2019-04-19","52.5833333","-110.35","644.0","RIBSTONE SOUTH AGCM, CA","  52.4"," 8","  30.0"," 8","9999.9"," 0","999.9"," 0","999.9"," 0","  0.0"," 8","999.9","999.9","  64.0"," ","  31.8"," "," 0.00","G","999.9","000000"
"71089099999","2019-04-20","52.5833333","-110.35","644.0","RIBSTONE SOUTH AGCM, CA","  46.2"," 8","  25.7"," 8","9999.9"," 0","999.9"," 0","999.9"," 0","  0.0"," 8","999.9","999.9","  58.3"," ","  32.0"," "," 0.00","G","999.9","000000"
"71089099999","2019-04-21","52.5833333","-110.35","644.0","RIBSTONE SOUTH AGCM, CA","  42.4"," 8","  19.6"," 8","9999.9"," 0","999.9"," 0","999.9"," 0","  0.0"," 8","999.9","999.9","  57.6","*","  29.3","*"," 0.00","G","999.9","000000"
"71089099999","2019-04-22","52.5833333","-110.35","644.0","RIBSTONE SOUTH AGCM, CA","  49.6"," 8","  23.0"," 8","9999.9"," 0","999.9"," 0","999.9"," 0","  0.0"," 8","999.9","999.9","  69.3","*","  36.1","*"," 0.00","G","999.9","000000"
"71089099999","2019-04-23","52.5833333","-110.35","644.0","RIBSTONE SOUTH AGCM, CA","  55.2"," 8","  30.6"," 8","9999.9"," 0","999.9"," 0","999.9"," 0","  0.0"," 8","999.9","999.9","  71.6"," ","  34.9"," "," 0.00","G","999.9","000000"
"71089099999","2019-04-24","52.5833333","-110.35","644.0","RIBSTONE SOUTH AGCM, CA","  47.1"," 8","  25.7"," 8","9999.9"," 0","999.9"," 0","999.9"," 0","  0.0"," 7","999.9","999.9","  63.3"," ","  31.5"," "," 0.00","G","999.9","000000"
"71089099999","2019-04-25","52.5833333","-110.35","644.0","RIBSTONE SOUTH AGCM, CA","  40.9"," 8","  13.2"," 8","9999.9"," 0","999.9"," 0","999.9"," 0","  0.0"," 8","999.9","999.9","  58.1"," ","  27.9"," "," 0.00","G","999.9","000000"
"71089099999","2019-04-26","52.5833333","-110.35","644.0","RIBSTONE SOUTH AGCM, CA","  38.5"," 8","  15.0"," 8","9999.9"," 0","999.9"," 0","999.9"," 0","  0.0"," 7","999.9","999.9","  53.6"," ","  23.9"," "," 0.00","G","999.9","000000"
"71089099999","2019-04-27","52.5833333","-110.35","644.0","RIBSTONE SOUTH AGCM, CA","  40.1"," 8","  17.1"," 8","9999.9"," 0","999.9"," 0","999.9"," 0","  0.0"," 8","999.9","999.9","  53.6"," ","  23.9"," "," 0.00","G","999.9","000000"
"71089099999","2019-04-28","52.5833333","-110.35","644.0","RIBSTONE SOUTH AGCM, CA","  35.2"," 8","  10.0"," 8","9999.9"," 0","999.9"," 0","999.9"," 0","  0.0"," 8","999.9","999.9","  45.5"," ","  20.3"," "," 0.00","G","999.9","000000"
"71089099999","2019-04-29","52.5833333","-110.35","644.0","RIBSTONE SOUTH AGCM, CA","  35.1"," 8","  19.0"," 8","9999.9"," 0","999.9"," 0","999.9"," 0","  0.0"," 8","999.9","999.9","  46.6"," ","  19.6"," "," 0.00","G","999.9","000000"
"71089099999","2019-04-30","52.5833333","-110.35","644.0","RIBSTONE SOUTH AGCM, CA","  29.6"," 8","  17.9"," 8","9999.9"," 0","999.9"," 0","999.9"," 0","  0.0"," 8","999.9","999.9","  46.6"," ","  17.2"," "," 0.02","G","999.9","000000"
"71089099999","2019-05-01","52.5833333","-110.35","644.0","RIBSTONE SOUTH AGCM, CA","  28.2"," 8","  22.8"," 8","9999.9"," 0","999.9"," 0","999.9"," 0","  0.0"," 8","999.9","999.9","  38.8","*","  18.9","*"," 0.11","G","999.9","000000"
"71089099999","2019-05-02","52.5833333","-110.35","644.0","RIBSTONE SOUTH AGCM, CA","  35.5"," 8","  25.5"," 8","9999.9"," 0","999.9"," 0","999.9"," 0","  0.0"," 7","999.9","999.9","  43.9"," ","  16.7"," "," 0.19","G","999.9","000000"
"71089099999","2019-05-03","52.5833333","-110.35","644.0","RIBSTONE SOUTH AGCM, CA","  39.5"," 8","  25.8"," 8","9999.9"," 0","999.9"," 0","999.9"," 0","  0.0"," 8","999.9","999.9","  47.7"," ","  29.5"," "," 0.00","G","999.9","000000"
"71089099999","2019-05-04","52.5833333","-110.35","644.0","RIBSTONE SOUTH AGCM, CA","  33.6"," 8","  13.3"," 8","9999.9"," 0","999.9"," 0","999.9"," 0","  0.0"," 8","999.9","999.9","  45.1"," ","  20.7"," "," 0.00","G","999.9","000000"
"71089099999","2019-05-05","52.5833333","-110.35","644.0","RIBSTONE SOUTH AGCM, CA","  32.5"," 8","  16.5"," 8","9999.9"," 0","999.9"," 0","999.9"," 0","  0.0"," 8","999.9","999.9","  45.5"," ","  17.1"," "," 0.00","G","999.9","000000"
"71089099999","2019-05-06","52.5833333","-110.35","644.0","RIBSTONE SOUTH AGCM, CA","  39.7"," 8","  21.2"," 8","9999.9"," 0","999.9"," 0","999.9"," 0","  0.0"," 8","999.9","999.9","  51.4","*","  32.7","*"," 0.00","G","999.9","000000"
"71089099999","2019-05-07","52.5833333","-110.35","644.0","RIBSTONE SOUTH AGCM, CA","  44.9"," 8","  28.6"," 8","9999.9"," 0","999.9"," 0","999.9"," 0","  0.0"," 8","999.9","999.9","  55.4","*","  36.3","*"," 0.00","G","999.9","000000"
"71089099999","2019-05-08","52.5833333","-110.35","644.0","RIBSTONE SOUTH AGCM, CA","  43.0"," 8","  22.0"," 8","9999.9"," 0","999.9"," 0","999.9"," 0","  0.0"," 8","999.9","999.9","  56.5"," ","  23.2"," "," 0.00","G","999.9","000000"
"71089099999","2019-05-09","52.5833333","-110.35","644.0","RIBSTONE SOUTH AGCM, CA","  47.9"," 8","  33.2"," 8","9999.9"," 0","999.9"," 0","999.9"," 0","  0.0"," 7","999.9","999.9","  61.9","*","  34.0","*"," 0.00","G","999.9","000000"
"71089099999","2019-05-10","52.5833333","-110.35","644.0","RIBSTONE SOUTH AGCM, CA","  56.3"," 8","  34.7"," 8","9999.9"," 0","999.9"," 0","999.9"," 0","  0.0"," 8","999.9","999.9","  65.5","*","  46.4","*"," 0.00","G","999.9","000000"
"71089099999","2019-05-11","52.5833333","-110.35","644.0","RIBSTONE SOUTH AGCM, CA","  48.9"," 8","  29.3"," 8","9999.9"," 0","999.9"," 0","999.9"," 0","  0.0"," 8","999.9","999.9","  66.4"," ","  30.9"," "," 0.02","G","999.9","000000"
"71089099999","2019-05-12","52.5833333","-110.35","644.0","RIBSTONE SOUTH AGCM, CA","  57.5"," 8","  31.1"," 8","9999.9"," 0","999.9"," 0","999.9"," 0","  0.0"," 8","999.9","999.9","  73.6","*","  44.1","*"," 0.00","G","999.9","000000"
"71089099999","2019-05-13","52.5833333","-110.35","644.0","RIBSTONE SOUTH AGCM, CA","  56.2"," 8","  28.3"," 8","9999.9"," 0","999.9"," 0","999.9"," 0","  0.0"," 8","999.9","999.9","  78.4"," ","  35.8"," "," 0.00","G","999.9","000000"
"71089099999","2019-05-14","52.5833333","-110.35","644.0","RIBSTONE SOUTH AGCM, CA","  52.9"," 8","  31.4"," 8","9999.9"," 0","999.9"," 0","999.9"," 0","  0.0"," 7","999.9","999.9","  68.9"," ","  35.8"," "," 0.00","G","999.9","000000"
"71089099999","2019-05-15","52.5833333","-110.35","644.0","RIBSTONE SOUTH AGCM, CA","  49.9"," 8","  42.4"," 8","9999.9"," 0","999.9"," 0","999.9"," 0","  0.0"," 8","999.9","999.9","  65.5"," ","  39.4"," "," 0.26","G","999.9","000000"
"71089099999","2019-05-16","52.5833333","-110.35","644.0","RIBSTONE SOUTH AGCM, CA","  44.8"," 8","  32.7"," 8","9999.9"," 0","999.9"," 0","999.9"," 0","  0.0"," 8","999.9","999.9","  57.9","*","  30.2","*"," 0.18","G","999.9","000000"
"71089099999","2019-05-17","52.5833333","-110.35","644.0","RIBSTONE SOUTH AGCM, CA","  49.6"," 8","  26.7"," 8","9999.9"," 0","999.9"," 0","999.9"," 0","  0.0"," 8","999.9","999.9","  60.1","*","  36.7","*"," 0.00","G","999.9","000000"
"71089099999","2019-05-18","52.5833333","-110.35","644.0","RIBSTONE SOUTH AGCM, CA","  49.6"," 8","  27.0"," 8","9999.9"," 0","999.9"," 0","999.9"," 0","  0.0"," 8","999.9","999.9","  61.3"," ","  34.3"," "," 0.00","G","999.9","000000"
"71089099999","2019-05-19","52.5833333","-110.35","644.0","RIBSTONE SOUTH AGCM, CA","  47.0"," 8","  25.0"," 8","9999.9"," 0","999.9"," 0","999.9"," 0","  0.0"," 8","999.9","999.9","  61.3","*","  30.0","*"," 0.00","G","999.9","000000"
"71089099999","2019-05-20","52.5833333","-110.35","644.0","RIBSTONE SOUTH AGCM, CA","  51.6"," 8","  28.1"," 8","9999.9"," 0","999.9"," 0","999.9"," 0","  0.0"," 8","999.9","999.9","  64.8","*","  35.8","*"," 0.00","G","999.9","000000"
"71089099999","2019-05-21","52.5833333","-110.35","644.0","RIBSTONE SOUTH AGCM, CA","  54.4"," 8","  29.3"," 8","9999.9"," 0","999.9"," 0","999.9"," 0","  0.0"," 8","999.9","999.9","  66.2"," ","  33.3"," "," 0.00","G","999.9","000000"
"71089099999","2019-05-22","52.5833333","-110.35","644.0","RIBSTONE SOUTH AGCM, CA","  55.3"," 8","  32.1"," 8","9999.9"," 0","999.9"," 0","999.9"," 0","  0.0"," 8","999.9","999.9","  69.8"," ","  34.5"," "," 0.00","G","999.9","000000"
"71089099999","2019-05-23","52.5833333","-110.35","644.0","RIBSTONE SOUTH AGCM, CA","  60.9"," 8","  35.8"," 8","9999.9"," 0","999.9"," 0","999.9"," 0","  0.0"," 8","999.9","999.9","  73.6"," ","  34.5"," "," 0.00","G","999.9","000000"
"71089099999","2019-05-24","52.5833333","-110.35","644.0","RIBSTONE SOUTH AGCM, CA","  60.6"," 8","  36.5"," 8","9999.9"," 0","999.9"," 0","999.9"," 0","  0.0"," 8","999.9","999.9","  75.4"," ","  45.3"," "," 0.00","G","999.9","000000"
"71089099999","2019-05-25","52.5833333","-110.35","644.0","RIBSTONE SOUTH AGCM, CA","  52.5"," 8","  45.4"," 8","9999.9"," 0","999.9"," 0","999.9"," 0","  0.0"," 8","999.9","999.9","  73.8"," ","  45.3"," "," 0.05","G","999.9","000000"
"71089099999","2019-05-26","52.5833333","-110.35","644.0","RIBSTONE SOUTH AGCM, CA","  51.3"," 8","  39.6"," 8","9999.9"," 0","999.9"," 0","999.9"," 0","  0.0"," 7","999.9","999.9","  65.1","*","  37.8","*"," 0.02","G","999.9","000000"
"71089099999","2019-05-27","52.5833333","-110.35","644.0","RIBSTONE SOUTH AGCM, CA","  57.5"," 8","  35.0"," 8","9999.9"," 0","999.9"," 0","999.9"," 0","  0.0"," 8","999.9","999.9","  73.2","*","  43.5","*"," 0.00","G","999.9","000000"
"71089099999","2019-05-28","52.5833333","-110.35","644.0","RIBSTONE SOUTH AGCM, CA","  61.2"," 8","  34.9"," 8","9999.9"," 0","999.9"," 0","999.9"," 0","  0.0"," 8","999.9","999.9","  77.7","*","  45.3","*"," 0.00","G","999.9","000000"
"71089099999","2019-05-29","52.5833333","-110.35","644.0","RIBSTONE SOUTH AGCM, CA","  67.6"," 8","  31.6"," 8","9999.9"," 0","999.9"," 0","999.9"," 0","  0.0"," 8","999.9","999.9","  82.8","*","  49.3","*"," 0.00","G","999.9","000000"
"71089099999","2019-05-30","52.5833333","-110.35","644.0","RIBSTONE SOUTH AGCM, CA","  63.1"," 8","  38.9"," 8","9999.9"," 0","999.9"," 0","999.9"," 0","  0.0"," 8","999.9","999.9","  83.7"," ","  46.0"," "," 0.00","G","999.9","000000"
"71089099999","2019-05-31","52.5833333","-110.35","644.0","RIBSTONE SOUTH AGCM, CA","  53.8"," 8","  40.5"," 8","9999.9"," 0","999.9"," 0","999.9"," 0","  0.0"," 8","999.9","999.9","  68.5"," ","  34.5"," "," 0.00","G","999.9","000000"
"71089099999","2019-06-01","52.5833333","-110.35","644.0","RIBSTONE SOUTH AGCM, CA","  60.3"," 8","  40.4"," 8","9999.9"," 0","999.9"," 0","999.9"," 0","  0.0"," 8","999.9","999.9","  76.1","*","  42.6","*"," 0.00","G","999.9","000000"
"71089099999","2019-06-02","52.5833333","-110.35","644.0","RIBSTONE SOUTH AGCM, CA","  68.3"," 8","  44.6"," 8","9999.9"," 0","999.9"," 0","999.9"," 0","  0.0"," 8","999.9","999.9","  79.2"," ","  41.2"," "," 0.00","G","999.9","000000"
"71089099999","2019-06-03","52.5833333","-110.35","644.0","RIBSTONE SOUTH AGCM, CA","  65.7"," 8","  48.2"," 8","9999.9"," 0","999.9"," 0","999.9"," 0","  0.0"," 8","999.9","999.9","  78.1","*","  55.0","*"," 0.00","G","999.9","000000"
"71089099999","2019-06-04","52.5833333","-110.35","644.0","RIBSTONE SOUTH AGCM, CA","  57.9"," 8","  39.5"," 8","9999.9"," 0","999.9"," 0","999.9"," 0","  0.0"," 8","999.9","999.9","  81.3"," ","  39.0"," "," 0.00","G","999.9","000000"
"71089099999","2019-06-05","52.5833333","-110.35","644.0","RIBSTONE SOUTH AGCM, CA","  55.9"," 8","  41.5"," 8","9999.9"," 0","999.9"," 0","999.9"," 0","  0.0"," 8","999.9","999.9","  72.0"," ","  37.8"," "," 0.14","G","999.9","000000"
"71089099999","2019-06-06","52.5833333","-110.35","644.0","RIBSTONE SOUTH AGCM, CA","  61.7"," 8","  41.7"," 8","9999.9"," 0","999.9"," 0","999.9"," 0","  0.0"," 8","999.9","999.9","  70.0","*","  53.1","*"," 0.00","G","999.9","000000"
"71089099999","2019-06-07","52.5833333","-110.35","644.0","RIBSTONE SOUTH AGCM, CA","  52.1"," 8","  45.3"," 8","9999.9"," 0","999.9"," 0","999.9"," 0","  0.0"," 7","999.9","999.9","  72.5"," ","  44.4"," "," 0.37","G","999.9","000000"
"71089099999","2019-06-08","52.5833333","-110.35","644.0","RIBSTONE SOUTH AGCM, CA","  43.4"," 8","  35.4"," 8","9999.9"," 0","999.9"," 0","999.9"," 0","  0.0"," 8","999.9","999.9","  55.6","*","  35.1","*"," 0.11","G","999.9","000000"
"71089099999","2019-06-09","52.5833333","-110.35","644.0","RIBSTONE SOUTH AGCM, CA","  49.6"," 8","  39.0"," 8","9999.9"," 0","999.9"," 0","999.9"," 0","  0.0"," 8","999.9","999.9","  61.3","*","  40.1","*"," 0.02","G","999.9","000000"
"71089099999","2019-06-10","52.5833333","-110.35","644.0","RIBSTONE SOUTH AGCM, CA","  53.8"," 8","  41.2"," 8","9999.9"," 0","999.9"," 0","999.9"," 0","  0.0"," 8","999.9","999.9","  68.4"," ","  36.0"," "," 0.00","G","999.9","000000"
"71089099999","2019-06-11","52.5833333","-110.35","644.0","RIBSTONE SOUTH AGCM, CA","  56.8"," 8","  46.1"," 8","9999.9"," 0","999.9"," 0","999.9"," 0","  0.0"," 8","999.9","999.9","  70.0"," ","  36.0"," "," 0.00","G","999.9","000000"
"71089099999","2019-06-12","52.5833333","-110.35","644.0","RIBSTONE SOUTH AGCM, CA","  64.0"," 8","  49.0"," 8","9999.9"," 0","999.9"," 0","999.9"," 0","  0.0"," 8","999.9","999.9","  76.5","*","  54.5","*"," 0.03","G","999.9","000000"
"71089099999","2019-06-13","52.5833333","-110.35","644.0","RIBSTONE SOUTH AGCM, CA","  66.7"," 8","  51.3"," 8","9999.9"," 0","999.9"," 0","999.9"," 0","  0.0"," 8","999.9","999.9","  78.6"," ","  47.8"," "," 0.00","G","999.9","000000"
"71089099999","2019-06-14","52.5833333","-110.35","644.0","RIBSTONE SOUTH AGCM, CA","  65.0"," 8","  50.6"," 8","9999.9"," 0","999.9"," 0","999.9"," 0","  0.0"," 8","999.9","999.9","  80.6"," ","  51.8"," "," 0.00","G","999.9","000000"
"71089099999","2019-06-15","52.5833333","-110.35","644.0","RIBSTONE SOUTH AGCM, CA","  61.1"," 8","  49.6"," 8","9999.9"," 0","999.9"," 0","999.9"," 0","  0.0"," 7","999.9","999.9","  75.0"," ","  45.7"," "," 0.00","G","999.9","000000"
"71089099999","2019-06-16","52.5833333","-110.35","644.0","RIBSTONE SOUTH AGCM, CA","  56.7"," 8","  50.0"," 8","9999.9"," 0","999.9"," 0","999.9"," 0","  0.0"," 6","999.9","999.9","  71.4"," ","  45.7"," "," 0.22","G","999.9","000000"
"71089099999","2019-06-17","52.5833333","-110.35","644.0","RIBSTONE SOUTH AGCM, CA","  57.7"," 8","  50.3"," 8","9999.9"," 0","999.9"," 0","999.9"," 0","  0.0"," 8","999.9","999.9","  71.6","*","  47.3","*"," 0.05","G","999.9","000000"
"71089099999","2019-06-18","52.5833333","-110.35","644.0","RIBSTONE SOUTH AGCM, CA","  64.4"," 8","  46.6"," 8","9999.9"," 0","999.9"," 0","999.9"," 0","  0.0"," 8","999.9","999.9","  77.7","*","  52.2","*"," 0.00","G","999.9","000000"
"71089099999","2019-06-19","52.5833333","-110.35","644.0","RIBSTONE SOUTH AGCM, CA","  59.1"," 8","  52.4"," 8","9999.9"," 0","999.9"," 0","999.9"," 0","  0.0"," 7","999.9","999.9","  78.4"," ","  47.7"," "," 0.00","G","999.9","000000"
"71089099999","2019-06-20","52.5833333","-110.35","644.0","RIBSTONE SOUTH AGCM, CA","  49.0"," 8","  46.8"," 8","9999.9"," 0","999.9"," 0","999.9"," 0","  0.0"," 8","999.9","999.9","  66.6"," ","  46.4"," "," 1.44","G","999.9","000000"
"71089099999","2019-06-21","52.5833333","-110.35","644.0","RIBSTONE SOUTH AGCM, CA","  53.8"," 8","  49.3"," 8","9999.9"," 0","999.9"," 0","999.9"," 0","  0.0"," 8","999.9","999.9","  63.3","*","  48.6","*"," 0.23","G","999.9","000000"
"71089099999","2019-06-22","52.5833333","-110.35","644.0","RIBSTONE SOUTH AGCM, CA","  56.5"," 8","  50.0"," 8","9999.9"," 0","999.9"," 0","999.9"," 0","  0.0"," 8","999.9","999.9","  67.3"," ","  46.8"," "," 0.00","G","999.9","000000"
"71089099999","2019-06-23","52.5833333","-110.35","644.0","RIBSTONE SOUTH AGCM, CA","  58.3"," 8","  50.4"," 8","9999.9"," 0","999.9"," 0","999.9"," 0","  0.0"," 8","999.9","999.9","  67.3"," ","  49.5"," "," 0.17","G","999.9","000000"
"71089099999","2019-06-24","52.5833333","-110.35","644.0","RIBSTONE SOUTH AGCM, CA","  55.9"," 8","  50.2"," 8","9999.9"," 0","999.9"," 0","999.9"," 0","  0.0"," 8","999.9","999.9","  70.7"," ","  49.1"," "," 0.07","G","999.9","000000"
"71089099999","2019-06-25","52.5833333","-110.35","644.0","RIBSTONE SOUTH AGCM, CA","  55.1"," 8","  52.5"," 8","9999.9"," 0","999.9"," 0","999.9"," 0","  0.0"," 8","999.9","999.9","  63.3"," ","  49.1"," "," 0.31","G","999.9","000000"
"71089099999","2019-06-26","52.5833333","-110.35","644.0","RIBSTONE SOUTH AGCM, CA","  57.9"," 8","  50.2"," 8","9999.9"," 0","999.9"," 0","999.9"," 0","  0.0"," 8","999.9","999.9","  71.2","*","  47.3","*"," 0.11","G","999.9","000000"
"71089099999","2019-06-27","52.5833333","-110.35","644.0","RIBSTONE SOUTH AGCM, CA","  58.8"," 8","  50.8"," 8","9999.9"," 0","999.9"," 0","999.9"," 0","  0.0"," 8","999.9","999.9","  73.6"," ","  43.9"," "," 0.00","G","999.9","000000"
"71089099999","2019-06-28","52.5833333","-110.35","644.0","RIBSTONE SOUTH AGCM, CA","  63.0"," 8","  55.5"," 8","9999.9"," 0","999.9"," 0","999.9"," 0","  0.0"," 8","999.9","999.9","  74.3","*","  57.6","*"," 0.54","G","999.9","000000"
"71089099999","2019-06-29","52.5833333","-110.35","644.0","RIBSTONE SOUTH AGCM, CA","  64.8"," 8","  52.9"," 8","9999.9"," 0","999.9"," 0","999.9"," 0","  0.0"," 8","999.9","999.9","  76.3"," ","  53.8"," "," 0.00","G","999.9","000000"
"71089099999","2019-06-30","52.5833333","-110.35","644.0","RIBSTONE SOUTH AGCM, CA","  61.6"," 7","  47.8"," 7","9999.9"," 0","999.9"," 0","999.9"," 0","  0.0"," 7","999.9","999.9","  73.0"," ","  52.3"," "," 0.00","G","999.9","000000"
"71089099999","2019-07-01","52.5833333","-110.35","644.0","RIBSTONE SOUTH AGCM, CA","  61.8"," 8","  48.5"," 8","9999.9"," 0","999.9"," 0","999.9"," 0","  0.0"," 8","999.9","999.9","  75.4"," ","  48.6"," "," 0.00","G","999.9","000000"
"71089099999","2019-07-02","52.5833333","-110.35","644.0","RIBSTONE SOUTH AGCM, CA","  51.7"," 8","  42.1"," 8","9999.9"," 0","999.9"," 0","999.9"," 0","  4.8"," 8"," 19.0","999.9","  77.5"," ","  43.3"," "," 0.00","G","999.9","000000"
"71089099999","2019-07-03","52.5833333","-110.35","644.0","RIBSTONE SOUTH AGCM, CA","  57.4"," 8","  46.7"," 8","9999.9"," 0","999.9"," 0","999.9"," 0","  6.8"," 8"," 12.0","999.9","  68.2"," ","  43.3"," "," 0.00","G","999.9","000000"
"71089099999","2019-07-04","52.5833333","-110.35","644.0","RIBSTONE SOUTH AGCM, CA","  56.1"," 8","  46.4"," 8","9999.9"," 0","999.9"," 0","999.9"," 0","  4.9"," 8"," 12.0","999.9","  66.9"," ","  43.9"," "," 0.00","G","999.9","000000"
"71089099999","2019-07-05","52.5833333","-110.35","644.0","RIBSTONE SOUTH AGCM, CA","  57.0"," 8","  47.9"," 8","9999.9"," 0","999.9"," 0","999.9"," 0","  5.5"," 8","  8.0","999.9","  66.9"," ","  43.9"," "," 0.00","G","999.9","000000"
"71089099999","2019-07-06","52.5833333","-110.35","644.0","RIBSTONE SOUTH AGCM, CA","  61.1"," 8","  53.9"," 8","9999.9"," 0","999.9"," 0","999.9"," 0","  4.3"," 8","  8.9","999.9","  73.6","*","  51.4","*"," 0.00","G","999.9","000000"
"71089099999","2019-07-07","52.5833333","-110.35","644.0","RIBSTONE SOUTH AGCM, CA","  61.4"," 8","  56.6"," 8","9999.9"," 0","999.9"," 0","999.9"," 0","  6.2"," 8"," 11.1","999.9","  76.3"," ","  50.4"," "," 0.18","G","999.9","000000"
"71089099999","2019-07-08","52.5833333","-110.35","644.0","RIBSTONE SOUTH AGCM, CA","  60.3"," 8","  56.8"," 8","9999.9"," 0","999.9"," 0","999.9"," 0","  5.9"," 8","  8.0","999.9","  73.0"," ","  50.9"," "," 0.15","G","999.9","000000"
"71089099999","2019-07-09","52.5833333","-110.35","644.0","RIBSTONE SOUTH AGCM, CA","  57.1"," 8","  51.6"," 8","9999.9"," 0","999.9"," 0","999.9"," 0","  6.1"," 8","  9.9","999.9","  68.7"," ","  42.8"," "," 0.06","G","999.9","000000"
"71089099999","2019-07-10","52.5833333","-110.35","644.0","RIBSTONE SOUTH AGCM, CA","  58.2"," 8","  53.0"," 8","9999.9"," 0","999.9"," 0","999.9"," 0","  6.2"," 8"," 14.0","999.9","  73.8"," ","  42.8"," "," 0.02","G","999.9","000000"
"71089099999","2019-07-11","52.5833333","-110.35","644.0","RIBSTONE SOUTH AGCM, CA","  63.8"," 8","  57.7"," 8","9999.9"," 0","999.9"," 0","999.9"," 0","  8.0"," 8"," 11.1","999.9","  79.2"," ","  44.4"," "," 0.00","G","999.9","000000"
"71089099999","2019-07-12","52.5833333","-110.35","644.0","RIBSTONE SOUTH AGCM, CA","  62.5"," 8","  54.3"," 8","9999.9"," 0","999.9"," 0","999.9"," 0","  6.2"," 8"," 11.1","999.9","  76.6","*","  50.5","*"," 0.03","G","999.9","000000"
"71089099999","2019-07-13","52.5833333","-110.35","644.0","RIBSTONE SOUTH AGCM, CA","  63.6"," 8","  55.6"," 8","9999.9"," 0","999.9"," 0","999.9"," 0","  4.1"," 8","  8.9","999.9","  78.1"," ","  48.6"," "," 0.13","G","999.9","000000"
"71089099999","2019-07-14","52.5833333","-110.35","644.0","RIBSTONE SOUTH AGCM, CA","  66.6"," 8","  58.0"," 8","9999.9"," 0","999.9"," 0","999.9"," 0","  4.2"," 8","  7.0","999.9","  78.1"," ","  50.2"," "," 0.22","G","999.9","000000"
"71089099999","2019-07-15","52.5833333","-110.35","644.0","RIBSTONE SOUTH AGCM, CA","  63.3"," 8","  55.1"," 8","9999.9"," 0","999.9"," 0","999.9"," 0","  6.1"," 8","  8.0","999.9","  76.3"," ","  50.5"," "," 0.00","G","999.9","000000"
"71089099999","2019-07-16","52.5833333","-110.35","644.0","RIBSTONE SOUTH AGCM, CA","  57.8"," 8","  55.3"," 8","9999.9"," 0","999.9"," 0","999.9"," 0","  2.5"," 8","  4.1","999.9","  74.1"," ","  47.3"," "," 0.25","G","999.9","000000"
"71089099999","2019-07-17","52.5833333","-110.35","644.0","RIBSTONE SOUTH AGCM, CA","  60.7"," 8","  56.5"," 8","9999.9"," 0","999.9"," 0","999.9"," 0","  3.4"," 8","  6.0","999.9","  70.3","*","  55.2","*"," 1.38","G","999.9","000000"
"71089099999","2019-07-18","52.5833333","-110.35","644.0","RIBSTONE SOUTH AGCM, CA","  60.0"," 8","  55.2"," 8","9999.9"," 0","999.9"," 0","999.9"," 0","  4.4"," 8","  8.0","999.9","  73.0"," ","  50.9"," "," 0.83","G","999.9","000000"
"71089099999","2019-07-19","52.5833333","-110.35","644.0","RIBSTONE SOUTH AGCM, CA","  55.0"," 8","  53.2"," 8","9999.9"," 0","999.9"," 0","999.9"," 0"," 10.3"," 8"," 12.0","999.9","  69.8"," ","  50.7"," "," 0.58","G","999.9","000000"
"71089099999","2019-07-20","52.5833333","-110.35","644.0","RIBSTONE SOUTH AGCM, CA","  58.6"," 8","  55.8"," 8","9999.9"," 0","999.9"," 0","999.9"," 0","  5.6"," 8","  8.9","999.9","  69.3","*","  50.7","*"," 0.45","G","999.9","000000"
"71089099999","2019-07-21","52.5833333","-110.35","644.0","RIBSTONE SOUTH AGCM, CA","  61.0"," 8","  53.6"," 8","9999.9"," 0","999.9"," 0","999.9"," 0","  2.4"," 8","  6.0","999.9","  74.7","*","  47.1","*"," 0.00","G","999.9","000000"
"71089099999","2019-07-22","52.5833333","-110.35","644.0","RIBSTONE SOUTH AGCM, CA","  66.7"," 8","  57.4"," 8","9999.9"," 0","999.9"," 0","999.9"," 0","  7.0"," 8"," 12.0","999.9","  79.3","*","  53.4","*"," 0.00","G","999.9","000000"
"71089099999","2019-07-23","52.5833333","-110.35","644.0","RIBSTONE SOUTH AGCM, CA","  70.9"," 8","  60.9"," 8","9999.9"," 0","999.9"," 0","999.9"," 0","  6.4"," 8","  9.9","999.9","  85.1","*","  57.7","*"," 0.00","G","999.9","000000"
"71089099999","2019-07-24","52.5833333","-110.35","644.0","RIBSTONE SOUTH AGCM, CA","  74.6"," 8","  66.9"," 8","9999.9"," 0","999.9"," 0","999.9"," 0","  6.2"," 8"," 13.0","999.9","  86.7"," ","  57.6"," "," 0.00","G","999.9","000000"
"71089099999","2019-07-25","52.5833333","-110.35","644.0","RIBSTONE SOUTH AGCM, CA","  57.7"," 8","  53.4"," 8","9999.9"," 0","999.9"," 0","999.9"," 0"," 19.0"," 8"," 22.0","999.9","  66.6","*","  53.2","*"," 0.55","G","999.9","000000"
"71089099999","2019-07-26","52.5833333","-110.35","644.0","RIBSTONE SOUTH AGCM, CA","  62.6"," 8","  52.5"," 8","9999.9"," 0","999.9"," 0","999.9"," 0","  9.6"," 8"," 21.0","999.9","  76.5","*","  52.7","*"," 0.02","G","999.9","000000"
"71089099999","2019-07-27","52.5833333","-110.35","644.0","RIBSTONE SOUTH AGCM, CA","  68.5"," 8","  57.6"," 8","9999.9"," 0","999.9"," 0","999.9"," 0","  4.1"," 8","  8.0","999.9","  83.8","*","  52.5","*"," 0.00","G","999.9","000000"
"71089099999","2019-07-28","52.5833333","-110.35","644.0","RIBSTONE SOUTH AGCM, CA","  59.3"," 8","  53.2"," 8","9999.9"," 0","999.9"," 0","999.9"," 0"," 18.6"," 8"," 27.0","999.9","  67.3","*","  55.0","*"," 0.31","G","999.9","000000"
"71089099999","2019-07-29","52.5833333","-110.35","644.0","RIBSTONE SOUTH AGCM, CA","  59.9"," 8","  52.6"," 8","9999.9"," 0","999.9"," 0","999.9"," 0","  5.3"," 8"," 11.1","999.9","  73.9","*","  48.7","*"," 0.00","G","999.9","000000"
"71089099999","2019-07-30","52.5833333","-110.35","644.0","RIBSTONE SOUTH AGCM, CA","  62.9"," 8","  55.9"," 8","9999.9"," 0","999.9"," 0","999.9"," 0","  4.6"," 8","  9.9","999.9","  77.7","*","  46.8","*"," 0.00","G","999.9","000000"
"71089099999","2019-07-31","52.5833333","-110.35","644.0","RIBSTONE SOUTH AGCM, CA","  59.7"," 8","  56.5"," 8","9999.9"," 0","999.9"," 0","999.9"," 0","  4.0"," 8","  6.0","999.9","  78.3"," ","  46.6"," "," 0.29","G","999.9","000000"
"71089099999","2019-08-01","52.5833333","-110.35","644.0","RIBSTONE SOUTH AGCM, CA","  66.4"," 8","  60.2"," 8","9999.9"," 0","999.9"," 0","999.9"," 0","  7.5"," 8","  9.9","999.9","  75.0","*","  60.4","*"," 0.00","G","999.9","000000"
"71089099999","2019-08-02","52.5833333","-110.35","644.0","RIBSTONE SOUTH AGCM, CA","  69.5"," 8","  63.5"," 8","9999.9"," 0","999.9"," 0","999.9"," 0","  3.9"," 8","  8.0","999.9","  87.3","*","  59.4","*"," 0.00","G","999.9","000000"
"71089099999","2019-08-03","52.5833333","-110.35","644.0","RIBSTONE SOUTH AGCM, CA","  68.9"," 8","  59.1"," 8","9999.9"," 0","999.9"," 0","999.9"," 0","  8.6"," 8"," 17.1","999.9","  89.6"," ","  57.9"," "," 0.00","G","999.9","000000"
"71089099999","2019-08-04","52.5833333","-110.35","644.0","RIBSTONE SOUTH AGCM, CA","  61.8"," 8","  50.9"," 8","9999.9"," 0","999.9"," 0","999.9"," 0"," 10.3"," 8"," 14.0","999.9","  73.9"," ","  49.3"," "," 0.02","G","999.9","000000"
"71089099999","2019-08-05","52.5833333","-110.35","644.0","RIBSTONE SOUTH AGCM, CA","  65.9"," 8","  54.7"," 8","9999.9"," 0","999.9"," 0","999.9"," 0","  8.1"," 8"," 13.0","999.9","  78.3","*","  55.9","*"," 0.00","G","999.9","000000"
"71089099999","2019-08-06","52.5833333","-110.35","644.0","RIBSTONE SOUTH AGCM, CA","  62.9"," 8","  56.2"," 8","9999.9"," 0","999.9"," 0","999.9"," 0","  9.1"," 8"," 17.1","999.9","  80.4"," ","  51.3"," "," 0.15","G","999.9","000000"
"71089099999","2019-08-07","52.5833333","-110.35","644.0","RIBSTONE SOUTH AGCM, CA","  54.3"," 8","  47.0"," 8","9999.9"," 0","999.9"," 0","999.9"," 0","  5.0"," 8"," 11.1","999.9","  68.4","*","  40.8","*"," 0.00","G","999.9","000000"
"71089099999","2019-08-08","52.5833333","-110.35","644.0","RIBSTONE SOUTH AGCM, CA","  61.3"," 8","  53.0"," 8","9999.9"," 0","999.9"," 0","999.9"," 0","  4.8"," 8"," 12.0","999.9","  72.0","*","  52.2","*"," 0.00","G","999.9","000000"
"71089099999","2019-08-09","52.5833333","-110.35","644.0","RIBSTONE SOUTH AGCM, CA","  61.7"," 8","  56.1"," 8","9999.9"," 0","999.9"," 0","999.9"," 0","  9.0"," 8"," 13.0","999.9","  74.7"," ","  50.7"," "," 0.09","G","999.9","000000"
"71089099999","2019-08-10","52.5833333","-110.35","644.0","RIBSTONE SOUTH AGCM, CA","  54.9"," 8","  48.1"," 8","9999.9"," 0","999.9"," 0","999.9"," 0","  4.7"," 8","  9.9","999.9","  64.9"," ","  44.2"," "," 0.00","G","999.9","000000"
"71089099999","2019-08-11","52.5833333","-110.35","644.0","RIBSTONE SOUTH AGCM, CA","  55.0"," 8","  48.7"," 8","9999.9"," 0","999.9"," 0","999.9"," 0","  3.0"," 8","  7.0","999.9","  65.3"," ","  44.2"," "," 0.00","G","999.9","000000"
"71089099999","2019-08-12","52.5833333","-110.35","644.0","RIBSTONE SOUTH AGCM, CA","  56.8"," 8","  53.1"," 8","9999.9"," 0","999.9"," 0","999.9"," 0","  5.4"," 8","  8.0","999.9","  65.7","*","  53.1","*"," 0.37","G","999.9","000000"
"71089099999","2019-08-13","52.5833333","-110.35","644.0","RIBSTONE SOUTH AGCM, CA","  58.4"," 8","  53.9"," 8","9999.9"," 0","999.9"," 0","999.9"," 0","  4.5"," 8","  8.9","999.9","  67.8"," ","  52.2"," "," 0.00","G","999.9","000000"
"71089099999","2019-08-14","52.5833333","-110.35","644.0","RIBSTONE SOUTH AGCM, CA","  59.7"," 8","  51.6"," 8","9999.9"," 0","999.9"," 0","999.9"," 0","  4.4"," 8","  7.0","999.9","  73.8","*","  46.6","*"," 0.00","G","999.9","000000"
"71089099999","2019-08-15","52.5833333","-110.35","644.0","RIBSTONE SOUTH AGCM, CA","  63.8"," 8","  54.4"," 8","9999.9"," 0","999.9"," 0","999.9"," 0","  7.5"," 8"," 11.1","999.9","  75.6"," ","  44.4"," "," 0.02","G","999.9","000000"
"71089099999","2019-08-16","52.5833333","-110.35","644.0","RIBSTONE SOUTH AGCM, CA","  61.9"," 8","  54.8"," 8","9999.9"," 0","999.9"," 0","999.9"," 0","  9.3"," 8"," 15.9","999.9","  76.5"," ","  53.4"," "," 0.15","G","999.9","000000"
"71089099999","2019-08-17","52.5833333","-110.35","644.0","RIBSTONE SOUTH AGCM, CA","  49.7"," 8","  42.2"," 8","9999.9"," 0","999.9"," 0","999.9"," 0"," 13.2"," 8"," 19.0","999.9","  63.3"," ","  40.8"," "," 0.00","G","999.9","000000"
"71089099999","2019-08-18","52.5833333","-110.35","644.0","RIBSTONE SOUTH AGCM, CA","  52.5"," 8","  44.7"," 8","9999.9"," 0","999.9"," 0","999.9"," 0","  4.0"," 8"," 14.0","999.9","  62.6","*","  46.0","*"," 0.02","G","999.9","000000"
"71089099999","2019-08-19","52.5833333","-110.35","644.0","RIBSTONE SOUTH AGCM, CA","  52.9"," 8","  46.6"," 8","9999.9"," 0","999.9"," 0","999.9"," 0","  4.0"," 8","  6.0","999.9","  64.6"," ","  42.3"," "," 0.00","G","999.9","000000"
"71089099999","2019-08-20","52.5833333","-110.35","644.0","RIBSTONE SOUTH AGCM, CA","  53.9"," 8","  46.5"," 8","9999.9"," 0","999.9"," 0","999.9"," 0","  4.5"," 8","  8.0","999.9","  72.5","*","  39.4","*"," 0.00","G","999.9","000000"
"71089099999","2019-08-21","52.5833333","-110.35","644.0","RIBSTONE SOUTH AGCM, CA","  62.7"," 8","  47.5"," 8","9999.9"," 0","999.9"," 0","999.9"," 0"," 10.2"," 8"," 21.0","999.9","  79.2","*","  50.0","*"," 0.00","G","999.9","000000"
"71089099999","2019-08-22","52.5833333","-110.35","644.0","RIBSTONE SOUTH AGCM, CA","  65.1"," 8","  52.7"," 8","9999.9"," 0","999.9"," 0","999.9"," 0"," 11.2"," 8"," 19.0","999.9","  81.0"," ","  46.4"," "," 0.02","G","999.9","000000"
"71089099999","2019-08-23","52.5833333","-110.35","644.0","RIBSTONE SOUTH AGCM, CA","  53.0"," 8","  46.2"," 8","9999.9"," 0","999.9"," 0","999.9"," 0","  5.1"," 8"," 13.0","999.9","  68.9","*","  36.7","*"," 0.06","G","999.9","000000"
"71089099999","2019-08-24","52.5833333","-110.35","644.0","RIBSTONE SOUTH AGCM, CA","  62.4"," 8","  54.8"," 8","9999.9"," 0","999.9"," 0","999.9"," 0","  5.8"," 8","  7.0","999.9","  73.8","*","  54.3","*"," 0.00","G","999.9","000000"
"71089099999","2019-08-25","52.5833333","-110.35","644.0","RIBSTONE SOUTH AGCM, CA","  59.6"," 8","  51.1"," 8","9999.9"," 0","999.9"," 0","999.9"," 0","  6.4"," 8"," 14.0","999.9","  74.7"," ","  48.0"," "," 0.07","G","999.9","000000"
"71089099999","2019-08-26","52.5833333","-110.35","644.0","RIBSTONE SOUTH AGCM, CA","  55.7"," 8","  47.3"," 8","9999.9"," 0","999.9"," 0","999.9"," 0"," 11.1"," 8"," 17.1","999.9","  70.9"," ","  47.1"," "," 0.00","G","999.9","000000"
"71089099999","2019-08-27","52.5833333","-110.35","644.0","RIBSTONE SOUTH AGCM, CA","  54.9"," 8","  46.9"," 8","9999.9"," 0","999.9"," 0","999.9"," 0","  9.5"," 8"," 15.9","999.9","  65.7"," ","  47.1"," "," 0.00","G","999.9","000000"
"71089099999","2019-08-28","52.5833333","-110.35","644.0","RIBSTONE SOUTH AGCM, CA","  58.9"," 8","  46.0"," 8","9999.9"," 0","999.9"," 0","999.9"," 0","  8.3"," 8"," 22.0","999.9","  68.0"," ","  48.2"," "," 0.00","G","999.9","000000"
"71089099999","2019-08-29","52.5833333","-110.35","644.0","RIBSTONE SOUTH AGCM, CA","  52.1"," 8","  43.3"," 8","9999.9"," 0","999.9"," 0","999.9"," 0","  7.1"," 8"," 17.1","999.9","  66.7"," ","  39.6"," "," 0.00","G","999.9","000000"
"71089099999","2019-08-30","52.5833333","-110.35","644.0","RIBSTONE SOUTH AGCM, CA","  50.2"," 8","  46.5"," 8","9999.9"," 0","999.9"," 0","999.9"," 0","  2.4"," 8","  5.1","999.9","  64.6"," ","  39.6"," "," 0.00","G","999.9","000000"
"71089099999","2019-08-31","52.5833333","-110.35","644.0","RIBSTONE SOUTH AGCM, CA","  51.7"," 8","  49.8"," 8","9999.9"," 0","999.9"," 0","999.9"," 0","  3.8"," 8","  6.0","999.9","  58.1","*","  46.8","*"," 0.00","G","999.9","000000"
"71089099999","2019-09-01","52.5833333","-110.35","644.0","RIBSTONE SOUTH AGCM, CA","  51.8"," 8","  49.1"," 8","9999.9"," 0","999.9"," 0","999.9"," 0","  2.1"," 8","  7.0","999.9","  66.2","*","  42.1","*"," 0.11","G","999.9","000000"
"71089099999","2019-09-02","52.5833333","-110.35","644.0","RIBSTONE SOUTH AGCM, CA","  58.1"," 8","  52.0"," 8","9999.9"," 0","999.9"," 0","999.9"," 0","  8.9"," 8"," 15.9","999.9","  68.0"," ","  40.6"," "," 0.18","G","999.9","000000"
"71089099999","2019-09-03","52.5833333","-110.35","644.0","RIBSTONE SOUTH AGCM, CA","  55.9"," 8","  47.5"," 8","9999.9"," 0","999.9"," 0","999.9"," 0","  6.8"," 8"," 11.1","999.9","  76.6","*","  42.8","*"," 0.00","G","999.9","000000"
"71089099999","2019-09-04","52.5833333","-110.35","644.0","RIBSTONE SOUTH AGCM, CA","  57.3"," 8","  51.5"," 8","9999.9"," 0","999.9"," 0","999.9"," 0","  3.5"," 8","  6.0","999.9","  77.5"," ","  40.8"," "," 0.02","G","999.9","000000"
"71089099999","2019-09-05","52.5833333","-110.35","644.0","RIBSTONE SOUTH AGCM, CA","  59.6"," 8","  52.5"," 8","9999.9"," 0","999.9"," 0","999.9"," 0","  7.0"," 8"," 12.0","999.9","  71.8"," ","  44.1"," "," 0.15","G","999.9","000000"
"71089099999","2019-09-06","52.5833333","-110.35","644.0","RIBSTONE SOUTH AGCM, CA","  55.2"," 8","  46.0"," 8","9999.9"," 0","999.9"," 0","999.9"," 0","  4.2"," 8","  8.0","999.9","  71.6"," ","  40.1"," "," 0.00","G","999.9","000000"
"71089099999","2019-09-07","52.5833333","-110.35","644.0","RIBSTONE SOUTH AGCM, CA","  59.9"," 8","  49.1"," 8","9999.9"," 0","999.9"," 0","999.9"," 0","  5.9"," 8"," 12.0","999.9","  72.5","*","  52.0","*"," 0.00","G","999.9","000000"
"71089099999","2019-09-08","52.5833333","-110.35","644.0","RIBSTONE SOUTH AGCM, CA","  59.8"," 8","  51.0"," 8","9999.9"," 0","999.9"," 0","999.9"," 0","  5.6"," 8","  9.9","999.9","  75.0"," ","  51.1"," "," 0.00","G","999.9","000000"
"71089099999","2019-09-09","52.5833333","-110.35","644.0","RIBSTONE SOUTH AGCM, CA","  54.8"," 8","  51.0"," 8","9999.9"," 0","999.9"," 0","999.9"," 0","  9.8"," 8"," 12.0","999.9","  68.5"," ","  50.7"," "," 0.00","G","999.9","000000"
"71089099999","2019-09-10","52.5833333","-110.35","644.0","RIBSTONE SOUTH AGCM, CA","  48.5"," 8","  47.7"," 8","9999.9"," 0","999.9"," 0","999.9"," 0","  5.7"," 8","  9.9","999.9","  58.3"," ","  45.9"," "," 0.19","G","999.9","000000"
"71089099999","2019-09-11","52.5833333","-110.35","644.0","RIBSTONE SOUTH AGCM, CA","  47.9"," 8","  47.7"," 8","9999.9"," 0","999.9"," 0","999.9"," 0","  4.0"," 8","  5.1","999.9","  51.1"," ","  45.5"," "," 0.09","G","999.9","000000"
"71089099999","2019-09-12","52.5833333","-110.35","644.0","RIBSTONE SOUTH AGCM, CA","  50.1"," 8","  47.3"," 8","9999.9"," 0","999.9"," 0","999.9"," 0","  3.1"," 8","  8.0","999.9","  63.3","*","  44.1","*"," 0.05","G","999.9","000000"
"71089099999","2019-09-13","52.5833333","-110.35","644.0","RIBSTONE SOUTH AGCM, CA","  54.9"," 8","  47.9"," 8","9999.9"," 0","999.9"," 0","999.9"," 0","  5.1"," 8","  8.9","999.9","  72.1","*","  43.2","*"," 0.00","G","999.9","000000"
"71089099999","2019-09-14","52.5833333","-110.35","644.0","RIBSTONE SOUTH AGCM, CA","  56.8"," 8","  49.3"," 8","9999.9"," 0","999.9"," 0","999.9"," 0","  7.6"," 8"," 11.1","999.9","  73.0"," ","  41.7"," "," 0.00","G","999.9","000000"
"71089099999","2019-09-15","52.5833333","-110.35","644.0","RIBSTONE SOUTH AGCM, CA","  57.0"," 8","  47.5"," 8","9999.9"," 0","999.9"," 0","999.9"," 0","  3.3"," 8","  7.0","999.9","  74.3","*","  44.2","*"," 0.00","G","999.9","000000"
"71089099999","2019-09-16","52.5833333","-110.35","644.0","RIBSTONE SOUTH AGCM, CA","  59.2"," 8","  48.5"," 8","9999.9"," 0","999.9"," 0","999.9"," 0","  3.9"," 8","  5.1","999.9","  77.7"," ","  40.5"," "," 0.00","G","999.9","000000"
"71089099999","2019-09-17","52.5833333","-110.35","644.0","RIBSTONE SOUTH AGCM, CA","  59.5"," 8","  52.9"," 8","9999.9"," 0","999.9"," 0","999.9"," 0","  6.9"," 8"," 12.0","999.9","  75.9"," ","  44.1"," "," 0.00","G","999.9","000000"
"71089099999","2019-09-18","52.5833333","-110.35","644.0","RIBSTONE SOUTH AGCM, CA","  54.4"," 6","  48.9"," 6","9999.9"," 0","999.9"," 0","999.9"," 0","  4.3"," 6","  6.0","999.9","  65.1"," ","  37.6"," "," 0.04","G","999.9","000000"
"71089099999","2019-09-19","52.5833333","-110.35","644.0","RIBSTONE SOUTH AGCM, CA","  50.6"," 8","  47.1"," 8","9999.9"," 0","999.9"," 0","999.9"," 0","  2.5"," 8","  4.1","999.9","  65.8"," ","  37.6"," "," 0.00","G","999.9","000000"
"71089099999","2019-09-20","52.5833333","-110.35","644.0","RIBSTONE SOUTH AGCM, CA","  52.1"," 8","  48.1"," 8","9999.9"," 0","999.9"," 0","999.9"," 0","  6.4"," 8"," 14.0","999.9","  64.0","*","  39.9","*"," 0.02","G","999.9","000000"
"71089099999","2019-09-21","52.5833333","-110.35","644.0","RIBSTONE SOUTH AGCM, CA","  52.0"," 7","  41.6"," 7","9999.9"," 0","999.9"," 0","999.9"," 0","  8.3"," 7"," 13.0","999.9","  67.6"," ","  34.9"," "," 0.00","G","999.9","000000"
"71089099999","2019-09-22","52.5833333","-110.35","644.0","RIBSTONE SOUTH AGCM, CA","  57.0"," 8","  43.5"," 8","9999.9"," 0","999.9"," 0","999.9"," 0","  7.1"," 8"," 12.0","999.9","  77.0","*","  40.8","*"," 0.00","G","999.9","000000"
"71089099999","2019-09-23","52.5833333","-110.35","644.0","RIBSTONE SOUTH AGCM, CA","  56.5"," 8","  42.7"," 8","9999.9"," 0","999.9"," 0","999.9"," 0","  9.4"," 8"," 15.0","999.9","  77.2"," ","  40.6"," "," 0.03","G","999.9","000000"
"71089099999","2019-09-24","52.5833333","-110.35","644.0","RIBSTONE SOUTH AGCM, CA","  50.0"," 8","  40.7"," 8","9999.9"," 0","999.9"," 0","999.9"," 0","  7.7"," 8"," 18.1","999.9","  63.7"," ","  38.7"," "," 0.02","G","999.9","000000"
"71089099999","2019-09-25","52.5833333","-110.35","644.0","RIBSTONE SOUTH AGCM, CA","  48.5"," 8","  40.5"," 8","9999.9"," 0","999.9"," 0","999.9"," 0"," 11.1"," 8"," 15.9","999.9","  60.8"," ","  38.7"," "," 0.04","G","999.9","000000"
"71089099999","2019-09-26","52.5833333","-110.35","644.0","RIBSTONE SOUTH AGCM, CA","  44.4"," 8","  40.7"," 8","9999.9"," 0","999.9"," 0","999.9"," 0","  4.4"," 8"," 13.0","999.9","  61.0"," ","  37.4"," "," 0.26","G","999.9","000000"
"71089099999","2019-09-27","52.5833333","-110.35","644.0","RIBSTONE SOUTH AGCM, CA","  39.1"," 8","  37.3"," 8","9999.9"," 0","999.9"," 0","999.9"," 0","  7.4"," 8"," 11.1","999.9","  47.8"," ","  30.2"," "," 0.19","G","999.9","000000"
"71089099999","2019-09-28","52.5833333","-110.35","644.0","RIBSTONE SOUTH AGCM, CA","  34.2"," 8","  26.8"," 8","9999.9"," 0","999.9"," 0","999.9"," 0","  5.4"," 8","  8.0","999.9","  41.7"," ","  30.2"," "," 0.00","G","999.9","000000"
"71089099999","2019-09-29","52.5833333","-110.35","644.0","RIBSTONE SOUTH AGCM, CA","  35.0"," 8","  26.3"," 8","9999.9"," 0","999.9"," 0","999.9"," 0","  6.9"," 8"," 11.1","999.9","  39.0"," ","  29.8"," "," 0.00","G","999.9","000000"
"71089099999","2019-09-30","52.5833333","-110.35","644.0","RIBSTONE SOUTH AGCM, CA","  32.8"," 8","  30.9"," 8","9999.9"," 0","999.9"," 0","999.9"," 0","  7.2"," 8","  8.9","999.9","  39.0"," ","  29.8"," "," 0.19","G","999.9","000000"
"71089099999","2019-10-01","52.5833333","-110.35","644.0","RIBSTONE SOUTH AGCM, CA","  34.0"," 8","  32.1"," 8","9999.9"," 0","999.9"," 0","999.9"," 0","  5.0"," 8","  8.9","999.9","  42.1","*","  32.0","*"," 0.04","G","999.9","000000"
"71089099999","2019-10-02","52.5833333","-110.35","644.0","RIBSTONE SOUTH AGCM, CA","  33.6"," 6","  28.7"," 6","9999.9"," 0","999.9"," 0","999.9"," 0","  7.2"," 6"," 12.0","999.9","  50.7","*","  26.6","*"," 0.00","G","999.9","000000"
"71089099999","2019-10-03","52.5833333","-110.35","644.0","RIBSTONE SOUTH AGCM, CA","  37.1"," 8","  32.0"," 8","9999.9"," 0","999.9"," 0","999.9"," 0","  6.9"," 8"," 14.0","999.9","  51.1"," ","  23.0"," "," 0.00","G","999.9","000000"
"71089099999","2019-10-04","52.5833333","-110.35","644.0","RIBSTONE SOUTH AGCM, CA","  42.3"," 8","  37.0"," 8","9999.9"," 0","999.9"," 0","999.9"," 0","  8.0"," 8"," 13.0","999.9","  57.6","*","  34.2","*"," 0.00","G","999.9","000000"
"71089099999","2019-10-05","52.5833333","-110.35","644.0","RIBSTONE SOUTH AGCM, CA","  43.5"," 8","  36.5"," 8","9999.9"," 0","999.9"," 0","999.9"," 0","  9.5"," 8"," 14.0","999.9","  58.3"," ","  31.6"," "," 0.00","G","999.9","000000"
"71089099999","2019-10-06","52.5833333","-110.35","644.0","RIBSTONE SOUTH AGCM, CA","  47.2"," 8","  34.1"," 8","9999.9"," 0","999.9"," 0","999.9"," 0"," 10.1"," 8"," 15.0","999.9","  59.4","*","  40.5","*"," 0.00","G","999.9","000000"
"71089099999","2019-10-07","52.5833333","-110.35","644.0","RIBSTONE SOUTH AGCM, CA","  46.3"," 8","  31.5"," 8","9999.9"," 0","999.9"," 0","999.9"," 0","  8.3"," 8"," 11.1","999.9","  67.1","*","  33.8","*"," 0.00","G","999.9","000000"
"71089099999","2019-10-08","52.5833333","-110.35","644.0","RIBSTONE SOUTH AGCM, CA","  37.8"," 7","  29.4"," 7","9999.9"," 0","999.9"," 0","999.9"," 0"," 12.8"," 7"," 19.0","999.9","  59.2","*","  28.8","*"," 0.02","G","999.9","000000"
"71089099999","2019-10-09","52.5833333","-110.35","644.0","RIBSTONE SOUTH AGCM, CA","  26.2"," 8","  17.2"," 8","9999.9"," 0","999.9"," 0","999.9"," 0","  8.4"," 8"," 13.0","999.9","  37.2"," ","  18.3"," "," 0.00","G","999.9","000000"
"71089099999","2019-10-10","52.5833333","-110.35","644.0","RIBSTONE SOUTH AGCM, CA","  23.9"," 8","  12.7"," 8","9999.9"," 0","999.9"," 0","999.9"," 0","  5.9"," 8","  8.9","999.9","  37.2","*","  12.0","*"," 0.00","G","999.9","000000"
"71089099999","2019-10-11","52.5833333","-110.35","644.0","RIBSTONE SOUTH AGCM, CA","  28.6"," 8","  16.5"," 8","9999.9"," 0","999.9"," 0","999.9"," 0","  4.5"," 8","  8.9","999.9","  47.8","*","  14.0","*"," 0.00","G","999.9","000000"
"71089099999","2019-10-12","52.5833333","-110.35","644.0","RIBSTONE SOUTH AGCM, CA","  30.7"," 8","  19.9"," 8","9999.9"," 0","999.9"," 0","999.9"," 0","  3.6"," 8","  7.0","999.9","  50.2","*","  18.1","*"," 0.00","G","999.9","000000"
"71089099999","2019-10-13","52.5833333","-110.35","644.0","RIBSTONE SOUTH AGCM, CA","  33.9"," 8","  21.1"," 8","9999.9"," 0","999.9"," 0","999.9"," 0","  3.4"," 8","  4.3","999.9","  50.9"," ","  13.3"," "," 0.00","G","999.9","000000"
"71089099999","2019-10-14","52.5833333","-110.35","644.0","RIBSTONE SOUTH AGCM, CA","  38.3"," 8","  30.2"," 8","9999.9"," 0","999.9"," 0","999.9"," 0","  5.6"," 8","  9.9","999.9","  46.6","*","  34.9","*"," 0.00","G","999.9","000000"
"71089099999","2019-10-15","52.5833333","-110.35","644.0","RIBSTONE SOUTH AGCM, CA","  33.4"," 8","  32.2"," 8","9999.9"," 0","999.9"," 0","999.9"," 0","  7.7"," 8"," 14.0","999.9","  40.6"," ","  26.8"," "," 0.02","G","999.9","000000"
"71089099999","2019-10-16","52.5833333","-110.35","644.0","RIBSTONE SOUTH AGCM, CA","  39.9"," 8","  33.1"," 8","9999.9"," 0","999.9"," 0","999.9"," 0","  8.0"," 8"," 18.1","999.9","  58.1","*","  27.0","*"," 0.02","G","999.9","000000"
"71089099999","2019-10-17","52.5833333","-110.35","644.0","RIBSTONE SOUTH AGCM, CA","  44.2"," 8","  34.7"," 8","9999.9"," 0","999.9"," 0","999.9"," 0","  6.8"," 8"," 11.1","999.9","  59.5"," ","  22.5"," "," 0.00","G","999.9","000000"
"71089099999","2019-10-18","52.5833333","-110.35","644.0","RIBSTONE SOUTH AGCM, CA","  42.7"," 8","  33.8"," 8","9999.9"," 0","999.9"," 0","999.9"," 0","  4.2"," 8","  9.9","999.9","  61.5"," ","  26.1"," "," 0.00","G","999.9","000000"
"71089099999","2019-10-19","52.5833333","-110.35","644.0","RIBSTONE SOUTH AGCM, CA","  40.1"," 8","  27.9"," 8","9999.9"," 0","999.9"," 0","999.9"," 0","  5.3"," 8","  9.9","999.9","  60.6"," ","  22.8"," "," 0.02","G","999.9","000000"
"71089099999","2019-10-20","52.5833333","-110.35","644.0","RIBSTONE SOUTH AGCM, CA","  34.9"," 8","  26.6"," 8","9999.9"," 0","999.9"," 0","999.9"," 0","  8.1"," 8","  9.9","999.9","  52.0"," ","  22.8"," "," 0.00","G","999.9","000000"
"71089099999","2019-10-21","52.5833333","-110.35","644.0","RIBSTONE SOUTH AGCM, CA","  28.7"," 8","  23.1"," 8","9999.9"," 0","999.9"," 0","999.9"," 0","  3.5"," 8","  8.0","999.9","  48.9","*","  16.5","*"," 0.00","G","999.9","000000"
"71089099999","2019-10-22","52.5833333","-110.35","644.0","RIBSTONE SOUTH AGCM, CA","  31.1"," 8","  25.7"," 8","9999.9"," 0","999.9"," 0","999.9"," 0","  5.1"," 8","  8.9","999.9","  50.7"," ","  14.0"," "," 0.00","G","999.9","000000"
"71089099999","2019-10-23","52.5833333","-110.35","644.0","RIBSTONE SOUTH AGCM, CA","  35.1"," 8","  34.3"," 8","9999.9"," 0","999.9"," 0","999.9"," 0"," 10.0"," 8"," 17.1","999.9","  37.4","*","  33.6","*"," 0.20","G","999.9","000000"
"71089099999","2019-10-24","52.5833333","-110.35","644.0","RIBSTONE SOUTH AGCM, CA","  32.8"," 8","  29.0"," 8","9999.9"," 0","999.9"," 0","999.9"," 0","  9.4"," 8"," 14.0","999.9","  48.6","*","  25.9","*"," 0.00","G","999.9","000000"
"71089099999","2019-10-25","52.5833333","-110.35","644.0","RIBSTONE SOUTH AGCM, CA","  41.6"," 7","  35.5"," 7","9999.9"," 0","999.9"," 0","999.9"," 0","  6.6"," 7","  8.0","999.9","  54.0"," ","  25.2"," "," 0.00","G","999.9","000000"
"71089099999","2019-10-26","52.5833333","-110.35","644.0","RIBSTONE SOUTH AGCM, CA","  28.0"," 7","  23.8"," 7","9999.9"," 0","999.9"," 0","999.9"," 0"," 18.4"," 7"," 24.1","999.9","  33.8","*","  22.8","*"," 0.04","G","999.9","000000"
"71089099999","2019-10-27","52.5833333","-110.35","644.0","RIBSTONE SOUTH AGCM, CA","  20.0"," 8","  11.3"," 8","9999.9"," 0","999.9"," 0","999.9"," 0"," 12.4"," 8"," 17.1","999.9","  33.4"," ","  10.8"," "," 0.00","G","999.9","000000"
"71089099999","2019-10-28","52.5833333","-110.35","644.0","RIBSTONE SOUTH AGCM, CA","  20.4"," 8","  14.2"," 8","9999.9"," 0","999.9"," 0","999.9"," 0"," 15.4"," 8"," 21.0","999.9","  32.0"," ","  10.8"," "," 0.00","G","999.9","000000"
"71089099999","2019-10-29","52.5833333","-110.35","644.0","RIBSTONE SOUTH AGCM, CA","  16.4"," 8","   9.4"," 8","9999.9"," 0","999.9"," 0","999.9"," 0"," 13.1"," 8"," 17.1","999.9","  22.8"," ","  12.4"," "," 0.00","G","999.9","000000"
"71089099999","2019-10-30","52.5833333","-110.35","644.0","RIBSTONE SOUTH AGCM, CA","  15.9"," 8","   8.7"," 8","9999.9"," 0","999.9"," 0","999.9"," 0","  6.9"," 8"," 11.1","999.9","  36.7","*","   4.6","*"," 0.00","G","999.9","000000"
"71089099999","2019-10-31","52.5833333","-110.35","644.0","RIBSTONE SOUTH AGCM, CA","  37.6"," 8","  28.3"," 8","9999.9"," 0","999.9"," 0","999.9"," 0"," 11.7"," 8"," 17.1","999.9","  39.7","*","  35.1","*"," 0.00","G","999.9","000000"
"71089099999","2019-11-01","52.5833333","-110.35","644.0","RIBSTONE SOUTH AGCM, CA","  34.0"," 8","  29.1"," 8","9999.9"," 0","999.9"," 0","999.9"," 0"," 10.2"," 8"," 14.0","999.9","  43.3","*","  27.9","*"," 0.02","G","999.9","000000"
"71089099999","2019-11-02","52.5833333","-110.35","644.0","RIBSTONE SOUTH AGCM, CA","  35.1"," 8","  29.1"," 8","9999.9"," 0","999.9"," 0","999.9"," 0","  5.8"," 8","  7.0","999.9","  44.4"," ","  25.9"," "," 0.00","G","999.9","000000"
"71089099999","2019-11-03","52.5833333","-110.35","644.0","RIBSTONE SOUTH AGCM, CA","  33.2"," 8","  31.4"," 8","9999.9"," 0","999.9"," 0","999.9"," 0","  7.3"," 8"," 13.0","999.9","  42.1"," ","  31.3"," "," 0.02","G","999.9","000000"
"71089099999","2019-11-04","52.5833333","-110.35","644.0","RIBSTONE SOUTH AGCM, CA","  23.8"," 8","  17.7"," 8","9999.9"," 0","999.9"," 0","999.9"," 0","  4.0"," 8","  9.9","999.9","  35.1"," ","  18.5"," "," 0.00","G","999.9","000000"
"71089099999","2019-11-05","52.5833333","-110.35","644.0","RIBSTONE SOUTH AGCM, CA","  23.7"," 8","  19.2"," 8","9999.9"," 0","999.9"," 0","999.9"," 0","  7.5"," 8"," 14.0","999.9","  28.4"," ","  18.5"," "," 0.08","G","999.9","000000"
"71089099999","2019-11-06","52.5833333","-110.35","644.0","RIBSTONE SOUTH AGCM, CA","   7.0"," 8","   3.0"," 8","9999.9"," 0","999.9"," 0","999.9"," 0","  7.5"," 8"," 12.0","999.9","  25.9"," ","  -4.5"," "," 0.00","G","999.9","000000"
"71089099999","2019-11-07","52.5833333","-110.35","644.0","RIBSTONE SOUTH AGCM, CA","   8.5"," 6","   4.5"," 6","9999.9"," 0","999.9"," 0","999.9"," 0","  6.3"," 6"," 12.0","999.9","  24.4","*","  -4.0","*"," 0.00","G","999.9","000000"
"71089099999","2019-11-08","52.5833333","-110.35","644.0","RIBSTONE SOUTH AGCM, CA","  31.1"," 8","  26.5"," 8","9999.9"," 0","999.9"," 0","999.9"," 0","  5.9"," 8","  9.9","999.9","  43.9","*","  25.0","*"," 0.00","G","999.9","000000"
"71089099999","2019-11-09","52.5833333","-110.35","644.0","RIBSTONE SOUTH AGCM, CA","  25.1"," 8","  23.0"," 8","9999.9"," 0","999.9"," 0","999.9"," 0","  9.5"," 8"," 14.0","999.9","  43.9"," ","  14.5"," "," 0.16","G","999.9","000000"
"71089099999","2019-11-10","52.5833333","-110.35","644.0","RIBSTONE SOUTH AGCM, CA","   6.7"," 8","   3.1"," 8","9999.9"," 0","999.9"," 0","999.9"," 0","  7.1"," 8"," 11.1","999.9","  13.6","*","   1.4","*"," 0.05","G","999.9","000000"
"71089099999","2019-11-11","52.5833333","-110.35","644.0","RIBSTONE SOUTH AGCM, CA","  -5.0"," 8","  -8.8"," 8","9999.9"," 0","999.9"," 0","999.9"," 0","  6.9"," 8","  9.9","999.9","  11.8"," "," -14.4"," "," 0.00","G","999.9","000000"
"71089099999","2019-11-12","52.5833333","-110.35","644.0","RIBSTONE SOUTH AGCM, CA","  17.3"," 8","  12.8"," 8","9999.9"," 0","999.9"," 0","999.9"," 0","  5.1"," 8","  8.0","999.9","  29.3","*","   6.4","*"," 0.00","G","999.9","000000"
"71089099999","2019-11-13","52.5833333","-110.35","644.0","RIBSTONE SOUTH AGCM, CA","  29.8"," 8","  28.7"," 8","9999.9"," 0","999.9"," 0","999.9"," 0","  3.4"," 8","  5.1","999.9","  41.2","*","  26.1","*"," 0.02","G","999.9","000000"
"71089099999","2019-11-14","52.5833333","-110.35","644.0","RIBSTONE SOUTH AGCM, CA","  32.4"," 8","  30.2"," 8","9999.9"," 0","999.9"," 0","999.9"," 0","  6.9"," 8","  8.9","999.9","  41.4"," ","  23.4"," "," 0.00","G","999.9","000000"
"71089099999","2019-11-15","52.5833333","-110.35","644.0","RIBSTONE SOUTH AGCM, CA","  29.1"," 8","  29.0"," 8","9999.9"," 0","999.9"," 0","999.9"," 0","  8.6"," 8"," 12.0","999.9","  35.2"," ","  23.4"," "," 0.00","G","999.9","000000"
"71089099999","2019-11-16","52.5833333","-110.35","644.0","RIBSTONE SOUTH AGCM, CA","  34.3"," 8","  33.1"," 8","9999.9"," 0","999.9"," 0","999.9"," 0","  8.3"," 8"," 13.0","999.9","  39.6","*","  30.6","*"," 0.05","G","999.9","000000"
"71089099999","2019-11-17","52.5833333","-110.35","644.0","RIBSTONE SOUTH AGCM, CA","  33.4"," 8","  30.9"," 8","9999.9"," 0","999.9"," 0","999.9"," 0","  7.2"," 8","  9.9","999.9","  43.9","*","  29.3","*"," 0.00","G","999.9","000000"
"71089099999","2019-11-18","52.5833333","-110.35","644.0","RIBSTONE SOUTH AGCM, CA","  43.0"," 8","  33.0"," 8","9999.9"," 0","999.9"," 0","999.9"," 0"," 13.2"," 8"," 22.0","999.9","  48.4"," ","  30.4"," "," 0.00","G","999.9","000000"
"71089099999","2019-11-19","52.5833333","-110.35","644.0","RIBSTONE SOUTH AGCM, CA","  30.3"," 8","  27.9"," 8","9999.9"," 0","999.9"," 0","999.9"," 0","  5.7"," 8","  8.9","999.9","  46.8"," ","  24.1"," "," 0.02","G","999.9","000000"
"71089099999","2019-11-20","52.5833333","-110.35","644.0","RIBSTONE SOUTH AGCM, CA","  28.1"," 8","  27.1"," 8","9999.9"," 0","999.9"," 0","999.9"," 0","  5.3"," 8","  8.0","999.9","  35.2"," ","  24.1"," "," 0.00","G","999.9","000000"
"71089099999","2019-11-21","52.5833333","-110.35","644.0","RIBSTONE SOUTH AGCM, CA","  27.6"," 8","  24.4"," 8","9999.9"," 0","999.9"," 0","999.9"," 0","  8.6"," 8","  9.9","999.9","  39.0","*","  21.7","*"," 0.00","G","999.9","000000"
"71089099999","2019-11-22","52.5833333","-110.35","644.0","RIBSTONE SOUTH AGCM, CA","  30.2"," 8","  24.7"," 8","9999.9"," 0","999.9"," 0","999.9"," 0","  7.7"," 8"," 13.0","999.9","  46.4","*","  23.4","*"," 0.00","G","999.9","000000"
"71089099999","2019-11-23","52.5833333","-110.35","644.0","RIBSTONE SOUTH AGCM, CA","  42.0"," 8","  28.2"," 8","9999.9"," 0","999.9"," 0","999.9"," 0","  9.7"," 8"," 15.9","999.9","  51.1","*","  32.4","*"," 0.00","G","999.9","000000"
"71089099999","2019-11-24","52.5833333","-110.35","644.0","RIBSTONE SOUTH AGCM, CA","  33.6"," 8","  30.0"," 8","9999.9"," 0","999.9"," 0","999.9"," 0","  6.9"," 8"," 13.0","999.9","  36.3","*","  27.7","*"," 0.00","G","999.9","000000"
"71089099999","2019-11-25","52.5833333","-110.35","644.0","RIBSTONE SOUTH AGCM, CA","  30.1"," 8","  28.5"," 8","9999.9"," 0","999.9"," 0","999.9"," 0"," 11.3"," 8"," 14.0","999.9","  36.9"," ","  26.1"," "," 0.00","G","999.9","000000"
"71089099999","2019-11-26","52.5833333","-110.35","644.0","RIBSTONE SOUTH AGCM, CA","  22.7"," 8","  20.8"," 8","9999.9"," 0","999.9"," 0","999.9"," 0","  8.3"," 8","  9.9","999.9","  34.9"," ","  19.2"," "," 0.00","G","999.9","000000"
"71089099999","2019-11-27","52.5833333","-110.35","644.0","RIBSTONE SOUTH AGCM, CA","  12.2"," 8","   9.3"," 8","9999.9"," 0","999.9"," 0","999.9"," 0","  5.3"," 8","  7.0","999.9","  23.5"," ","   4.3"," "," 0.00","G","999.9","000000"
"71089099999","2019-11-28","52.5833333","-110.35","644.0","RIBSTONE SOUTH AGCM, CA","  13.3"," 8","  11.4"," 8","9999.9"," 0","999.9"," 0","999.9"," 0","  5.9"," 8"," 14.0","999.9","  21.2"," ","   4.3"," "," 0.00","G","999.9","000000"
"71089099999","2019-11-29","52.5833333","-110.35","644.0","RIBSTONE SOUTH AGCM, CA","  15.6"," 8","  14.2"," 8","9999.9"," 0","999.9"," 0","999.9"," 0","  5.0"," 8","  9.9","999.9","  24.4"," ","   7.3"," "," 0.06","G","999.9","000000"
"71089099999","2019-11-30","52.5833333","-110.35","644.0","RIBSTONE SOUTH AGCM, CA","  13.8"," 8","  11.7"," 8","9999.9"," 0","999.9"," 0","999.9"," 0","  3.6"," 8","  8.9","999.9","  18.7"," ","  11.1"," "," 0.00","G","999.9","000000"
"71089099999","2019-12-01","52.5833333","-110.35","644.0","RIBSTONE SOUTH AGCM, CA","  13.8"," 8","  12.3"," 8","9999.9"," 0","999.9"," 0","999.9"," 0","  6.8"," 8"," 13.0","999.9","  18.3","*","   3.9","*"," 0.02","G","999.9","000000"
"71089099999","2019-12-02","52.5833333","-110.35","644.0","RIBSTONE SOUTH AGCM, CA","  16.7"," 8","  11.5"," 8","9999.9"," 0","999.9"," 0","999.9"," 0","  5.1"," 8","  8.0","999.9","  31.6","*","   3.0","*"," 0.00","G","999.9","000000"
"71089099999","2019-12-03","52.5833333","-110.35","644.0","RIBSTONE SOUTH AGCM, CA","  33.0"," 8","  20.7"," 8","9999.9"," 0","999.9"," 0","999.9"," 0","  9.2"," 8"," 12.0","999.9","  41.5","*","  26.4","*"," 0.00","G","999.9","000000"
"71089099999","2019-12-04","52.5833333","-110.35","644.0","RIBSTONE SOUTH AGCM, CA","  26.2"," 8","  22.4"," 8","9999.9"," 0","999.9"," 0","999.9"," 0","  5.2"," 8","  8.9","999.9","  42.6"," ","  14.0"," "," 0.00","G","999.9","000000"
"71089099999","2019-12-05","52.5833333","-110.35","644.0","RIBSTONE SOUTH AGCM, CA","  23.7"," 8","  21.6"," 8","9999.9"," 0","999.9"," 0","999.9"," 0","  4.6"," 8","  8.9","999.9","  33.4"," ","  14.0"," "," 0.00","G","999.9","000000"
"71089099999","2019-12-06","52.5833333","-110.35","644.0","RIBSTONE SOUTH AGCM, CA","  18.1"," 8","  17.8"," 8","9999.9"," 0","999.9"," 0","999.9"," 0","  4.3"," 8","  8.9","999.9","  27.9"," ","  14.2"," "," 0.00","G","999.9","000000"
"71089099999","2019-12-07","52.5833333","-110.35","644.0","RIBSTONE SOUTH AGCM, CA","  18.5"," 8","  17.8"," 8","9999.9"," 0","999.9"," 0","999.9"," 0","  5.1"," 8"," 12.0","999.9","  24.8"," ","   9.9"," "," 0.00","G","999.9","000000"
"71089099999","2019-12-08","52.5833333","-110.35","644.0","RIBSTONE SOUTH AGCM, CA","   4.5"," 8","   0.0"," 8","9999.9"," 0","999.9"," 0","999.9"," 0","  6.1"," 8"," 12.0","999.9","  21.4"," ","  -9.0"," "," 0.02","G","999.9","000000"
"71089099999","2019-12-09","52.5833333","-110.35","644.0","RIBSTONE SOUTH AGCM, CA","  11.2"," 8","   5.0"," 8","9999.9"," 0","999.9"," 0","999.9"," 0"," 11.5"," 8"," 17.1","999.9","  14.5","*","   7.0","*"," 0.00","G","999.9","000000"
"71089099999","2019-12-10","52.5833333","-110.35","644.0","RIBSTONE SOUTH AGCM, CA","  -2.0"," 8","  -5.2"," 8","9999.9"," 0","999.9"," 0","999.9"," 0","  4.1"," 8","  8.0","999.9","  17.8"," "," -11.4"," "," 0.00","G","999.9","000000"
"71089099999","2019-12-11","52.5833333","-110.35","644.0","RIBSTONE SOUTH AGCM, CA","  -0.3"," 8","  -4.9"," 8","9999.9"," 0","999.9"," 0","999.9"," 0","  6.8"," 8","  8.0","999.9","   5.5"," ","  -9.6"," "," 0.00","G","999.9","000000"
"71089099999","2019-12-12","52.5833333","-110.35","644.0","RIBSTONE SOUTH AGCM, CA","   3.0"," 8","  -0.4"," 8","9999.9"," 0","999.9"," 0","999.9"," 0","  6.9"," 8","  8.9","999.9","   8.4","*","  -1.1","*"," 0.02","G","999.9","000000"
"71089099999","2019-12-13","52.5833333","-110.35","644.0","RIBSTONE SOUTH AGCM, CA","  -0.8"," 8","  -3.2"," 8","9999.9"," 0","999.9"," 0","999.9"," 0","  5.2"," 8","  9.9","999.9","   9.5"," ","  -8.5"," "," 0.02","G","999.9","000000"
"71089099999","2019-12-14","52.5833333","-110.35","644.0","RIBSTONE SOUTH AGCM, CA","   1.3"," 8","  -1.5"," 8","9999.9"," 0","999.9"," 0","999.9"," 0","  5.6"," 8","  8.0","999.9","  10.0","*","  -3.5","*"," 0.04","G","999.9","000000"
"71089099999","2019-12-15","52.5833333","-110.35","644.0","RIBSTONE SOUTH AGCM, CA","  11.5"," 8","   9.2"," 8","9999.9"," 0","999.9"," 0","999.9"," 0","  8.3"," 8"," 13.0","999.9","  17.4","*","  -1.8","*"," 0.00","G","999.9","000000"
"71089099999","2019-12-16","52.5833333","-110.35","644.0","RIBSTONE SOUTH AGCM, CA","  21.0"," 8","  15.6"," 8","9999.9"," 0","999.9"," 0","999.9"," 0","  8.9"," 8"," 12.0","999.9","  23.4","*","  18.3","*"," 0.00","G","999.9","000000"
"71089099999","2019-12-17","52.5833333","-110.35","644.0","RIBSTONE SOUTH AGCM, CA","  17.2"," 8","  14.0"," 8","9999.9"," 0","999.9"," 0","999.9"," 0","  5.1"," 8","  8.0","999.9","  25.2","*","  10.2","*"," 0.00","G","999.9","000000"
"71089099999","2019-12-18","52.5833333","-110.35","644.0","RIBSTONE SOUTH AGCM, CA","  30.9"," 8","  24.3"," 8","9999.9"," 0","999.9"," 0","999.9"," 0","  6.6"," 8","  8.9","999.9","  34.0","*","  26.1","*"," 0.00","G","999.9","000000"
"71089099999","2019-12-19","52.5833333","-110.35","644.0","RIBSTONE SOUTH AGCM, CA","  18.3"," 8","  14.8"," 8","9999.9"," 0","999.9"," 0","999.9"," 0","  7.0"," 8"," 12.0","999.9","  36.1"," ","  12.0"," "," 0.00","G","999.9","000000"
"71089099999","2019-12-20","52.5833333","-110.35","644.0","RIBSTONE SOUTH AGCM, CA","  15.1"," 8","  13.2"," 8","9999.9"," 0","999.9"," 0","999.9"," 0","  4.7"," 8","  7.0","999.9","  32.7","*","   3.2","*"," 0.04","G","999.9","000000"
"71089099999","2019-12-21","52.5833333","-110.35","644.0","RIBSTONE SOUTH AGCM, CA","  24.1"," 8","  21.7"," 8","9999.9"," 0","999.9"," 0","999.9"," 0","  3.7"," 8","  8.0","999.9","  28.0","*","  20.5","*"," 0.00","G","999.9","000000"
"71089099999","2019-12-22","52.5833333","-110.35","644.0","RIBSTONE SOUTH AGCM, CA","  21.5"," 8","  21.5"," 8","9999.9"," 0","999.9"," 0","999.9"," 0","  6.0"," 8","  9.9","999.9","  27.3"," ","  15.3"," "," 0.00","G","999.9","000000"
"71089099999","2019-12-23","52.5833333","-110.35","644.0","RIBSTONE SOUTH AGCM, CA","  21.4"," 8","  21.4"," 8","9999.9"," 0","999.9"," 0","999.9"," 0","  3.9"," 8","  7.0","999.9","  25.2"," ","  18.7"," "," 0.02","G","999.9","000000"
"71089099999","2019-12-24","52.5833333","-110.35","644.0","RIBSTONE SOUTH AGCM, CA","  19.1"," 8","  19.1"," 8","9999.9"," 0","999.9"," 0","999.9"," 0","  4.4"," 8","  8.0","999.9","  24.8"," ","  13.8"," "," 0.00","G","999.9","000000"
"71089099999","2019-12-25","52.5833333","-110.35","644.0","RIBSTONE SOUTH AGCM, CA","  22.0"," 8","  22.0"," 8","9999.9"," 0","999.9"," 0","999.9"," 0","  4.7"," 8","  8.9","999.9","  24.1"," ","  13.8"," "," 0.05","G","999.9","000000"
"71089099999","2019-12-26","52.5833333","-110.35","644.0","RIBSTONE SOUTH AGCM, CA","  15.1"," 8","   9.3"," 8","9999.9"," 0","999.9"," 0","999.9"," 0","  8.7"," 8"," 11.1","999.9","  24.3"," ","   7.3"," "," 0.00","G","999.9","000000"
"71089099999","2019-12-27","52.5833333","-110.35","644.0","RIBSTONE SOUTH AGCM, CA","   7.9"," 8","   3.4"," 8","9999.9"," 0","999.9"," 0","999.9"," 0","  4.4"," 8","  7.0","999.9","  27.0","*","   0.0","*"," 0.00","G","999.9","000000"
"71089099999","2019-12-28","52.5833333","-110.35","644.0","RIBSTONE SOUTH AGCM, CA","  20.2"," 8","  13.6"," 8","9999.9"," 0","999.9"," 0","999.9"," 0","  8.5"," 8"," 11.1","999.9","  24.8","*","  13.5","*"," 0.00","G","999.9","000000"
"71089099999","2019-12-29","52.5833333","-110.35","644.0","RIBSTONE SOUTH AGCM, CA","  12.8"," 8","   9.7"," 8","9999.9"," 0","999.9"," 0","999.9"," 0","  6.1"," 8","  8.0","999.9","  25.5","*","   5.0","*"," 0.00","G","999.9","000000"
"71089099999","2019-12-30","52.5833333","-110.35","644.0","RIBSTONE SOUTH AGCM, CA","  11.4"," 8","   9.6"," 8","9999.9"," 0","999.9"," 0","999.9"," 0","  4.2"," 8","  8.0","999.9","  26.1"," ","   1.0"," "," 0.00","G","999.9","000000"
"71089099999","2019-12-31","52.5833333","-110.35","644.0","RIBSTONE SOUTH AGCM, CA","  21.2"," 8","  17.6"," 8","9999.9"," 0","999.9"," 0","999.9"," 0","  5.0"," 8","  7.0","999.9","  37.0","*","  14.9","*"," 0.00","G","999.9","000000"
